author,date,address,bank,rating,review_title_by_user,review,bank_image,rating_title_by_user,useful_count,clean_review,review_length,sentiment
AMRENDRA  T,2020-03-21,New delhi,SBI,4.0,"""Best saving""","State Bank Of India is located nearby in our area so i open my saving account from that bank ,customer service was good, I got my bank statement on time the bank agent informed me every details required. It is very easy and convenience for money deposits.",https://static.bankbazaar.com/images/common/bank-logo/sbi-4.png,Great!,133,state bank of india is located nearby in our area so i open my saving account from that bank customer service was good i got my bank statement on time the bank agent informed me every details required it is very easy and convenience for money deposits,47,Satisfied
BISHWA,2020-03-20,Kolkata,SBI,5.0,"""Good service""","I have my salary account in SBI, when I applied for the card I got my statement on time. I am very much satisfied with the the account. Net banking is also functioning smooth and convenient for me. There are some offer in the cards which was good.",https://static.bankbazaar.com/images/common/bank-logo/sbi-4.png,Blown Away!,89,i have my salary account in sbi when i applied for the card i got my statement on time i am very much satisfied with the the account net banking is also functioning smooth and convenient for me there are some offer in the cards which was good,48,Satisfied
SANTOSH,2020-03-20,Hooghly,Axis Bank,5.0,"""Excellent Service""",I am using Axis bank saving account for the  past 3years .Each transaction will be safe and always secure .I am using net banking as well mobile banking service it is used for money transfer and recharge only.There was no difficulties faced so far on using this saving account.,https://static.bankbazaar.com/images/common/bank-logo/axis.png,Blown Away!,48,i am using axis bank saving account for the past 3years each transaction will be safe and always secure i am using net banking as well mobile banking service it is used for money transfer and recharge onlythere was no difficulties faced so far on using this saving account,49,Satisfied
MAHADEV,2020-03-20,Pune,HDFC Bank,5.0,"""Excellent service""","I have my salary bank account in HDFC bank for many years, I got my bank statement on time.This bank is available in most of the areas so its very convenience for deposits and update of passbook. I have no issues with the customer support and its been good experience.",https://static.bankbazaar.com/images/common/bank-logo/hdfc.png,Blown Away!,52,i have my salary bank account in hdfc bank for many years i got my bank statement on timethis bank is available in most of the areas so its very convenience for deposits and update of passbook i have no issues with the customer support and its been good experience,50,Satisfied
R,2020-03-20,Bangalore,Unknown,5.0,"""Good account""","Close to around 10 years, I am holding this Corporation Bank  savings account The most interesting part about this account I can easily transact and I can withdraw money from anywhere without any charges. ATM and their branches are near to my residence.",https://static.bankbazaar.com/images/common/bank-logo/ALL_BANKS.png,Blown Away!,22,close to around 10 years i am holding this corporation bank savings account the most interesting part about this account i can easily transact and i can withdraw money from anywhere without any charges atm and their branches are near to my residence,43,Satisfied
MD,2020-03-20,Hyderabad,IDBI,5.0,"""Good """,I am not getting an alert message from IDBI bank whenever I do a transaction from their end to check the account balance details. I use to visit branch and get good response from their end. I am holding a saving account for the past 6 years and its a zero balance account.,https://static.bankbazaar.com/images/common/bank-logo/idbi.png,Blown Away!,37,i am not getting an alert message from idbi bank whenever i do a transaction from their end to check the account balance details i use to visit branch and get good response from their end i am holding a saving account for the past 6 years and its a zero balance account,53,Satisfied
DINESH K V,2020-03-20,Bangalore,SBI,4.0,"""Good account""","I am using savings account from SBI more than 4 years. If i don't keep any balance, they are deducting some amount so i am  keep on  maintaining the amount. I am doing all transactions and EMI transfer I am using this account only. Customer service was okay.",https://static.bankbazaar.com/images/common/bank-logo/sbi-4.png,Great!,52,i am using savings account from sbi more than 4 years if i dont keep any balance they are deducting some amount so i am keep on maintaining the amount i am doing all transactions and emi transfer i am using this account only customer service was okay,48,Satisfied
D,2020-03-20,Bangalore,Kotak,5.0,"""Good service""","Its been 2 years, i am using Kotak Bank savings account and its really super service, thats why still i have not contacted with the customer service . I went through online and i have mentioned my details to open this  account and its a zero balance account. They haven't charged a debit card fees,  onces i lost my debit card just 2 days i received.",https://static.bankbazaar.com/images/common/bank-logo/kotak.png,Blown Away!,44,its been 2 years i am using kotak bank savings account and its really super service thats why still i have not contacted with the customer service i went through online and i have mentioned my details to open this account and its a zero balance account they havent charged a debit card fees onces i lost my debit card just 2 days i received,65,Satisfied
N,2020-03-20,New delhi,HDFC Bank,5.0,"""Good""","Since 2002, I am maintain my savings account from HDFC Bank. This is salary comes saving account, no need to maintain minimum balance. I am getting offer messages for loan offer and i never spoke to customer care. For cash withdrawal, shopping and all i use to get instant message.",https://static.bankbazaar.com/images/common/bank-logo/hdfc.png,Blown Away!,35,since 2002 i am maintain my savings account from hdfc bank this is salary comes saving account no need to maintain minimum balance i am getting offer messages for loan offer and i never spoke to customer care for cash withdrawal shopping and all i use to get instant message,50,Satisfied
U,2020-03-19,Bangalore,Axis Bank,5.0,"""Good ""","An executive has made to open an account with AXIS, so I have been using this account last 2 months before only. There is no ATM but it will not be charge for other ATM transaction. There is no much branches are avail in my city. So far I didn't faced any fraudulent issue.",https://static.bankbazaar.com/images/common/bank-logo/axis.png,Blown Away!,29,an executive has made to open an account with axis so i have been using this account last 2 months before only there is no atm but it will not be charge for other atm transaction there is no much branches are avail in my city so far i didnt faced any fraudulent issue,54,Satisfied
UN,2020-03-19,Bangalore,Kotak,5.0,"""Good """,I came to know that there is trial of 0% charge to open a saving account with KOTAK which is 811 app saving account. In which all the process was done through online. I maintain this account more than 2 years. No need to maintain a minimum balance. I have not done much transaction in this account.,https://static.bankbazaar.com/images/common/bank-logo/kotak.png,Blown Away!,28,i came to know that there is trial of 0 charge to open a saving account with kotak which is 811 app saving account in which all the process was done through online i maintain this account more than 2 years no need to maintain a minimum balance i have not done much transaction in this account,57,Satisfied
AK,2020-03-19,Bangalore,SBI,5.0,"""Great""","My mother has suggested SBI to open a saving account with them. Since she is govt employee, know all benefits and details. Hence I am having an account with them past 7 years. Need to maintain a minimum balance of 3K. ATM and branches are near. I use to get all details and update from bank.",https://static.bankbazaar.com/images/common/bank-logo/sbi-4.png,Blown Away!,43,my mother has suggested sbi to open a saving account with them since she is govt employee know all benefits and details hence i am having an account with them past 7 years need to maintain a minimum balance of 3k atm and branches are near i use to get all details and update from bank,56,Satisfied
HI,2020-03-19,Bangalore,HDFC Bank,5.0,"""Great bank """,I am using HDFC saving account for more than 5 years. When I joined my previous company they made me to open a salary account with this bank. Later I resigned that job so now converted to saving account. Need to maintain a minimum balance of 10K its kind high if not maintain an amount charges are final. I get calls from banker if they provide any offers  for other products.,https://static.bankbazaar.com/images/common/bank-logo/hdfc.png,Blown Away!,26,i am using hdfc saving account for more than 5 years when i joined my previous company they made me to open a salary account with this bank later i resigned that job so now converted to saving account need to maintain a minimum balance of 10k its kind high if not maintain an amount charges are final i get calls from banker if they provide any offers for other products,71,Satisfied
VIGNESH,2020-03-19,Chennai,Unknown,3.0,"""Need to improve their service""","Indian Bank cash deposit machine is not convenient to use and i am using this saving account more than 10 years. The customer service is need to improve and I am keeping minimum balance of Rs. 500. Their net banking facility is okay, I went to the branch for the cash deposit and the response is okay.",https://static.bankbazaar.com/images/common/bank-logo/ALL_BANKS.png,Satisfactory,30,indian bank cash deposit machine is not convenient to use and i am using this saving account more than 10 years the customer service is need to improve and i am keeping minimum balance of rs 500 their net banking facility is okay i went to the branch for the cash deposit and the response is okay,57,Average
V,2020-03-19,Chennai,SBI,4.0,"""Need to improve in service""","SBI has best Internet banking and its very fast and easy to access any one. I am using this savings account more than 10 years,  if i withdrawal cash more than 5 time no charges. Mostly i am not taking cash at ATM.  I am doing more transcation, so no need to maintain minimum balance and getting immediate response from customer service Bank employees attitude must be change.",https://static.bankbazaar.com/images/common/bank-logo/sbi-4.png,Great!,41,sbi has best internet banking and its very fast and easy to access any one i am using this savings account more than 10 years if i withdrawal cash more than 5 time no charges mostly i am not taking cash at atm i am doing more transcation so no need to maintain minimum balance and getting immediate response from customer service bank employees attitude must be change,68,Satisfied
KA,2020-03-19,Hyderabad,Unknown,4.0,"""Need to improve customer service ""","YES bank service is good, I have been holding saving  account for more than 4 years  but  past two years I am not using  this account , because I forget net banking details if I contact the customer care there is no response so stop using this account itself. ATM and branches services are good.  I use to get alert message on time.",https://static.bankbazaar.com/images/common/bank-logo/ALL_BANKS.png,Great!,21,yes bank service is good i have been holding saving account for more than 4 years but past two years i am not using this account because i forget net banking details if i contact the customer care there is no response so stop using this account itself atm and branches services are good i use to get alert message on time,62,Satisfied
NAR,2020-03-19,Hyderabad,Axis Bank,4.5,"""Good service""",I am holding a salary account with AXIS bank past  2.5 years. I got an immediate alert message on time. I am using mobile app and net banking both are user friendly to access. I need to pay 500 rupees around  for SMS charge and account service on yearly basis.,https://static.bankbazaar.com/images/common/bank-logo/axis.png,Excellent!,29,i am holding a salary account with axis bank past 25 years i got an immediate alert message on time i am using mobile app and net banking both are user friendly to access i need to pay 500 rupees around for sms charge and account service on yearly basis,50,Satisfied
,2020-03-19,Hyderabad,SBI,4.0,"""Need to improve service """,I am using saving account from SBI almost 7-8 years.  Minimum amount need to maintain of 1-5K on monthly basis.  I get only OTP number on time but once the amount debited or credited I wont get any message from their end. I am using  net banking and it is good to access.  There is some charge of 500 rupees on yearly need to pay.,https://static.bankbazaar.com/images/common/bank-logo/sbi-4.png,Great!,34,i am using saving account from sbi almost 78 years minimum amount need to maintain of 15k on monthly basis i get only otp number on time but once the amount debited or credited i wont get any message from their end i am using net banking and it is good to access there is some charge of 500 rupees on yearly need to pay,65,Satisfied
SHAIK  MAQSOOD,2020-03-19,Hyderabad,Unknown,3.0,"""Good""","Since 14 years, I am using Oriental Bank savings account and this branch is located very far. ATM service is near and i am keeping minimum balance of Rs. 2500 customer service and this bank app is really good. Instantly I am getting messages from bank.",https://static.bankbazaar.com/images/common/bank-logo/ALL_BANKS.png,Satisfactory,15,since 14 years i am using oriental bank savings account and this branch is located very far atm service is near and i am keeping minimum balance of rs 2500 customer service and this bank app is really good instantly i am getting messages from bank,46,Average
R  PRASANNA,2020-03-19,Chennai,HDFC Bank,4.0,"""Best  Service""",I have Hdfc bank salary account for the past 3 to 4 years . I am using mobile  banking service is used for all transactions and money transfer .If contact customer service for any query then wil be getting good response .I am satisfied with the overall banking service .,https://static.bankbazaar.com/images/common/bank-logo/hdfc.png,Great!,24,i have hdfc bank salary account for the past 3 to 4 years i am using mobile banking service is used for all transactions and money transfer if contact customer service for any query then wil be getting good response i am satisfied with the overall banking service,48,Satisfied
MUN,2020-03-19,Hyderabad,SBI,5.0,"""Need to provide more offers""","I maintain salary cum saving account with SBI. On 2015, my company has suggested to opened an account. Need to maintain a minimum balance of 3K. There is no hidden charge. On quarter basis SMS charge is applicable of 12 - 15 rupees. ATM charges are applicable if I cross more than 5 times in a month of 40 rupees.",https://static.bankbazaar.com/images/common/bank-logo/sbi-4.png,Blown Away!,17,i maintain salary cum saving account with sbi on 2015 my company has suggested to opened an account need to maintain a minimum balance of 3k there is no hidden charge on quarter basis sms charge is applicable of 12 15 rupees atm charges are applicable if i cross more than 5 times in a month of 40 rupees,59,Satisfied
R,2020-03-19,Bangalore,Unknown,5.0,"""Good bank """,Standard Chartered Bank has a very good app and i am using this account more than 9 years. This is a salary comes savings account so need to maintain minimum balance and the customer service is very very good.  I am continuously getting offer messages from bank.,https://static.bankbazaar.com/images/common/bank-logo/ALL_BANKS.png,Blown Away!,23,standard chartered bank has a very good app and i am using this account more than 9 years this is a salary comes savings account so need to maintain minimum balance and the customer service is very very good i am continuously getting offer messages from bank,47,Satisfied
JHA,2020-03-18,Darbhanga,IndusInd Bank,4.0,"""Good saving account """,I maintain a saving account with INDUSIND for the past 1 year. I no need to maintain a minimum balance account. Since my friend is working as a executive and he has recommend to open an account with them. Hence I chosen it. I use this account for the transaction. I use to get offers message from their end.,https://static.bankbazaar.com/images/common/bank-logo/indusind.png,Great!,20,i maintain a saving account with indusind for the past 1 year i no need to maintain a minimum balance account since my friend is working as a executive and he has recommend to open an account with them hence i chosen it i use this account for the transaction i use to get offers message from their end,59,Satisfied
RA,2020-03-18,Darbhanga,Axis Bank,4.5,"""Good card """,AXIS has given an option to maintain a account with them and I am holding for past 12 years. On yearly basis charge is applicable of 15 to 30 rupees and it will be reflecting in statement as well. ATM and branch services are good. Whenever they provide offers I use to get by message.,https://static.bankbazaar.com/images/common/bank-logo/axis.png,Excellent!,9,axis has given an option to maintain a account with them and i am holding for past 12 years on yearly basis charge is applicable of 15 to 30 rupees and it will be reflecting in statement as well atm and branch services are good whenever they provide offers i use to get by message,55,Satisfied
AY,2020-03-18,Jaipur,SBI,4.0,"""Apart private bank, atleast we should have SBI account ""","Since 11 years, i am using this SBI account which am very convenient. I received an offer for a zero balance account and the ATM facilities are near. The customer service was good . Even the responses are proper at the branch and am okay with the interest rate too.",https://static.bankbazaar.com/images/common/bank-logo/sbi-4.png,Great!,15,since 11 years i am using this sbi account which am very convenient i received an offer for a zero balance account and the atm facilities are near the customer service was good even the responses are proper at the branch and am okay with the interest rate too,49,Satisfied
AKSHAY  JAIN,2020-03-18,Jaipur,HDFC Bank,4.0,"""Good account ""","I am holding salary account with HDFC Bank for the past 7-8 months . Since its this a salary account, no need to maintain a minimum balance amount. I am not using atm since i have paytm service  and mobile app which are quite easy to access. When ever, i log into it am getting a blank screen that need to be changed. The customer service is  good and responding properly.",https://static.bankbazaar.com/images/common/bank-logo/hdfc.png,Great!,9,i am holding salary account with hdfc bank for the past 78 months since its this a salary account no need to maintain a minimum balance amount i am not using atm since i have paytm service and mobile app which are quite easy to access when ever i log into it am getting a blank screen that need to be changed the customer service is good and responding properly,70,Satisfied
AK,2020-03-18,Jaipur,Kotak,5.0,"""Its a good account """,I have opened my savings account from Kotak Mahindra bank more than 2.5 years and am making all transaction through this bank account. They have provided me a zero balance account.  I can find their branch's in all the places. They are not taking any kind of hidden charges.,https://static.bankbazaar.com/images/common/bank-logo/kotak.png,Blown Away!,17,i have opened my savings account from kotak mahindra bank more than 25 years and am making all transaction through this bank account they have provided me a zero balance account i can find their branchs in all the places they are not taking any kind of hidden charges,49,Satisfied
K,2020-03-18,Chennai,HDFC Bank,5.0,"""Best savings account""",My salary account is maintained with HDFC Bank for nearly 10 years and till now there was no issues. Its a friendly bank according to my experience. I am using the online service which is very good. Their customer service was good but fixed deposit interest rates was less.,https://static.bankbazaar.com/images/common/bank-logo/hdfc.png,Blown Away!,9,my salary account is maintained with hdfc bank for nearly 10 years and till now there was no issues its a friendly bank according to my experience i am using the online service which is very good their customer service was good but fixed deposit interest rates was less,49,Satisfied
ANONYMOUS,2020-03-18,Bangalore,SBI,3.0,"""Need to decrease interest charge""","I have been using saving account with SBI for the past 7 years. I have visited the branch to open an account, but their service is not much satisfied. I need to maintain a minimum balance of 2K on monthly basis if not charges are applicable which is high. There is some hidden charge, they use to detect some amount on quarterly.",https://static.bankbazaar.com/images/common/bank-logo/sbi-4.png,Satisfactory,13,i have been using saving account with sbi for the past 7 years i have visited the branch to open an account but their service is not much satisfied i need to maintain a minimum balance of 2k on monthly basis if not charges are applicable which is high there is some hidden charge they use to detect some amount on quarterly,62,Average
V,2020-03-18,Hyderabad,Unknown,5.0,"""Best account""",I am doing all my transactions with Indian bank and this branch is near to my residence. I am keeping minimum balance of Rs. 1000 and i have not faced any issues till now. Indian Bank has a very good customer service and this savings account has a normal rate of interest.,https://static.bankbazaar.com/images/common/bank-logo/ALL_BANKS.png,Blown Away!,13,i am doing all my transactions with indian bank and this branch is near to my residence i am keeping minimum balance of rs 1000 and i have not faced any issues till now indian bank has a very good customer service and this savings account has a normal rate of interest,52,Satisfied
V,2020-03-18,Hyderabad,SBI,4.0,"""Good ""","I am maintaining my savings account with SBI, i have been using more than 10 years. This is only savings account, so i need to maintain minimum balance of Rs. 1000 for cash withdrawal, shopping i am receiving alert message and this bank has a very good app. I didn't interact with the customer service till date. Rest all good with this bank.",https://static.bankbazaar.com/images/common/bank-logo/sbi-4.png,Great!,11,i am maintaining my savings account with sbi i have been using more than 10 years this is only savings account so i need to maintain minimum balance of rs 1000 for cash withdrawal shopping i am receiving alert message and this bank has a very good app i didnt interact with the customer service till date rest all good with this bank,63,Satisfied
ANONYMOUS,2020-03-18,Bangalore,HDFC Bank,5.0,"""Need to provide other product offer """,I use to get my salary from HDFC bank because my company has given an option only from this bank. I am using this account past 5 years. So far I haven't faced any additional or hidden charge. No need to maintain a minimum balance account. ATM charges are applicable if I done a transactions  more than 5 times in a month.  I would suggest to provide more product offer.,https://static.bankbazaar.com/images/common/bank-logo/hdfc.png,Blown Away!,10,i use to get my salary from hdfc bank because my company has given an option only from this bank i am using this account past 5 years so far i havent faced any additional or hidden charge no need to maintain a minimum balance account atm charges are applicable if i done a transactions more than 5 times in a month i would suggest to provide more product offer,70,Satisfied
SHAN,2020-03-17,Chennai,Kotak,4.0,"""Good """,I maintain my savings account  with KOTAK bank for more than 2 years. There is no hidden charges in this bank. When I visit online at that time I came to know this bank has offered a zero balance account so I chosen it. I am not getting any offers message from bank end.,https://static.bankbazaar.com/images/common/bank-logo/kotak.png,Great!,17,i maintain my savings account with kotak bank for more than 2 years there is no hidden charges in this bank when i visit online at that time i came to know this bank has offered a zero balance account so i chosen it i am not getting any offers message from bank end,54,Satisfied
HAM,2020-03-17,Chennai,Unknown,4.0,"""Good """,I am holding a saving account with INDIAN BANK for more than 5 years. For my personal need I had opened an account with this bank but the branch is not near to reach them. I need to maintain a minimum balance of 500 rupees. I use to get an alert messages from bank whenever I do a transactions but not getting any offer message.,https://static.bankbazaar.com/images/common/bank-logo/ALL_BANKS.png,Great!,14,i am holding a saving account with indian bank for more than 5 years for my personal need i had opened an account with this bank but the branch is not near to reach them i need to maintain a minimum balance of 500 rupees i use to get an alert messages from bank whenever i do a transactions but not getting any offer message,65,Satisfied
MUGAN,2020-03-17,Chennai,Unknown,4.0,"""Good account """,My company has given an option to open a salary account  with STANDARD CHARTERED BANK and I maintain this account just 8 months. It is a  zero balance account. I am using mobile app and it is user friendly to access. Branches are bit far away from my place to reach them. I am not getting any offers message.,https://static.bankbazaar.com/images/common/bank-logo/ALL_BANKS.png,Great!,15,my company has given an option to open a salary account with standard chartered bank and i maintain this account just 8 months it is a zero balance account i am using mobile app and it is user friendly to access branches are bit far away from my place to reach them i am not getting any offers message,59,Satisfied
GA,2020-03-17,Bangalore,SBI,4.0,"""Good account """,Past 9 years I maintain my saving account with SBI. The branch and ATM services are fine. Whenever contact the customer service is good and responsive. I use to get offer message from their end. So far there is no any hidden charge in this account. Though its saving account I no need to maintain a minimum balance amount.,https://static.bankbazaar.com/images/common/bank-logo/sbi-4.png,Great!,10,past 9 years i maintain my saving account with sbi the branch and atm services are fine whenever contact the customer service is good and responsive i use to get offer message from their end so far there is no any hidden charge in this account though its saving account i no need to maintain a minimum balance amount,59,Satisfied
,2020-03-17,Bangalore,Unknown,4.5,"""Good """,I am holding a salary account from BANK OF BARODA  more than 7 years. There is no hidden charges in this bank. They have not provide an option to maintain a minimum balance. I am using mobile app and net banking both are user friendly to access. ATM and branch services are good also near to reach them directly.,https://static.bankbazaar.com/images/common/bank-logo/ALL_BANKS.png,Excellent!,15,i am holding a salary account from bank of baroda more than 7 years there is no hidden charges in this bank they have not provide an option to maintain a minimum balance i am using mobile app and net banking both are user friendly to access atm and branch services are good also near to reach them directly,59,Satisfied
PRAD,2020-03-17,Hyderabad,Canara Bank,3.0,"""Need to improve their service """,I am not getting an alert message from CANARA bank whenever I do a transaction from their end. So they need to provide better option to the customer to check the account balance details. I use to visit branch and get good response from their end. I am holding a saving account for the past 6 years.,https://static.bankbazaar.com/images/common/bank-logo/canara-bank.png,Satisfactory,23,i am not getting an alert message from canara bank whenever i do a transaction from their end so they need to provide better option to the customer to check the account balance details i use to visit branch and get good response from their end i am holding a saving account for the past 6 years,57,Average
KUMAR,2020-03-17,Hyderabad,HDFC Bank,5.0,"""Good """,I maintain my salary cum saving account with HDFC bank for more than a year. No need to maintain a minimum balance account. So far there is no any hidden charges. I can do transaction upto 40K. I use mobile app and net banking service both are good.  On time I get alert message from bank for each transaction.,https://static.bankbazaar.com/images/common/bank-logo/hdfc.png,Blown Away!,12,i maintain my salary cum saving account with hdfc bank for more than a year no need to maintain a minimum balance account so far there is no any hidden charges i can do transaction upto 40k i use mobile app and net banking service both are good on time i get alert message from bank for each transaction,59,Satisfied
S   ISMAIL,2020-03-16,Chennai,Unknown,4.0,"""Good Service""",I am  using Karur Vysya Bank saving account for the past  5 years only.I will receive email as well as message alert and customer service  is also good on this bank .If I contact them for any query giving good response and banking service is much comfortable .I am happy with the service as well.,https://static.bankbazaar.com/images/common/bank-logo/ALL_BANKS.png,Great!,7,i am using karur vysya bank saving account for the past 5 years onlyi will receive email as well as message alert and customer service is also good on this bank if i contact them for any query giving good response and banking service is much comfortable i am happy with the service as well,55,Satisfied
D,2020-03-16,Chennai,Canara Bank,4.0,"""Good bank""","Canara Bank has a very good app and also internet banking is very user friendly. This is a salary cums savings, no need to maintain a minimum balance. If i withdrawal cash or done shopping, i am getting alert messages from bank end and they given me a domestic debit card.",https://static.bankbazaar.com/images/common/bank-logo/canara-bank.png,Great!,19,canara bank has a very good app and also internet banking is very user friendly this is a salary cums savings no need to maintain a minimum balance if i withdrawal cash or done shopping i am getting alert messages from bank end and they given me a domestic debit card,51,Satisfied
M,2020-03-16,Kolkata,Axis Bank,5.0,"""Good """,I am maintaining minimum balance of Rs. 250 + GST for Axis Bank savings account and debit card. Since 5 years i am holding this account apart from this there is no hidden charges . This bank has a good customer service and the rate of interest was nominal.,https://static.bankbazaar.com/images/common/bank-logo/axis.png,Blown Away!,14,i am maintaining minimum balance of rs 250 gst for axis bank savings account and debit card since 5 years i am holding this account apart from this there is no hidden charges this bank has a good customer service and the rate of interest was nominal,47,Satisfied
M,2020-03-16,Kolkata,Unknown,4.0,"""Good saving account """,I am keeping minimum balance of Rs. 1000 for UNITED BANK OF INDIA. Since 12 years i am using this savings account and they given a domestic debit card. This bank has a good application and their service was fine. ATM facilities is not good which is not nearby my place.,https://static.bankbazaar.com/images/common/bank-logo/ALL_BANKS.png,Great!,18,i am keeping minimum balance of rs 1000 for united bank of india since 12 years i am using this savings account and they given a domestic debit card this bank has a good application and their service was fine atm facilities is not good which is not nearby my place,51,Satisfied
SHEWALE,2020-03-16,Nasik,Unknown,4.0,"""Better service""","Last 7 years, i have been using the salary account from YES bank and its a hassle free account to use. They are not taking any hidden charges. Once i called the customer care for the debit card purpose and the response was good. There is no extra charges for fund transfer like IMPS and NEFT. Their mobile banking service need to be improved.",https://static.bankbazaar.com/images/common/bank-logo/ALL_BANKS.png,Great!,12,last 7 years i have been using the salary account from yes bank and its a hassle free account to use they are not taking any hidden charges once i called the customer care for the debit card purpose and the response was good there is no extra charges for fund transfer like imps and neft their mobile banking service need to be improved,64,Satisfied
JOSEPH,2020-03-16,Chennai,Unknown,5.0,"""Best account""","For cash withdrawal, i am getting instantly alert messages from Indian Bank some times due to software problem i am unable to get messages. Since 16 years i am using this account, so no need to maintain minimum balance.  ATM facilities are near and debit card charges are applicable.",https://static.bankbazaar.com/images/common/bank-logo/ALL_BANKS.png,Blown Away!,11,for cash withdrawal i am getting instantly alert messages from indian bank some times due to software problem i am unable to get messages since 16 years i am using this account so no need to maintain minimum balance atm facilities are near and debit card charges are applicable,49,Satisfied
S,2020-03-16,Chennai,SBI,5.0,"""Best savings account""","SBI has a very good application, since i am using this savings account more than 7 years. No need to maintain minimum balance,  because this is a salary comes savings account. For cash withdrawal and all i am getting instantly alert text.  I am not getting any offer message from bank and their service was good.",https://static.bankbazaar.com/images/common/bank-logo/sbi-4.png,Blown Away!,16,sbi has a very good application since i am using this savings account more than 7 years no need to maintain minimum balance because this is a salary comes savings account for cash withdrawal and all i am getting instantly alert text i am not getting any offer message from bank and their service was good,56,Satisfied
ANONYMOUS,2020-03-16,Chennai,Unknown,5.0,"""Good Bank""",I have opened the savings account from TNSC bank because its undertaken by state Government. I need to maintain a minimum balance of Rs. 1000. I have never applied the facility of mobile app and net banking. Bank response is good. They have taken almost 2 days to sent the debit card and cheque book to my residential address.,https://static.bankbazaar.com/images/common/bank-logo/ALL_BANKS.png,Blown Away!,8,i have opened the savings account from tnsc bank because its undertaken by state government i need to maintain a minimum balance of rs 1000 i have never applied the facility of mobile app and net banking bank response is good they have taken almost 2 days to sent the debit card and cheque book to my residential address,59,Satisfied
ANONYMOUS,2020-03-16,Chennai,Unknown,5.0,"""Excellent bank""",6 years before i have chosen my standard chartered bank savings account earlier it was my salary account after that i have converted in savings account. I don't need to maintain any minimum balance. Its best bank but branches are not available like other banks anyway i don't feel its big issue because all the facilities are available on their app and net banking.,https://static.bankbazaar.com/images/common/bank-logo/ALL_BANKS.png,Blown Away!,17,6 years before i have chosen my standard chartered bank savings account earlier it was my salary account after that i have converted in savings account i dont need to maintain any minimum balance its best bank but branches are not available like other banks anyway i dont feel its big issue because all the facilities are available on their app and net banking,64,Satisfied
G V N,2020-03-16,Chennai,HDFC Bank,5.0,"""Good customer service""","More than 8 years, i have been using the salary account from HDFC bank. I went to their branch for cash deposit or withdrawal and the response is good. Its a zero balance maintenance account. Their Internet banking facility and mobile app is user friendly. They don't charge me any hidden charges. There is charge of Rs. 5 for IMPS transactions.",https://static.bankbazaar.com/images/common/bank-logo/hdfc.png,Blown Away!,8,more than 8 years i have been using the salary account from hdfc bank i went to their branch for cash deposit or withdrawal and the response is good its a zero balance maintenance account their internet banking facility and mobile app is user friendly they dont charge me any hidden charges there is charge of rs 5 for imps transactions,61,Satisfied
R N S N,2020-03-16,Mahabubnagar,Unknown,4.0,"""Best savings account""","For the past 8 months, i have been using salary account with Andhra Bank and its been very good experience. They are giving 3.5% interest rate for savings account and its okay. I'm not using using mobile banking for checking balance and to do transactions. Their app is easy to access.",https://static.bankbazaar.com/images/common/bank-logo/ALL_BANKS.png,Great!,8,for the past 8 months i have been using salary account with andhra bank and its been very good experience they are giving 35 interest rate for savings account and its okay im not using using mobile banking for checking balance and to do transactions their app is easy to access,51,Satisfied
S   PANCHAL,2020-03-15,New delhi,Unknown,5.0,"""Excellent Service""","I am using Syndicate bank salary account for the past  1.5 years with the net banking  service as well as mobile banking, these are good and I used to transfer money and also transaction history can be checked . Banking service is pretty good and customer service is also giving me good response if I contact them for any assistance.",https://static.bankbazaar.com/images/common/bank-logo/ALL_BANKS.png,Blown Away!,8,i am using syndicate bank salary account for the past 15 years with the net banking service as well as mobile banking these are good and i used to transfer money and also transaction history can be checked banking service is pretty good and customer service is also giving me good response if i contact them for any assistance,59,Satisfied
A S,2020-03-15,Mumbai,Unknown,4.0,"""Good""","From INDIAN Bank,  i am using savings account more than 3 months. This is salary comes savings and its a zero balance account but i am maintaining Rs. 500. This bank has a good app atm service are available near to my residency and their service was good.",https://static.bankbazaar.com/images/common/bank-logo/ALL_BANKS.png,Great!,11,from indian bank i am using savings account more than 3 months this is salary comes savings and its a zero balance account but i am maintaining rs 500 this bank has a good app atm service are available near to my residency and their service was good,48,Satisfied
S,2020-03-15,Bangalore,SBI,5.0,"""Best account""",I have been holding an account for a saving with SBI for more than 5  years. There is no hidden charges in this bank. It is a zero balance account. I am not using mobile app and net banking and i am not getting an alert messages from bank whenever I do a transactions. ATMs and branches are near to reach them directly.,https://static.bankbazaar.com/images/common/bank-logo/sbi-4.png,Blown Away!,9,i have been holding an account for a saving with sbi for more than 5 years there is no hidden charges in this bank it is a zero balance account i am not using mobile app and net banking and i am not getting an alert messages from bank whenever i do a transactions atms and branches are near to reach them directly,63,Satisfied
P NAGPAL,2020-03-15,Pune,Unknown,3.0,"""Features are average""","I have been with Standard chartered Bank for past 3 years. I have called the customer care to get the statements but it was not on time, they have provided after 2 to 3days. There is no annual fee for debit card. I use the online services which are okay, would suggest them to improve the application. And also its difficult to update the home address via online and couldn't apply for a new debit card, they need to improve these things.",https://static.bankbazaar.com/images/common/bank-logo/ALL_BANKS.png,Satisfactory,11,i have been with standard chartered bank for past 3 years i have called the customer care to get the statements but it was not on time they have provided after 2 to 3days there is no annual fee for debit card i use the online services which are okay would suggest them to improve the application and also its difficult to update the home address via online and couldnt apply for a new debit card they need to improve these things,82,Average
S,2020-03-15,Chandigarh,Axis Bank,5.0,"""Good savings account """,I am holding a savings with AXIS bank quite for a long time. There is no hidden charges in this bank. I am maintaining Rs. 10k minimum  balance account. I am using mobile app and Internet banking and it is user friendly to access. ATM and branches are near.,https://static.bankbazaar.com/images/common/bank-logo/axis.png,Blown Away!,10,i am holding a savings with axis bank quite for a long time there is no hidden charges in this bank i am maintaining rs 10k minimum balance account i am using mobile app and internet banking and it is user friendly to access atm and branches are near,49,Satisfied
SHAILESH  P,2020-03-15,Kolkata,HDFC Bank,5.0,"""Best savings account""","Since 12 years, i am using HDFC Bank savings account. This is a salary cums savings so no need to maintain minimum balance and this bank has a good app and user friendly. ATM facility is near and their service was good. When ever i do shopping i am getting instantly alert messages.",https://static.bankbazaar.com/images/common/bank-logo/hdfc.png,Blown Away!,9,since 12 years i am using hdfc bank savings account this is a salary cums savings so no need to maintain minimum balance and this bank has a good app and user friendly atm facility is near and their service was good when ever i do shopping i am getting instantly alert messages,53,Satisfied
A  DAS,2020-03-15,Mumbai,HDFC Bank,5.0,"""Excellent Service""","I am using HDFC Bank Salary account for the past 8 years and the net banking, mobile banking service is good which I used to  check all  transactions details. Banking  service is also  comfortable and  good. Each transaction is safe  and using this account much frequently.",https://static.bankbazaar.com/images/common/bank-logo/hdfc.png,Blown Away!,13,i am using hdfc bank salary account for the past 8 years and the net banking mobile banking service is good which i used to check all transactions details banking service is also comfortable and good each transaction is safe and using this account much frequently,46,Satisfied
V,2020-03-15,Mumbai,HDFC Bank,4.5,"""Best savings account cums salary ""","HDFC Bank i am maintaining savings account this is a salary cums savings so no need to maintain minimum balance. This bank has a good app is and its fine to use. When ever i withdrawal cash i am getting alert message instantly  , atm service is very near.",https://static.bankbazaar.com/images/common/bank-logo/hdfc.png,Excellent!,15,hdfc bank i am maintaining savings account this is a salary cums savings so no need to maintain minimum balance this bank has a good app is and its fine to use when ever i withdrawal cash i am getting alert message instantly atm service is very near,48,Satisfied
S,2020-03-14,Bangalore,Citibank,5.0,"""Need to decrease the minimum balance ""","Taken my savings account from CITI Bank and  i am using this account more than 10 years. The branch is available near to my home, i am using their online banking facility and its very good to use. They are not deducting any hidden charges and i need to maintain a minimum balance of Rs. 1L compulsory, need to decrease that.",https://static.bankbazaar.com/images/common/bank-logo/citibank.png,Blown Away!,8,taken my savings account from citi bank and i am using this account more than 10 years the branch is available near to my home i am using their online banking facility and its very good to use they are not deducting any hidden charges and i need to maintain a minimum balance of rs 1l compulsory need to decrease that,61,Satisfied
G HAREESH,2020-03-14,Medak,Unknown,5.0,"""Good bank ""","I have opened my savings account in Andhra Bank 8 years ago. My experience is very good and I like the customer support. Other things are also good. I need to maintain a minimum balance of 1500, if not they will not cover accidental and term insurance. I took International debit card.",https://static.bankbazaar.com/images/common/bank-logo/ALL_BANKS.png,Blown Away!,7,i have opened my savings account in andhra bank 8 years ago my experience is very good and i like the customer support other things are also good i need to maintain a minimum balance of 1500 if not they will not cover accidental and term insurance i took international debit card,52,Satisfied
G H,2020-03-14,Medak,Axis Bank,3.0,"""Minimum balance is so high which should be low""","I am doing all my transactions through AXIS Bank. Its been 1.5 years, am using this savings account. Am keeping minimum balance on a monthly basis Rs.10k, if not they putting lots of charges. The branch is near by to my residence, once I went to the bank to link my Aadhar card.",https://static.bankbazaar.com/images/common/bank-logo/axis.png,Satisfactory,11,i am doing all my transactions through axis bank its been 15 years am using this savings account am keeping minimum balance on a monthly basis rs10k if not they putting lots of charges the branch is near by to my residence once i went to the bank to link my aadhar card,53,Average
S,2020-03-14,Kolkata,Axis Bank,5.0,"""Best service """,My savings account is maintained with AXIS Bank and this is a salary cum savings no need to maintain minimum balance. AXIS Bank has a very good application but i am using it with other bank because this is only salary account.This bank has a good customer service.,https://static.bankbazaar.com/images/common/bank-logo/axis.png,Blown Away!,10,my savings account is maintained with axis bank and this is a salary cum savings no need to maintain minimum balance axis bank has a very good application but i am using it with other bank because this is only salary accountthis bank has a good customer service,48,Satisfied
SANTANU P,2020-03-14,Kolkata,Unknown,4.0,"""Good""","From SYNDICATE Bank, i am using savings account more than 10 years. I am keeping minimum balance of Rs. 1000 and their service was good. I am not receiving any offer messages from bank but i received calls several times for loan offer. ATM is near but facility is not good which needs to be improved.",https://static.bankbazaar.com/images/common/bank-logo/ALL_BANKS.png,Great!,11,from syndicate bank i am using savings account more than 10 years i am keeping minimum balance of rs 1000 and their service was good i am not receiving any offer messages from bank but i received calls several times for loan offer atm is near but facility is not good which needs to be improved,56,Satisfied
S P M,2020-03-14,Kolkata,Unknown,5.0,"""Excellent bank ""","Since 40 years, i am using savings account from UCO Bank. This bank app is very good and their customer service was also good. I am maintaining minimum balance of Rs.1000 for cheque book account and ATM facility is available in walkable distance from home within 15minutes, I can reach. When ever i withdraw cash from ATM instantly getting alert messages.",https://static.bankbazaar.com/images/common/bank-logo/ALL_BANKS.png,Blown Away!,18,since 40 years i am using savings account from uco bank this bank app is very good and their customer service was also good i am maintaining minimum balance of rs1000 for cheque book account and atm facility is available in walkable distance from home within 15minutes i can reach when ever i withdraw cash from atm instantly getting alert messages,61,Satisfied
M S K,2020-03-13,Chennai,Unknown,5.0,"""Good Account""","Almost 40 years, i am using Indian Bank savings account because it was recommended and opened this account when i was in young age. They are handling the customer very well. I need hold a minimum balance of Rs. 1000. Their ATM facility is available in all the places. I have not faced any troubles from this account. Overall, I'm satisfied with their services.",https://static.bankbazaar.com/images/common/bank-logo/ALL_BANKS.png,Blown Away!,11,almost 40 years i am using indian bank savings account because it was recommended and opened this account when i was in young age they are handling the customer very well i need hold a minimum balance of rs 1000 their atm facility is available in all the places i have not faced any troubles from this account overall im satisfied with their services,64,Satisfied
M S K,2020-03-13,Chennai,HDFC Bank,5.0,"""Good Account""","2 years before, i have purchased the savings account from HDFC. When my son bought a home loan, they have given this account to me. They will calculate a average balance once in 3 months with the amount of Rs. 10000. Sometimes, i used to visit the branch for general enquiry but the branch was more crowded for most of the times.",https://static.bankbazaar.com/images/common/bank-logo/hdfc.png,Blown Away!,10,2 years before i have purchased the savings account from hdfc when my son bought a home loan they have given this account to me they will calculate a average balance once in 3 months with the amount of rs 10000 sometimes i used to visit the branch for general enquiry but the branch was more crowded for most of the times,62,Satisfied
KITTU,2020-03-13,Chennai,Unknown,5.0,"""Good supporting bank""",My company is having their current account in Indian Overseas bank hence they have provided me a salary account also to all the employees. I hold this account for almost 20 years and Its convenient for using the net banking facility. Frequently i used to visit their branch and the staffs are very supportive. I am maintaining a minimum balance of Rs. 1000.,https://static.bankbazaar.com/images/common/bank-logo/ALL_BANKS.png,Blown Away!,20,my company is having their current account in indian overseas bank hence they have provided me a salary account also to all the employees i hold this account for almost 20 years and its convenient for using the net banking facility frequently i used to visit their branch and the staffs are very supportive i am maintaining a minimum balance of rs 1000,63,Satisfied
T PRAKASH,2020-03-13,Chennai,HDFC Bank,5.0,"""Best account""","Long  back i am using savings account from HDFC Bank. Its a zero balance account since this salary cums savings, when ever i withdrawal  cash getting alert messages and this application was good.  HDFC Bank has a good customer service and they responding properly.",https://static.bankbazaar.com/images/common/bank-logo/hdfc.png,Blown Away!,12,long back i am using savings account from hdfc bank its a zero balance account since this salary cums savings when ever i withdrawal cash getting alert messages and this application was good hdfc bank has a good customer service and they responding properly,44,Satisfied
SM,2020-03-13,Bangalore,HDFC Bank,3.0,"""Good Account""","3 years back, i have opened the salary account from HDFC because i had my existing savings account with HDFC around 5 years before after that i have converted into salary account. I am maintaining a minimum balance of Rs. 2500. Maximum ATM withdrawal limit is Rs. 25000. They don't deduct any hidden charges.",https://static.bankbazaar.com/images/common/bank-logo/hdfc.png,Satisfactory,10,3 years back i have opened the salary account from hdfc because i had my existing savings account with hdfc around 5 years before after that i have converted into salary account i am maintaining a minimum balance of rs 2500 maximum atm withdrawal limit is rs 25000 they dont deduct any hidden charges,54,Average
B G H,2020-03-13,Bangalore,Axis Bank,5.0,"""Best account""",I am holding a savings with account with AXIS bank for more than 1.5  years. There is no hidden charges in this bank. It is a zero balance account. I am using mobile app and Net banking  it is user friendly to access. ATM and branches are near to my residence.,https://static.bankbazaar.com/images/common/bank-logo/axis.png,Blown Away!,9,i am holding a savings with account with axis bank for more than 15 years there is no hidden charges in this bank it is a zero balance account i am using mobile app and net banking it is user friendly to access atm and branches are near to my residence,51,Satisfied
B G,2020-03-13,Bangalore,Unknown,5.0,"""Best account""","I am using VIJAYA  Bank savings account for more than 4 years. Every day i can withdraw cash from atm upto Rs.50,000 and I will receive alert messages from the bank. Also I linked this account online like Google pay and more for an easy payment. I spoke to bank executive directly it was good.",https://static.bankbazaar.com/images/common/bank-logo/ALL_BANKS.png,Blown Away!,13,i am using vijaya bank savings account for more than 4 years every day i can withdraw cash from atm upto rs50000 and i will receive alert messages from the bank also i linked this account online like google pay and more for an easy payment i spoke to bank executive directly it was good,55,Satisfied
PALRAJ,2020-03-13,Bangalore,Unknown,5.0,"""Good Account""","In Karur Vysya Bank, they are not charging me any extra amount. Bank is in near to my house so i have chosen them. I need to maintain a minimum balance of Rs. 1000. Its very good to use the net banking and mobile app and i find all the option in that. After completion of 5 transaction from other ATM, they are charging Rs. 20 for each transaction.",https://static.bankbazaar.com/images/common/bank-logo/ALL_BANKS.png,Blown Away!,10,in karur vysya bank they are not charging me any extra amount bank is in near to my house so i have chosen them i need to maintain a minimum balance of rs 1000 its very good to use the net banking and mobile app and i find all the option in that after completion of 5 transaction from other atm they are charging rs 20 for each transaction,69,Satisfied
D,2020-03-13,Indore,HDFC Bank,5.0,"""Best bank""","From HDFC Bank ,  i am maintaining minimum balance of Rs. 20,000. I am using this savings account quite for a long time and this bank has good ATM facilities. When ever i do cash withdrawal instantly i am getting alert messages and they given international debit card.",https://static.bankbazaar.com/images/common/bank-logo/hdfc.png,Blown Away!,9,from hdfc bank i am maintaining minimum balance of rs 20000 i am using this savings account quite for a long time and this bank has good atm facilities when ever i do cash withdrawal instantly i am getting alert messages and they given international debit card,47,Satisfied
ANONYMOUS,2020-03-13,Chennai,Unknown,5.0,"""Good Service""","More than 20 years, i have been using the salary account with Indian Overseas Bank because the branch is located nearby my place.  They don't take any hidden charges. I never experienced of their net banking facility and mobile app. When i visited the branch, response is prompt and the employees are helpful.",https://static.bankbazaar.com/images/common/bank-logo/ALL_BANKS.png,Blown Away!,17,more than 20 years i have been using the salary account with indian overseas bank because the branch is located nearby my place they dont take any hidden charges i never experienced of their net banking facility and mobile app when i visited the branch response is prompt and the employees are helpful,53,Satisfied
Aarti,2020-03-12,Mumbai,Axis Bank,0.5,"""Bad Customer support""","Axis bank has limited options in menu of Customer support, this means they do not welcome any other query apart from set menu, their phone banking numbers are useless they doesnt provide any extra info or let us speak to customer support executive. Neither there is option to write a mail regarding our issue.We have to directly visit bank branch which is not always possible as the office time of the branch and our work time are same. Do they expect us to visit branch for every issues to get resolved. aleast let us write about our issue.This is really disgusting. And i wasted my time calling customer support and downloaded app for solution but there also they have limited options. There are more issues we face such as non deduction( auto debit) of set payments on decided date . where should we complain. Should we pay penalty for non payments on due date by bank and take off from our office to visit axis bank branch to report work not done by the bank.",https://static.bankbazaar.com/images/common/bank-logo/axis.png,Unacceptable,29,axis bank has limited options in menu of customer support this means they do not welcome any other query apart from set menu their phone banking numbers are useless they doesnt provide any extra info or let us speak to customer support executive neither there is option to write a mail regarding our issuewe have to directly visit bank branch which is not always possible as the office time of the branch and our work time are same do they expect us to visit branch for every issues to get resolved aleast let us write about our issuethis is really disgusting and i wasted my time calling customer support and downloaded app for solution but there also they have limited options there are more issues we face such as non deduction auto debit of set payments on decided date where should we complain should we pay penalty for non payments on due date by bank and take off from our office to visit axis bank branch to report work not done by the bank,174,Dissatisfied
YADAV,2020-03-12,Pune,SBI,4.0,"""They can improve the interest rate on savings account""","Almost 4 years back, i went to the SBI branch and opened the savings account because they have a good credibility in the market. Earlier i need to hold a minimum balance of Rs. 1000 and now that has been not required. Its convenient to use the net banking and mobile app facility. I find the ATMs even in remote areas.",https://static.bankbazaar.com/images/common/bank-logo/sbi-4.png,Great!,13,almost 4 years back i went to the sbi branch and opened the savings account because they have a good credibility in the market earlier i need to hold a minimum balance of rs 1000 and now that has been not required its convenient to use the net banking and mobile app facility i find the atms even in remote areas,61,Satisfied
YADAV,2020-03-12,Pune,Citibank,4.0,"""Overall its good""",Opened my salary account from CITI bank before 2 years. I never had any hassles till now. There is no criteria to maintain any minimum balance. Its good to use the net banking and mobile app facility. Only once i have visited their branch for signature verification and the response was good in the branch.,https://static.bankbazaar.com/images/common/bank-logo/citibank.png,Great!,10,opened my salary account from citi bank before 2 years i never had any hassles till now there is no criteria to maintain any minimum balance its good to use the net banking and mobile app facility only once i have visited their branch for signature verification and the response was good in the branch,55,Satisfied
YAD,2020-03-12,New delhi,Axis Bank,5.0,"""Good commerical bank """,I am holding a savings account  in AXIS bank for more than 1.5 years. Through online I opened an account. There is no hidden charges in this bank. It is a zero balance account. ATMs and branches are near to reach them directly. i am getting good offer message. SMS charge is applicable of 15 rupees.,https://static.bankbazaar.com/images/common/bank-logo/axis.png,Blown Away!,10,i am holding a savings account in axis bank for more than 15 years through online i opened an account there is no hidden charges in this bank it is a zero balance account atms and branches are near to reach them directly i am getting good offer message sms charge is applicable of 15 rupees,56,Satisfied
AV,2020-03-12,New delhi,Unknown,5.0,"""Nee to provide more offer message """,I have been using salary account from SYNDICATE BANK. I have been using this account for past 3 years. It is a zero  balance account with no hidden charge. I am not getting  offers message. On quarterly basis SMS charge  will be  applicable of 15 rupees.  I use to do transaction more than 5 times so charge will be applicable of 25 rupees.,https://static.bankbazaar.com/images/common/bank-logo/ALL_BANKS.png,Blown Away!,10,i have been using salary account from syndicate bank i have been using this account for past 3 years it is a zero balance account with no hidden charge i am not getting offers message on quarterly basis sms charge will be applicable of 15 rupees i use to do transaction more than 5 times so charge will be applicable of 25 rupees,63,Satisfied
RA,2020-03-12,Hyderabad,SBI,2.0,"""Medium""",I am holding a saving account with SBI bank for more than 5 years. There is no hidden charges in this bank. It is user friendly to access mobile app. Need to maintain a minimum balance for this account of 5K. I get an alert messages from bank whenever I do a transactions.,https://static.bankbazaar.com/images/common/bank-logo/sbi-4.png,Expected more,10,i am holding a saving account with sbi bank for more than 5 years there is no hidden charges in this bank it is user friendly to access mobile app need to maintain a minimum balance for this account of 5k i get an alert messages from bank whenever i do a transactions,53,Dissatisfied
AR,2020-03-12,Hyderabad,Axis Bank,2.0,"""Medium""",I am having a salary account with AXIS bank for just 3 months back. There is no hidden charges in this bank. It is a  zero balance account. I am using mobile app and it is user friendly to access. I use this account only for transact the amount. Mostly do online transaction rather than ATM.,https://static.bankbazaar.com/images/common/bank-logo/axis.png,Expected more,1,i am having a salary account with axis bank for just 3 months back there is no hidden charges in this bank it is a zero balance account i am using mobile app and it is user friendly to access i use this account only for transact the amount mostly do online transaction rather than atm,56,Dissatisfied
RAJAGOPAL,2020-03-12,Tirupur,Unknown,4.0,"""Good Service""","I have Karnataka  bank  saving account which i am using for  8 years .There  will be  message alert and there was no difficulties faced so far . customer service is also  good ,if have any query getting good response and banking service  is good and satisfied .Each transaction is done  very frequently .",https://static.bankbazaar.com/images/common/bank-logo/ALL_BANKS.png,Great!,4,i have karnataka bank saving account which i am using for 8 years there will be message alert and there was no difficulties faced so far customer service is also good if have any query getting good response and banking service is good and satisfied each transaction is done very frequently,51,Satisfied
LOGANAT,2020-03-12,Chennai,Axis Bank,5.0,"""Very Good Loan Service""","I have opened Axis bank salary account last 3 years ago.          I have to maintain a minimum balance of Rs. 10,000 even though its salary account. They don't take any hidden charges. Its comfortable to use the net banking and mobile app facility. I have no idea about the other bank ATM withdrawal charges.",https://static.bankbazaar.com/images/common/bank-logo/axis.png,Blown Away!,0,i have opened axis bank salary account last 3 years ago i have to maintain a minimum balance of rs 10000 even though its salary account they dont take any hidden charges its comfortable to use the net banking and mobile app facility i have no idea about the other bank atm withdrawal charges,54,Satisfied
NAR,2020-03-12,Bangalore,HDFC Bank,5.0,"""Good """,I maintain my saving account from HDFC bank  just  4 months back. Since my friend has suggested and mean while  in my future I am going to take home loan so opened an account. Need to maintain minimum charge of 5K  which is nominal.  I am getting offers message from their end.  i get alert message on time from bank end for each transaction.,https://static.bankbazaar.com/images/common/bank-logo/hdfc.png,Blown Away!,0,i maintain my saving account from hdfc bank just 4 months back since my friend has suggested and mean while in my future i am going to take home loan so opened an account need to maintain minimum charge of 5k which is nominal i am getting offers message from their end i get alert message on time from bank end for each transaction,64,Satisfied
KA,2020-03-12,Bangalore,SBI,5.0,"""Good """,I have been holding a salary account with SBI approximately  13 yeas. I need to maintain a minimum balance of  around 10K. There is some SMS  and  ATM charges are applicable on quarterly up to 70 rupees. Mobile app is fine to use.  ATM and branches services are good.,https://static.bankbazaar.com/images/common/bank-logo/sbi-4.png,Blown Away!,1,i have been holding a salary account with sbi approximately 13 yeas i need to maintain a minimum balance of around 10k there is some sms and atm charges are applicable on quarterly up to 70 rupees mobile app is fine to use atm and branches services are good,49,Satisfied
ANONYMOUS,2020-03-12,Chennai,Kotak,4.0,"""Better Account""","Recently i have opened the savings account from Kotak Mahindra bank but i have not made any transaction from this account. They have provided me a zero balance account. To get a valid address proof, i have opened this account. I can find the branches in all the places. They are not taking any kind of hidden charges.",https://static.bankbazaar.com/images/common/bank-logo/kotak.png,Great!,1,recently i have opened the savings account from kotak mahindra bank but i have not made any transaction from this account they have provided me a zero balance account to get a valid address proof i have opened this account i can find the branches in all the places they are not taking any kind of hidden charges,58,Satisfied
M A,2020-03-12,Chennai,IndusInd Bank,5.0,"""Good Account""",At earlier in my previous company  they have provided a salary account from Indusind bank. They don't take any charges for other ATM withdrawal. They don't deduct any hidden charges. I have been using the mobile app of this bank and its better to use. Its a zero balance account to use.,https://static.bankbazaar.com/images/common/bank-logo/indusind.png,Blown Away!,5,at earlier in my previous company they have provided a salary account from indusind bank they dont take any charges for other atm withdrawal they dont deduct any hidden charges i have been using the mobile app of this bank and its better to use its a zero balance account to use,52,Satisfied
PAL,2020-03-12,Pune,Unknown,3.0,"""Need to provide more atm and branches ""","During my college days I got a chance to open an account in ALLAHABAD BANK. Hence I am holding an account for  6- 7 years. Need to maintain a minimum of 2K, if not charges are nominal.  Branches are far away to reach them from my place.  Since I preferred online transaction rather than for ATM.",https://static.bankbazaar.com/images/common/bank-logo/ALL_BANKS.png,Satisfactory,5,during my college days i got a chance to open an account in allahabad bank hence i am holding an account for 6 7 years need to maintain a minimum of 2k if not charges are nominal branches are far away to reach them from my place since i preferred online transaction rather than for atm,56,Average
M A,2020-03-12,Chennai,SBI,5.0,"""Good App""","Overall I have been using State Bank account for more than 8 years but for past 1 year, I have been using it as a salary account anyway i need to maintain a minimum balance of Rs. 5,000. Chosen this bank because when i was in native i opened this account because to do the deposit, its a easy way because of the cash deposit machine and i can do most of my transactions through their app.",https://static.bankbazaar.com/images/common/bank-logo/sbi-4.png,Blown Away!,0,overall i have been using state bank account for more than 8 years but for past 1 year i have been using it as a salary account anyway i need to maintain a minimum balance of rs 5000 chosen this bank because when i was in native i opened this account because to do the deposit its a easy way because of the cash deposit machine and i can do most of my transactions through their app,77,Satisfied
S    KAMLESH,2020-03-12,Mumbai,Unknown,5.0,"""Best  Service""","I am using Bank of Baroda  salary account  which is very comfortable .I am using  net banking mobile banking it is transaction history can be  checked and can be used for money transfer ,it is good to use  and very user friendly, everything is good ,customer service is also good and not faced any drawbacks .",https://static.bankbazaar.com/images/common/bank-logo/ALL_BANKS.png,Blown Away!,2,i am using bank of baroda salary account which is very comfortable i am using net banking mobile banking it is transaction history can be checked and can be used for money transfer it is good to use and very user friendly everything is good customer service is also good and not faced any drawbacks,55,Satisfied
M H V,2020-03-12,Chennai,Axis Bank,3.0,"""Good customer care service""","Axis bank have a good customer care because they are interacting the customer in a polite way. My friends referred me about this bank hence I chose this bank for my savings account. Its a zero balance account to use. Its nice to use the net banking facility. Overall, I'm happy about the service.",https://static.bankbazaar.com/images/common/bank-logo/axis.png,Satisfactory,1,axis bank have a good customer care because they are interacting the customer in a polite way my friends referred me about this bank hence i chose this bank for my savings account its a zero balance account to use its nice to use the net banking facility overall im happy about the service,54,Average
VI,2020-03-12,Pune,Unknown,4.0,"""Good service """,I am using saving account from  BANK OF MAHARASHTRA for the past  6-7 years. I have to maintain a minimum balance of 2K. Atm and branches services  are good and easy to reach from my place. SMS will be get on quick for each transaction. Their service is good and supportive.,https://static.bankbazaar.com/images/common/bank-logo/ALL_BANKS.png,Great!,10,i am using saving account from bank of maharashtra for the past 67 years i have to maintain a minimum balance of 2k atm and branches services are good and easy to reach from my place sms will be get on quick for each transaction their service is good and supportive,51,Satisfied
JAWALE,2020-03-12,Pune,Unknown,3.0,"""Need to improve their service ""","I  am holding  my salary account with Bank of Baroda past  4 years. There is some hidden charges which the amount as deducted on annual fee above 200 rupees. Atm and branches are near. SMS charges are applicable on annual of 100 rupees. The people are not supportable and not easy to reach them, if I do a transaction more than 5 times charges are  applicable of 25 rupees.",https://static.bankbazaar.com/images/common/bank-logo/ALL_BANKS.png,Satisfactory,4,i am holding my salary account with bank of baroda past 4 years there is some hidden charges which the amount as deducted on annual fee above 200 rupees atm and branches are near sms charges are applicable on annual of 100 rupees the people are not supportable and not easy to reach them if i do a transaction more than 5 times charges are applicable of 25 rupees,69,Average
WALI,2020-03-12,Bangalore,Unknown,5.0,"""Good Account""",Sometime they will deduct money from my account without mentioning the reason and they just its a services on my Syndicate bank salary acccount. I need to maintain a minimum balance of Rs. 1000 and above. I cannot able to download the statement on their mobile app and they do have net banking facility which will not work most of the times.,https://static.bankbazaar.com/images/common/bank-logo/ALL_BANKS.png,Blown Away!,4,sometime they will deduct money from my account without mentioning the reason and they just its a services on my syndicate bank salary acccount i need to maintain a minimum balance of rs 1000 and above i cannot able to download the statement on their mobile app and they do have net banking facility which will not work most of the times,62,Satisfied
V   ANDEY,2020-03-11,Hyderabad,SBI,4.0,"""Good service""",I am using SBI salary account which is used very frequently.I am using this account for the past 3 years only .I am using net banking as well as mobile banking service both are very user friendly and  these are used for money transfer as well as credit card bill payment .customer service is also good to me and there was no drawbacks faced so far.,https://static.bankbazaar.com/images/common/bank-logo/sbi-4.png,Great!,1,i am using sbi salary account which is used very frequentlyi am using this account for the past 3 years only i am using net banking as well as mobile banking service both are very user friendly and these are used for money transfer as well as credit card bill payment customer service is also good to me and there was no drawbacks faced so far,66,Satisfied
M  VENKAT,2020-03-11,Bangalore,Unknown,5.0,"""Good service""",I have HSBC bank salary account for more than 3 years.Transaction is safe and secure and i am not using net banking and mobile banking .I use this account for phone pay and Google pay for online transactions. The customer service is also good and getting good response. The banking service is much comfortable .,https://static.bankbazaar.com/images/common/bank-logo/ALL_BANKS.png,Blown Away!,4,i have hsbc bank salary account for more than 3 yearstransaction is safe and secure and i am not using net banking and mobile banking i use this account for phone pay and google pay for online transactions the customer service is also good and getting good response the banking service is much comfortable,54,Satisfied
S B,2020-03-11,Pune,Unknown,5.0,"""Good account for high salaried people""","I opened my salary account with Standard Chartered bank for almost 2 years ago. There is only branch available in Pune hence i need to travel a lot for depositing the cash and other request. ATM facility also less in my city.  Earlier they were not charging any additional for other ATM withdrawal but now after completion of 10 transaction from other ATM, they are charging Rs. 25 for per transactions.  If they are improving the ATM facility, it would be fine. They don't provide any offers to the customer.",https://static.bankbazaar.com/images/common/bank-logo/ALL_BANKS.png,Blown Away!,7,i opened my salary account with standard chartered bank for almost 2 years ago there is only branch available in pune hence i need to travel a lot for depositing the cash and other request atm facility also less in my city earlier they were not charging any additional for other atm withdrawal but now after completion of 10 transaction from other atm they are charging rs 25 for per transactions if they are improving the atm facility it would be fine they dont provide any offers to the customer,90,Satisfied
ANONYMOUS,2020-03-11,Chennai,Canara Bank,4.0,"""Good Account""",I opened my savings account from CANARA bank and I have been using for last 6 years. Chosen this account in my home town because the branch is located to nearby my place. Executive response was good and I need to hold a minimum balance of Rs. 1000. Their app facility is convenient to use. I could find branches and ATM in all the places.,https://static.bankbazaar.com/images/common/bank-logo/canara-bank.png,Great!,8,i opened my savings account from canara bank and i have been using for last 6 years chosen this account in my home town because the branch is located to nearby my place executive response was good and i need to hold a minimum balance of rs 1000 their app facility is convenient to use i could find branches and atm in all the places,65,Satisfied
S K,2020-03-11,Chennai,Unknown,4.0,"""Good Account""","My company was offered me 5 banks but I have chosen standard Chartered bank and its a zero balance account to use. There is no ATM withdrawal charges even I do  from other bank. I have selected the same. In net banking facility, some features are not available like downloading the statement through PDF options.",https://static.bankbazaar.com/images/common/bank-logo/ALL_BANKS.png,Great!,6,my company was offered me 5 banks but i have chosen standard chartered bank and its a zero balance account to use there is no atm withdrawal charges even i do from other bank i have selected the same in net banking facility some features are not available like downloading the statement through pdf options,55,Satisfied
P B,2020-03-11,Bangalore,SBI,5.0,"""Good Account""","Before 1.5 years, i have opened the salary account with State Bank of India. Bank account is convenient to use. They have given me a zero balance account. I went to their branch for getting a passbook and to get a ATM card as well and the response is okay. We have a branch which is a cashless one so branch was not crowded.",https://static.bankbazaar.com/images/common/bank-logo/sbi-4.png,Blown Away!,3,before 15 years i have opened the salary account with state bank of india bank account is convenient to use they have given me a zero balance account i went to their branch for getting a passbook and to get a atm card as well and the response is okay we have a branch which is a cashless one so branch was not crowded,64,Satisfied
KENDRA,2020-03-11,Chennai,Kotak,5.0,"""Recommendable bank""",Its going to be 5 years since I'm using the savings account from Kotak Mahindra bank because i like their service and my salary also getting credited to this account. I'm fine with the net banking and mobile app facility. I just visited the branch once for changing my mobile number and their service is very good in their branch also.,https://static.bankbazaar.com/images/common/bank-logo/kotak.png,Blown Away!,2,its going to be 5 years since im using the savings account from kotak mahindra bank because i like their service and my salary also getting credited to this account im fine with the net banking and mobile app facility i just visited the branch once for changing my mobile number and their service is very good in their branch also,61,Satisfied
AJI,2020-03-11,Bangalore,SBI,5.0,"""Good account ""","When compared to earlier, now SBI is providing good service. I have been holding this account for more than 3-4 years and which have opened for my personal use. No need to maintain a minimum balance account. The branch service is fine and near from my home to reach.",https://static.bankbazaar.com/images/common/bank-logo/sbi-4.png,Blown Away!,1,when compared to earlier now sbi is providing good service i have been holding this account for more than 34 years and which have opened for my personal use no need to maintain a minimum balance account the branch service is fine and near from my home to reach,49,Satisfied
V T,2020-03-11,Panipat,HDFC Bank,5.0,"""Overall very good account""",Using my savings account with HDFC bank for almost 5 years. I am maintaining a minimum balance of Rs. 2500 which is mandatory even though its a salary account. Sometimes I'm facing a issue like they are charging me a high amount if I'm not maintaining the balance. I can find the branches in all the places.,https://static.bankbazaar.com/images/common/bank-logo/hdfc.png,Blown Away!,0,using my savings account with hdfc bank for almost 5 years i am maintaining a minimum balance of rs 2500 which is mandatory even though its a salary account sometimes im facing a issue like they are charging me a high amount if im not maintaining the balance i can find the branches in all the places,57,Satisfied
GA,2020-03-10,Chennai,Canara Bank,5.0,"""Good service """,Canara Bank before I was using as salary account but after shifting my company cannot use this account for further and I am yet to  convert into saving account. I am holding account  for past 10 years. There is SMS charge applicable of 12 rupees which is nominal. ATM charge is 22 rupees. I am using both mobile app and net banking are user friendly to access.,https://static.bankbazaar.com/images/common/bank-logo/canara-bank.png,Blown Away!,8,canara bank before i was using as salary account but after shifting my company cannot use this account for further and i am yet to convert into saving account i am holding account for past 10 years there is sms charge applicable of 12 rupees which is nominal atm charge is 22 rupees i am using both mobile app and net banking are user friendly to access,67,Satisfied
SAM,2020-03-10,Chennai,HDFC Bank,5.0,"""Need to improve customer service """,I am holding salary account with HDFC past 1 year. Since its salary account  no need to maintain a minimum balance amount. I can do transaction of  5 times if exceed ATM  charges of 22 rupees. Mobile app is not user friendly and I am facing server issue.  The customer service is not good in response.,https://static.bankbazaar.com/images/common/bank-logo/hdfc.png,Blown Away!,0,i am holding salary account with hdfc past 1 year since its salary account no need to maintain a minimum balance amount i can do transaction of 5 times if exceed atm charges of 22 rupees mobile app is not user friendly and i am facing server issue the customer service is not good in response,56,Satisfied
KU,2020-03-10,Pune,Unknown,3.0,"""Good ""","I have been using an account as saving in DENA bank for past 7 years. Need to maintain a minimum amount of  4- 5K  if not some charges are applicable. Many times I visit branches , their service is good, I am not using mobile app  and net banking service yet. I get offers message often.",https://static.bankbazaar.com/images/common/bank-logo/ALL_BANKS.png,Satisfactory,4,i have been using an account as saving in dena bank for past 7 years need to maintain a minimum amount of 4 5k if not some charges are applicable many times i visit branches their service is good i am not using mobile app and net banking service yet i get offers message often,55,Average
SH,2020-03-10,Pune,HDFC Bank,3.0,"""Good """,I am holding a savings account  for my personal need in HDFC  bank for more than 4 years. There is no hidden charges in this bank. Need to maintain a minimum balance amount of 10K in account if not charges are applicable of 800 rupees plus GST. I am using net banking and it is user friendly to access.,https://static.bankbazaar.com/images/common/bank-logo/hdfc.png,Satisfactory,1,i am holding a savings account for my personal need in hdfc bank for more than 4 years there is no hidden charges in this bank need to maintain a minimum balance amount of 10k in account if not charges are applicable of 800 rupees plus gst i am using net banking and it is user friendly to access,59,Average
MO,2020-03-10,Bangalore,Unknown,5.0,"""Need to provdie offer message for other product """,I am holding saving account from CORPORATION BANK  past  9 years. Need to maintain a minimum balance of 500 rupees. If not some charge would be applicable. ATM and branches service are good. I do get alert message on time for each transaction. But there are not sending any offers message.,https://static.bankbazaar.com/images/common/bank-logo/ALL_BANKS.png,Blown Away!,3,i am holding saving account from corporation bank past 9 years need to maintain a minimum balance of 500 rupees if not some charge would be applicable atm and branches service are good i do get alert message on time for each transaction but there are not sending any offers message,51,Satisfied
MOHA,2020-03-10,Bangalore,Kotak,4.0,"""Good ""","Recently I opened a saving account from KOTAK bank on last December and I need to maintain a minimum amount of 10K. It is 811 online saving account with nominal charges of 5%, Atm and branch's are near from my home. So far I got 2 -3 times offer messages from their end.",https://static.bankbazaar.com/images/common/bank-logo/kotak.png,Great!,1,recently i opened a saving account from kotak bank on last december and i need to maintain a minimum amount of 10k it is 811 online saving account with nominal charges of 5 atm and branchs are near from my home so far i got 2 3 times offer messages from their end,53,Satisfied
K K C,2020-03-10,Hyderabad,Axis Bank,5.0,"""Services are good""",My savings account was chosen in Axis bank and i have opened the account in the year of 2013. It was my previous company salary account after that i have converted into savings account. Its a zero balance account to use. Branch response was good and the staffs are very helpful. I find the branches and ATMs in almost all the places.,https://static.bankbazaar.com/images/common/bank-logo/axis.png,Blown Away!,1,my savings account was chosen in axis bank and i have opened the account in the year of 2013 it was my previous company salary account after that i have converted into savings account its a zero balance account to use branch response was good and the staffs are very helpful i find the branches and atms in almost all the places,62,Satisfied
V K,2020-03-10,Hyderabad,HDFC Bank,4.0,"""Flexible to use""","10 years ago, i have opened the salary account from HDFC and it was offered by my company. I don't need to maintain any minimum balance. Its very good use the net banking facility. I have visited their branch and the response is good. The branch is not that much crowded. Only drawback is I can do only limited transaction from other bank ATM.",https://static.bankbazaar.com/images/common/bank-logo/hdfc.png,Great!,0,10 years ago i have opened the salary account from hdfc and it was offered by my company i dont need to maintain any minimum balance its very good use the net banking facility i have visited their branch and the response is good the branch is not that much crowded only drawback is i can do only limited transaction from other bank atm,64,Satisfied
ANONYMOUS,2020-03-10,Mumbai,HDFC Bank,4.0,"""Good internet banking""","I have opened the salary account about 6 years ago. I have never faced any issues till now. If i have any questions, its a long way of connecting with them and sometimes, they used to hung up the call while customer is talking. Its fine to use the net banking facility and they don't charge me any hidden charges. The transactions are smooth.",https://static.bankbazaar.com/images/common/bank-logo/hdfc.png,Great!,0,i have opened the salary account about 6 years ago i have never faced any issues till now if i have any questions its a long way of connecting with them and sometimes they used to hung up the call while customer is talking its fine to use the net banking facility and they dont charge me any hidden charges the transactions are smooth,64,Satisfied
ANONYMOUS,2020-03-10,Bangalore,SBI,4.0,"""Good Account""","My savings account was opened in SBI, last 5 years ago because Prime Minister Modi asked every citizen from India needs to open an account in State Bank of India. When i was opened the account, there is no minimum balance is to be maintained but after 2 years, they asked me to hold a minimum balance of Rs. 5000 but they don't deduct any hidden charges.",https://static.bankbazaar.com/images/common/bank-logo/sbi-4.png,Great!,2,my savings account was opened in sbi last 5 years ago because prime minister modi asked every citizen from india needs to open an account in state bank of india when i was opened the account there is no minimum balance is to be maintained but after 2 years they asked me to hold a minimum balance of rs 5000 but they dont deduct any hidden charges,67,Satisfied
VI,2020-03-10,New delhi,HDFC Bank,5.0,"""Best for all """,I maintain my salary  account from HDFC past 9-10 months.  I got an option to open account from my company. The branch is 2KM distance from my home. Atm service is good. Really good at their own place. I am getting good  loans and card offers from their end.,https://static.bankbazaar.com/images/common/bank-logo/hdfc.png,Blown Away!,0,i maintain my salary account from hdfc past 910 months i got an option to open account from my company the branch is 2km distance from my home atm service is good really good at their own place i am getting good loans and card offers from their end,49,Satisfied
VISH,2020-03-10,New delhi,SBI,5.0,"""Good ""","I am having my saving account for past 9-10 years. Since  most of my family members opened an account here and service is good so I preferred this bank. I need to maintain minimum amount of  3K, if not minimum charge applicable of 15 rupees for 3 months once.  The branch is quite far from my place. I am not getting any offers so far.",https://static.bankbazaar.com/images/common/bank-logo/sbi-4.png,Blown Away!,2,i am having my saving account for past 910 years since most of my family members opened an account here and service is good so i preferred this bank i need to maintain minimum amount of 3k if not minimum charge applicable of 15 rupees for 3 months once the branch is quite far from my place i am not getting any offers so far,65,Satisfied
S S,2020-03-10,New delhi,IDBI,2.0,"""Need to improve the service""",IDBI bank account benefits are not good hence i rarely use this account now. My savings account was opened in the year of 2012. Its a zero balance account to use. They don't have any mobile app facility. Branch response was not that much good when i visit the branch to open the account and lot of hassle was there.,https://static.bankbazaar.com/images/common/bank-logo/idbi.png,Expected more,10,idbi bank account benefits are not good hence i rarely use this account now my savings account was opened in the year of 2012 its a zero balance account to use they dont have any mobile app facility branch response was not that much good when i visit the branch to open the account and lot of hassle was there,60,Dissatisfied
S S,2020-03-10,New delhi,Unknown,5.0,"""Very simple and good offers""","DBS is awesome bank and i never had any complaints from this bank. They have done a paperless account opening. Based on the benefits, i have selected this account because the RD interest rates are good. In fact, i can make the payment directly to the shops and their app is very friendly to use. Every month i used to get Rs. 750 if i do maintain a balance of Rs. 10000 and they have their terms and conditions to get a cashbacks.",https://static.bankbazaar.com/images/common/bank-logo/ALL_BANKS.png,Blown Away!,15,dbs is awesome bank and i never had any complaints from this bank they have done a paperless account opening based on the benefits i have selected this account because the rd interest rates are good in fact i can make the payment directly to the shops and their app is very friendly to use every month i used to get rs 750 if i do maintain a balance of rs 10000 and they have their terms and conditions to get a cashbacks,83,Satisfied
SUMAN,2020-03-10,New delhi,SBI,5.0,"""Good Account""","When i was doing my studies, i have opened the savings account from State Bank of India. From my college itself, they have opened this account because branch is available on my campus. I need to maintain a minimum balance of Rs. 2500. The branch response was good when i was visited 2 years before.",https://static.bankbazaar.com/images/common/bank-logo/sbi-4.png,Blown Away!,1,when i was doing my studies i have opened the savings account from state bank of india from my college itself they have opened this account because branch is available on my campus i need to maintain a minimum balance of rs 2500 the branch response was good when i was visited 2 years before,55,Satisfied
NATHAN,2020-03-09,Chennai,HDFC Bank,5.0,"""Good ""","When I was working in previous company, they had opened a salary account from HDFC Bank and I maintain it for the past 1 year. But suddenly I changed to other company so opened other account for salary. I am yet to convert HDFC account into savings. As of now, this is in active and I didn't come across any hidden charge from this bank.",https://static.bankbazaar.com/images/common/bank-logo/hdfc.png,Blown Away!,0,when i was working in previous company they had opened a salary account from hdfc bank and i maintain it for the past 1 year but suddenly i changed to other company so opened other account for salary i am yet to convert hdfc account into savings as of now this is in active and i didnt come across any hidden charge from this bank,65,Satisfied
ARUMAI,2020-03-09,Chennai,Axis Bank,4.0,"""Need to improve service """,AXIS has provided a chance to open a salary account and I maintain for past 6 months. There is no hidden charges in this bank. It is a  zero balance account. I use to get an alert message on time  from bank whenever I do a transactions. There is no proper follow up because few months before I was applied a loan but no update from their end for further.,https://static.bankbazaar.com/images/common/bank-logo/axis.png,Great!,1,axis has provided a chance to open a salary account and i maintain for past 6 months there is no hidden charges in this bank it is a zero balance account i use to get an alert message on time from bank whenever i do a transactions there is no proper follow up because few months before i was applied a loan but no update from their end for further,70,Satisfied
RU,2020-03-09,Kanchipuram,Unknown,3.5,"""Need to improve mobile app service""","IOB mobile app is not much user friendly to access and its not up to the mark. I am holding this account for more than 5 years. Before it was salary account since changed to other company, so converted this account in to saving. ATM charges applicable of 20 rupees on 6 months once and transaction charge is applicable.",https://static.bankbazaar.com/images/common/bank-logo/ALL_BANKS.png,Pretty good,5,iob mobile app is not much user friendly to access and its not up to the mark i am holding this account for more than 5 years before it was salary account since changed to other company so converted this account in to saving atm charges applicable of 20 rupees on 6 months once and transaction charge is applicable,59,Dissatisfied
MURI,2020-03-09,Kanchipuram,Axis Bank,5.0,"""Good account """,I have a salary account with AXIS bank for more than 3 years. There is no hidden charges in this bank. It is a  zero balance account. It is easy to access mobile app and net banking. I use to get an alert message and mail  from bank whenever I do a transactions. I use to get card offers only not for any loans.,https://static.bankbazaar.com/images/common/bank-logo/axis.png,Blown Away!,0,i have a salary account with axis bank for more than 3 years there is no hidden charges in this bank it is a zero balance account it is easy to access mobile app and net banking i use to get an alert message and mail from bank whenever i do a transactions i use to get card offers only not for any loans,64,Satisfied
ANONYMOUS,2020-03-08,Bangalore,Unknown,5.0,"""Good account ""","On my personal need, I opened a saving account from INDIAN Bank which am holding it for past 10 years. Banker  has suggested to open an account and also branch was near to my home. Need to maintain minimum of 1000 rupees if not charges are applicable of 100 to 120 rupees. I am using only net banking service.",https://static.bankbazaar.com/images/common/bank-logo/ALL_BANKS.png,Blown Away!,2,on my personal need i opened a saving account from indian bank which am holding it for past 10 years banker has suggested to open an account and also branch was near to my home need to maintain minimum of 1000 rupees if not charges are applicable of 100 to 120 rupees i am using only net banking service,59,Satisfied
ANONYMOUS,2020-03-08,Bangalore,SBI,5.0,"""Good saving account """,I am holding a salary account  in SBI for more than 14 years. There is no hidden charges in this bank. It is a  zero balance account. I am using net banking and it is user friendly to access. I use to get an alert messages from bank whenever I do a transactions. I am not getting much offers from this bank.,https://static.bankbazaar.com/images/common/bank-logo/sbi-4.png,Blown Away!,1,i am holding a salary account in sbi for more than 14 years there is no hidden charges in this bank it is a zero balance account i am using net banking and it is user friendly to access i use to get an alert messages from bank whenever i do a transactions i am not getting much offers from this bank,62,Satisfied
ANONYMOUS,2020-03-08,Tirupur,Unknown,5.0,"""Good Account""",I have been using the savings account from Syndicate bank  and i opened this account 3 years ago based on my friend's recommendation. I don't use their net banking facility and mobile app. I never visited their branch till now nor contacting the customer care. I need to hold a minimum balance of Rs. 1000. Bank transactions are smooth.,https://static.bankbazaar.com/images/common/bank-logo/ALL_BANKS.png,Blown Away!,0,i have been using the savings account from syndicate bank and i opened this account 3 years ago based on my friends recommendation i dont use their net banking facility and mobile app i never visited their branch till now nor contacting the customer care i need to hold a minimum balance of rs 1000 bank transactions are smooth,59,Satisfied
KESAVAN,2020-03-08,Chennai,Axis Bank,5.0,"""Best Account""",Axis bank sales executive came to my company and opened a salary account for me. Its been 2 years and am using as zero balance account. Their net banking facility is best and its easy to access the mobile app too. I get a notification immediately whenever I'm doing the transaction. I never visited their branch till now but their call centre response is good.,https://static.bankbazaar.com/images/common/bank-logo/axis.png,Blown Away!,0,axis bank sales executive came to my company and opened a salary account for me its been 2 years and am using as zero balance account their net banking facility is best and its easy to access the mobile app too i get a notification immediately whenever im doing the transaction i never visited their branch till now but their call centre response is good,65,Satisfied
A S,2020-03-08,Chennai,Unknown,5.0,"""Excellent services""","4 years ago, i have opened the salary account from Standard Chartered bank because from my company side they have provided this account. Its a zero balance account to use. They have provided me a app which is briefly mentioned everything. In the branch, the response is good. ATM facility is not available in all the places but they have given me a facility of unlimited withdrawals in all the bank ATM without any additional charges.",https://static.bankbazaar.com/images/common/bank-logo/ALL_BANKS.png,Blown Away!,7,4 years ago i have opened the salary account from standard chartered bank because from my company side they have provided this account its a zero balance account to use they have provided me a app which is briefly mentioned everything in the branch the response is good atm facility is not available in all the places but they have given me a facility of unlimited withdrawals in all the bank atm without any additional charges,76,Satisfied
GA,2020-03-08,Vijayawada,Unknown,5.0,"""Need to provide more atm ""","When I was working in previous company , they told to open a salary account with ANDHRA bank and I maintain an account for the past 3 years. Since I changed to other company this account as converted now as saving account.  Its zero balance account. ATM charges are applicable. But there is no much ATM is avail in my city.",https://static.bankbazaar.com/images/common/bank-logo/ALL_BANKS.png,Blown Away!,0,when i was working in previous company they told to open a salary account with andhra bank and i maintain an account for the past 3 years since i changed to other company this account as converted now as saving account its zero balance account atm charges are applicable but there is no much atm is avail in my city,60,Satisfied
PADAGA,2020-03-08,Vijayawada,HDFC Bank,5.0,"""Need to decrease charge """,I am holding a salary account in HDFC for more than one year. There is no hidden charges in this bank. It is a zero balance account. I am using mobile app and it is user friendly to access. On quarterly basis charges are applicable of 30 rupees for SMS charges and ATM charge is applicable of if I use more than 5 times in a month.,https://static.bankbazaar.com/images/common/bank-logo/hdfc.png,Blown Away!,0,i am holding a salary account in hdfc for more than one year there is no hidden charges in this bank it is a zero balance account i am using mobile app and it is user friendly to access on quarterly basis charges are applicable of 30 rupees for sms charges and atm charge is applicable of if i use more than 5 times in a month,67,Satisfied
JAMAL,2020-03-08,Chennai,Unknown,2.0,"""Problem free bank""","Almost 7 years, i have been using the salary account from Indian Overseas Bank and i have chosen this bank because it will not be much crowded as other banks. They don't deduct any kind of hidden charges. I need to maintain a minimum balance of Rs. 1000. Net banking facility is not that much advanced which can be improved.",https://static.bankbazaar.com/images/common/bank-logo/ALL_BANKS.png,Expected more,7,almost 7 years i have been using the salary account from indian overseas bank and i have chosen this bank because it will not be much crowded as other banks they dont deduct any kind of hidden charges i need to maintain a minimum balance of rs 1000 net banking facility is not that much advanced which can be improved,60,Dissatisfied
KAPIL  KUMAR,2020-03-07,Moradabad,HDFC Bank,5.0,"""Good account """,My company has given option to maintain my salary account in HDFC bank. I have been holding this account for 10 years. There is no hidden charges. I can do minimum transaction amount of 5K which is low and need to maintain minimum of  150 rupees. Atm and branches are near. Mobile app  and net banking are user friendly to access . I get alert message from bank whenever I do a transaction.,https://static.bankbazaar.com/images/common/bank-logo/hdfc.png,Blown Away!,0,my company has given option to maintain my salary account in hdfc bank i have been holding this account for 10 years there is no hidden charges i can do minimum transaction amount of 5k which is low and need to maintain minimum of 150 rupees atm and branches are near mobile app and net banking are user friendly to access i get alert message from bank whenever i do a transaction,72,Satisfied
S,2020-03-07,Bangalore,Unknown,5.0,"""Best savings account""","I have been using savings account with KARNATAKA Bank since 2011. This is only savings account,  so no need to maintain minimum balance. Whenever I do cash withdrawal, shopping have been receiving alert message. Customer service and responsiveness was good.",https://static.bankbazaar.com/images/common/bank-logo/ALL_BANKS.png,Blown Away!,2,i have been using savings account with karnataka bank since 2011 this is only savings account so no need to maintain minimum balance whenever i do cash withdrawal shopping have been receiving alert message customer service and responsiveness was good,40,Satisfied
S,2020-03-07,Chennai,Unknown,5.0,"""Very fast message""","From INDIAN OVERSEAS BANK, i am using savings account more than 15 years. There is card charges, i am maintaining Rs. 1000 in this bank.  I am using mobile app and net banking.  They are good in alert messages whenever I do a transactions. ATMs and branches are near to my residence.",https://static.bankbazaar.com/images/common/bank-logo/ALL_BANKS.png,Blown Away!,8,from indian overseas bank i am using savings account more than 15 years there is card charges i am maintaining rs 1000 in this bank i am using mobile app and net banking they are good in alert messages whenever i do a transactions atms and branches are near to my residence,52,Satisfied
S,2020-03-07,Chennai,Punjab National Bank,5.0,"""Good""","Recently i have taken PNB savings account, they told me to maintain a balance of Rs. 1500 even though I'm maintaining minimum balance, they are deducting lots of hidden charges . ATM and branch is near to my home, Their customer service is giving proper response.",https://static.bankbazaar.com/images/common/bank-logo/punjab-national-bank.png,Blown Away!,15,recently i have taken pnb savings account they told me to maintain a balance of rs 1500 even though im maintaining minimum balance they are deducting lots of hidden charges atm and branch is near to my home their customer service is giving proper response,45,Satisfied
P  KUMAR,2020-03-06,Chennai,Unknown,5.0,"""Excellent Service""",I am using Standard Chartered Bank salary account   for 1.5 years .This account  is used much frequently and also  using net banking  service as well as  mobile banking service and credit card  bill payment and money transfer .customer  service is also good and  banking service was comfortable .,https://static.bankbazaar.com/images/common/bank-logo/ALL_BANKS.png,Blown Away!,5,i am using standard chartered bank salary account for 15 years this account is used much frequently and also using net banking service as well as mobile banking service and credit card bill payment and money transfer customer service is also good and banking service was comfortable,47,Satisfied
R  RAVEENDRAN,2020-03-06,Kochi,SBI,4.0,"""Good Service""","I am using SBI salary account which ,i am having more than 10 years .The transactions are done frequently and using net banking and mobile banking service it is very much user friendly.I am using both the service for credit card bill payment.Each transaction is safe and secure and ,i am satisfied with the service.",https://static.bankbazaar.com/images/common/bank-logo/sbi-4.png,Great!,0,i am using sbi salary account which i am having more than 10 years the transactions are done frequently and using net banking and mobile banking service it is very much user friendlyi am using both the service for credit card bill paymenteach transaction is safe and secure and i am satisfied with the service,55,Satisfied
DAS,2020-03-06,Chennai,HDFC Bank,4.5,"""Good Account """,My company gave me a salary account from HDFC and i have opened the account in the year of May 2015. Its a zero balance account to use. Its good to use the Internet banking and mobile app facility. I have visited their branch once because of changing my net banking pin and the response is superb. They do not take any extra charges from customer's account without customer's knowledge.,https://static.bankbazaar.com/images/common/bank-logo/hdfc.png,Excellent!,0,my company gave me a salary account from hdfc and i have opened the account in the year of may 2015 its a zero balance account to use its good to use the internet banking and mobile app facility i have visited their branch once because of changing my net banking pin and the response is superb they do not take any extra charges from customers account without customers knowledge,70,Satisfied
YAR,2020-03-06,Vadodara,Unknown,5.0,"""Best account """,I am holding my salary account with BANK OF BARODA on 7 years. Though its salary account I need to maintain a amount of 3K as minimum. There is no hidden charges and  service is good. Mobile app is user friendly to access. I get alert message on time for the transaction. I use to get offers for loans and credit card.,https://static.bankbazaar.com/images/common/bank-logo/ALL_BANKS.png,Blown Away!,0,i am holding my salary account with bank of baroda on 7 years though its salary account i need to maintain a amount of 3k as minimum there is no hidden charges and service is good mobile app is user friendly to access i get alert message on time for the transaction i use to get offers for loans and credit card,62,Satisfied
BALAJI,2020-03-06,Bangalore,HDFC Bank,5.0,"""The best bank""",I am using HDFC savings account almost 3 years before. I need to maintain a minimum balance of Rs. 5000. The branch is nearby  my office hence I chosen this bank. Staff response is really good. They don't deduct any hidden charges but they will charge for non balance maintenance like if less than 50% from the required balance they charge Rs. 500.,https://static.bankbazaar.com/images/common/bank-logo/hdfc.png,Blown Away!,0,i am using hdfc savings account almost 3 years before i need to maintain a minimum balance of rs 5000 the branch is nearby my office hence i chosen this bank staff response is really good they dont deduct any hidden charges but they will charge for non balance maintenance like if less than 50 from the required balance they charge rs 500,63,Satisfied
BALAJI,2020-03-06,Bangalore,Unknown,5.0,"""Call support can be better""",I have opened DBS bank salary account on 3 years ago. Its a zero balance account to use. Its good to use a Internet banking and mobile app facility. I will do most of the transactions through app since its very comfortable to use. There is no call support in this bank. There is no charges for the fund transfer.,https://static.bankbazaar.com/images/common/bank-logo/ALL_BANKS.png,Blown Away!,3,i have opened dbs bank salary account on 3 years ago its a zero balance account to use its good to use a internet banking and mobile app facility i will do most of the transactions through app since its very comfortable to use there is no call support in this bank there is no charges for the fund transfer,60,Satisfied
RANI,2020-03-05,Rangareddy,Kotak,4.0,"""Good Account""","I opened my savings account from Kotak Mahindra bank its because of the maintenance of zero balance. For my savings purpose, I have chosen this account but I'm not doing much transaction from this account. I am not using their online banking facility and mobile app. I availed the account on last 5 months back.",https://static.bankbazaar.com/images/common/bank-logo/kotak.png,Great!,2,i opened my savings account from kotak mahindra bank its because of the maintenance of zero balance for my savings purpose i have chosen this account but im not doing much transaction from this account i am not using their online banking facility and mobile app i availed the account on last 5 months back,55,Satisfied
ANUGU,2020-03-05,Rangareddy,HDFC Bank,4.0,"""Average Account""",I am using my salary account from HDFC bank for almost 2 years. Its a zero balance account to use. I have experienced of their net banking facility which is good to use but i have not tried mobile app. I'm receiving an OTP immediately whenever I'm doing an online transaction. They don't deduct any kind of additional charges.,https://static.bankbazaar.com/images/common/bank-logo/hdfc.png,Great!,0,i am using my salary account from hdfc bank for almost 2 years its a zero balance account to use i have experienced of their net banking facility which is good to use but i have not tried mobile app im receiving an otp immediately whenever im doing an online transaction they dont deduct any kind of additional charges,59,Satisfied
ANONYMOUS,2020-03-05,Jammu,HDFC Bank,5.0,"""Very Good Account""",Opened my salary account with HDFC in the year of 2012 because my company has provided this account to me. Its a zero balance account to have. Its excellent to use the net banking and mobile app facility. Some time i went to the HDFC branch for converting my old cash to new one and for a transaction issue but response was not that good.,https://static.bankbazaar.com/images/common/bank-logo/hdfc.png,Blown Away!,0,opened my salary account with hdfc in the year of 2012 because my company has provided this account to me its a zero balance account to have its excellent to use the net banking and mobile app facility some time i went to the hdfc branch for converting my old cash to new one and for a transaction issue but response was not that good,65,Satisfied
NUTULAPATI,2020-03-05,Bangalore,Axis Bank,3.0,"""Good Services""",I am using the salary account from Axis bank for more than 2 years because my company has provided me this account. I don't need to hold any minimum balance. I'm not using an Internet banking and mobile app facility because of the safe and security. They have not taken any additional charges from my account.,https://static.bankbazaar.com/images/common/bank-logo/axis.png,Satisfactory,0,i am using the salary account from axis bank for more than 2 years because my company has provided me this account i dont need to hold any minimum balance im not using an internet banking and mobile app facility because of the safe and security they have not taken any additional charges from my account,56,Average
Y   SURYA,2020-03-05,Aurangabad,HDFC Bank,5.0,"""Best  Service""","I have HDFC Bank salary account which i am  using for the past 5 years from 2015 onward ,net banking mostly use  for money transfer and  credit card bill payment as well. The transaction  is very safe and banking service is much comfortable  pretty good .",https://static.bankbazaar.com/images/common/bank-logo/hdfc.png,Blown Away!,0,i have hdfc bank salary account which i am using for the past 5 years from 2015 onward net banking mostly use for money transfer and credit card bill payment as well the transaction is very safe and banking service is much comfortable pretty good,45,Satisfied
JANGAM,2020-03-05,Mumbai,SBI,4.0,"""Good Account""","I am using the salary account with State Bank of India more than 10 year. But there is no proper response from the call centre people and not good response from branch also. Regarding some transaction detail, I called the banker but they asking the customer to wait for a long time. They don't deduct any hidden charges.",https://static.bankbazaar.com/images/common/bank-logo/sbi-4.png,Great!,0,i am using the salary account with state bank of india more than 10 year but there is no proper response from the call centre people and not good response from branch also regarding some transaction detail i called the banker but they asking the customer to wait for a long time they dont deduct any hidden charges,58,Satisfied
S G,2020-03-05,Kochi,SBI,4.0,"""Good Bank""",SBI gives attractive interest rate to the customer so that i have chosen the savings account from SBI. I'm using this account for last 10 years. Its very convenient to use the net banking facility and i've downloaded the YONO app in my phone. I'm not maintaining any minimum balance on this account but they are not charging any amount for that. They will deduct only Rs. 150 for the ATM debit card on a yearly basis.,https://static.bankbazaar.com/images/common/bank-logo/sbi-4.png,Great!,0,sbi gives attractive interest rate to the customer so that i have chosen the savings account from sbi im using this account for last 10 years its very convenient to use the net banking facility and ive downloaded the yono app in my phone im not maintaining any minimum balance on this account but they are not charging any amount for that they will deduct only rs 150 for the atm debit card on a yearly basis,77,Satisfied
GOVIN,2020-03-04,Bangalore,Unknown,5.0,"""Good """,I am holding a saving account  with DEVELOPMENT CREDIT BANK for more than 9 years. Since my friend has suggested so I opened an account with them. There is no hidden charges in this bank. It is a  zero balance account. I am using mobile app and net banking both are user friendly to access. If I do transaction from other ATM there will be no charge. I can transact up to 1L,https://static.bankbazaar.com/images/common/bank-logo/ALL_BANKS.png,Blown Away!,7,i am holding a saving account with development credit bank for more than 9 years since my friend has suggested so i opened an account with them there is no hidden charges in this bank it is a zero balance account i am using mobile app and net banking both are user friendly to access if i do transaction from other atm there will be no charge i can transact up to 1l,73,Satisfied
G GODDETI,2020-03-04,Pune,Citibank,4.5,"""Good Service""","I am using Citi bank salary account  for the past 3 years and their net banking is used for NEFT transfer and mobile banking for UPI payments. If have any query, I will contact customer service they are  giving good response and rectifying the issues.  Banking  service was much  satisfied. There was no fraudulent transaction happened so far.",https://static.bankbazaar.com/images/common/bank-logo/citibank.png,Excellent!,1,i am using citi bank salary account for the past 3 years and their net banking is used for neft transfer and mobile banking for upi payments if have any query i will contact customer service they are giving good response and rectifying the issues banking service was much satisfied there was no fraudulent transaction happened so far,58,Satisfied
E,2020-03-04,Tirunelveli,SBI,5.0,"""Excellent service ""","From State Bank of India, i am having a savings account. Here, I am maintaining a minimum balance of Rs.3,000 every month. ATM service is good, whenever i withdraw cash, am getting alert messages. Customer service and responsiveness was good.",https://static.bankbazaar.com/images/common/bank-logo/sbi-4.png,Blown Away!,0,from state bank of india i am having a savings account here i am maintaining a minimum balance of rs3000 every month atm service is good whenever i withdraw cash am getting alert messages customer service and responsiveness was good,40,Satisfied
PRAD,2020-03-04,Bangalore,SBI,5.0,"""Good saving account ""","To apply for a car loan I have opened saving account in SBI on 4 years back. I use this account only to do EMI payment for the loan. Need to maintain a minimum balance of 3K if not some charge is applicable. Since its National bank, this account can be used all over India and useful too.",https://static.bankbazaar.com/images/common/bank-logo/sbi-4.png,Blown Away!,0,to apply for a car loan i have opened saving account in sbi on 4 years back i use this account only to do emi payment for the loan need to maintain a minimum balance of 3k if not some charge is applicable since its national bank this account can be used all over india and useful too,58,Satisfied
P K,2020-03-03,Hyderabad,SBI,5.0,"""Best savings account""",I have SBI salary account which is very user friendly. Each transaction is very safe and secured on banking service. Need to maintain minimum balance of Rs.  500 or 1000. Customer service and responsiveness was good. Mostly i will go to the branch directly for any issues.,https://static.bankbazaar.com/images/common/bank-logo/sbi-4.png,Blown Away!,0,i have sbi salary account which is very user friendly each transaction is very safe and secured on banking service need to maintain minimum balance of rs 500 or 1000 customer service and responsiveness was good mostly i will go to the branch directly for any issues,47,Satisfied
P,2020-03-03,Hyderabad,Citibank,5.0,"""Best bank ""","I am holding a salary account with CITI Bank for past 2.5  years. There is no hidden charges in this bank. I use to get an alert messages from bank whenever I do a transactions. Mostly I use for online transactions, i opted whatsapp also and getting messages.",https://static.bankbazaar.com/images/common/bank-logo/citibank.png,Blown Away!,1,i am holding a salary account with citi bank for past 25 years there is no hidden charges in this bank i use to get an alert messages from bank whenever i do a transactions mostly i use for online transactions i opted whatsapp also and getting messages,48,Satisfied
P  BOYA,2020-03-03,Hyderabad,Axis Bank,4.0,"""Good Service""",I have Axis Bank salary account for the past 8 years .I am using net banking service as well as mobile banking service it is very user friendly .I am mostly using both the service for online payment and money transfer and for credit card bill payment. Each transaction is safe and secured also service is good and getting good response .,https://static.bankbazaar.com/images/common/bank-logo/axis.png,Great!,1,i have axis bank salary account for the past 8 years i am using net banking service as well as mobile banking service it is very user friendly i am mostly using both the service for online payment and money transfer and for credit card bill payment each transaction is safe and secured also service is good and getting good response,61,Satisfied
ANONYMOUS,2020-03-03,Kolkata,Unknown,4.5,"""Good Account""","Digi bank savings account is really good to use. Since I'm not able to maintain many account, i close this account. Its because of the friend's referral, i have opened this account and they have provided me a zero balance account. Its totally non branch account and they do have a less number of branch's in my city.",https://static.bankbazaar.com/images/common/bank-logo/ALL_BANKS.png,Excellent!,2,digi bank savings account is really good to use since im not able to maintain many account i close this account its because of the friends referral i have opened this account and they have provided me a zero balance account its totally non branch account and they do have a less number of branchs in my city,58,Satisfied
ANONYMOUS,2020-03-03,Kolkata,Axis Bank,4.0,"""Good Account""",There is a lots of consultation of charges so i have closed the Axis bank savings account. They are charging for non balance maintenance if am not maintaining 1K from my savings account. Banking service has been good. Staffs were very helpful when i went to the branch for closing my savings account.,https://static.bankbazaar.com/images/common/bank-logo/axis.png,Great!,1,there is a lots of consultation of charges so i have closed the axis bank savings account they are charging for non balance maintenance if am not maintaining 1k from my savings account banking service has been good staffs were very helpful when i went to the branch for closing my savings account,53,Satisfied
S D,2020-03-03,Kolkata,SBI,5.0,"""Fine Account ""","My salary account is with State Bank of India, they don't take any hidden charges. Earlier it was a salary account and after that i have converted into savings account hence now i don't need to maintain any minimum balance. I use their Internet banking which is fair to use. There is no additional charges for other ATM withdrawal because of salary account, i can do unlimited withdrawal.",https://static.bankbazaar.com/images/common/bank-logo/sbi-4.png,Blown Away!,1,my salary account is with state bank of india they dont take any hidden charges earlier it was a salary account and after that i have converted into savings account hence now i dont need to maintain any minimum balance i use their internet banking which is fair to use there is no additional charges for other atm withdrawal because of salary account i can do unlimited withdrawal,68,Satisfied
K  VERMA,2020-03-03,Ludhiana,Punjab National Bank,5.0,"""Good Service""","I am using Punjab National Bank  salary account for the past 6 years only ,I will be getting message alert as well as email alert for all transactions . Banking service  is very good  and customer service is much satisfied as well. Each and every transaction is done frequently and there was  no fraudulent transactions happened so far .",https://static.bankbazaar.com/images/common/bank-logo/punjab-national-bank.png,Blown Away!,4,i am using punjab national bank salary account for the past 6 years only i will be getting message alert as well as email alert for all transactions banking service is very good and customer service is much satisfied as well each and every transaction is done frequently and there was no fraudulent transactions happened so far,57,Satisfied
S,2020-03-03,Bangalore,Kotak,5.0,"""Excellent """,I am holding savings account from KOTAK Bank. This is a salary comes savings so no need to maintain minimum balance. Kotak bank has very good application and there is a no debit card charges. Customer service and response they are giving proper reply.,https://static.bankbazaar.com/images/common/bank-logo/kotak.png,Blown Away!,0,i am holding savings account from kotak bank this is a salary comes savings so no need to maintain minimum balance kotak bank has very good application and there is a no debit card charges customer service and response they are giving proper reply,44,Satisfied
S  MU,2020-03-03,Bangalore,SBI,5.0,"""Best savings account""","From SBI, i am using savings account more than 20 years . There is no requirement for minimum balance when i was in college my father opened this account for me and i am still using this account. Every shopping, cash withdrawal i am getting messages instantly and atm service is near to my residence.",https://static.bankbazaar.com/images/common/bank-logo/sbi-4.png,Blown Away!,0,from sbi i am using savings account more than 20 years there is no requirement for minimum balance when i was in college my father opened this account for me and i am still using this account every shopping cash withdrawal i am getting messages instantly and atm service is near to my residence,54,Satisfied
A MANU,2020-03-03,Bangalore,Axis Bank,4.0,"""Best  Service""",I am using Axis bank Saving  account  for the past 2 years This net banking  service as well as mobile app  is used for money transfer upto 2lakhs during emergency purpose and also can track all the transaction. It  is very safe and secure  and fraudulent transactions are not happened . The customer service  is also good and getting good  response .,https://static.bankbazaar.com/images/common/bank-logo/axis.png,Great!,0,i am using axis bank saving account for the past 2 years this net banking service as well as mobile app is used for money transfer upto 2lakhs during emergency purpose and also can track all the transaction it is very safe and secure and fraudulent transactions are not happened the customer service is also good and getting good response,60,Satisfied
AKHTER,2020-03-03,New delhi,Axis Bank,5.0,"""Satisfactory account""",My salary account was opened 4 years before and I have selected the Axis bank because they are treating the customer in a satisfactory way. Their net banking was good and the website is easy to understand and customer friendly. They don't deduct any kind of hidden charges. Usually i am visiting the bank and the staffs are very responsive and well mannered.,https://static.bankbazaar.com/images/common/bank-logo/axis.png,Blown Away!,0,my salary account was opened 4 years before and i have selected the axis bank because they are treating the customer in a satisfactory way their net banking was good and the website is easy to understand and customer friendly they dont deduct any kind of hidden charges usually i am visiting the bank and the staffs are very responsive and well mannered,63,Satisfied
ANONYMOUS,2020-03-03,Ludhiana,SBI,5.0,"""Good and safe bank""",I have been holding my savings account with State Bank of India for almost 12 years. Its not required to maintain any minimum balance. Their mobile app facility is really good. I have visited their branch sometimes to give a request for changing of my address and the response is good. Branch is not that much crowded.,https://static.bankbazaar.com/images/common/bank-logo/sbi-4.png,Blown Away!,0,i have been holding my savings account with state bank of india for almost 12 years its not required to maintain any minimum balance their mobile app facility is really good i have visited their branch sometimes to give a request for changing of my address and the response is good branch is not that much crowded,57,Satisfied
V,2020-03-03,Chennai,Kotak,5.0,"""Best savings account""",I have chosen the savings account from Kotak Mahindra bank and i am using this account from last 3 years. There is a no requirement for minimum balance. ATM services are near to my residence. Whenever i do shopping i will be getting alert messages.,https://static.bankbazaar.com/images/common/bank-logo/kotak.png,Blown Away!,0,i have chosen the savings account from kotak mahindra bank and i am using this account from last 3 years there is a no requirement for minimum balance atm services are near to my residence whenever i do shopping i will be getting alert messages,45,Satisfied
Riyaz Ahmad,2020-03-02,Anantnag,SBI,1.5,"""I want to sbi sieving account  i like state bank of india  .""","I want to opne sieving account  .  
 .  .  .  .  .  .  .  .  .  .  .  .  .  .  .  .  .  .  .  .  .  .  .  .  .  .  .  .  .  .  .  .  .  .  .  .  .  .  .  .  .  .  .  .  .  .  .  .  .  .  .  .  .  .  .  .  .  .  .  .  .  .  .  .  .  .  .  .  .  .  .  .  .  .  .  .  .  .  .  .  .  .  .  .  .  .  .  .  .  .  .  .  .  .  .  .  .  .  .  .  .  .  .  .  .  .  .  .  .  .  .  .  .  .  .  .  .  .  .  .  .  .  .  .  .  .  .  .  .  .  .  .  .  .  .  .  .  .  .  .  .  .  .  .  .  .  .  .  .  .  .  .  .  .  .  .  .  .  .  .  .  .  .  .  .  .  .  .  .  .  .  .  .  .",https://static.bankbazaar.com/images/common/bank-logo/sbi-4.png,Bad,4,i want to opne sieving account,6,Dissatisfied
RAJ,2020-03-02,Madurai,Unknown,3.0,"""Need to provide more loan offers ""","I use the saving account from  KARUR VYSYA BANK past  3 years. Need to maintain a minimum amount of 1K. If not some  charges are applicable. I have faced any  hidden charges. I get alert message and mail whenever I do a transaction. But I wont get any offer message , suggested to provide some offer as well.",https://static.bankbazaar.com/images/common/bank-logo/ALL_BANKS.png,Satisfactory,1,i use the saving account from karur vysya bank past 3 years need to maintain a minimum amount of 1k if not some charges are applicable i have faced any hidden charges i get alert message and mail whenever i do a transaction but i wont get any offer message suggested to provide some offer as well,57,Average
PA,2020-03-02,Madurai,Unknown,3.0,"""Need to improve online service ""","I maintain my saving account with INDIAN BANK for more than 6 years. It is a minimum balance need to maintain either 500 or1000 rupees. I am not happy with their online service because if I forget password, am unable to reset through online which I need to visit their branch then only it can be done.",https://static.bankbazaar.com/images/common/bank-logo/ALL_BANKS.png,Satisfactory,2,i maintain my saving account with indian bank for more than 6 years it is a minimum balance need to maintain either 500 or1000 rupees i am not happy with their online service because if i forget password am unable to reset through online which i need to visit their branch then only it can be done,57,Average
GA,2020-03-02,Madurai,Unknown,4.0,"""Good service""",I am having saving account with INDIAN OVERSEAS BANK more than 6 years. Need to maintain a minimum balance amount of 1K. So far I haven't faced any hidden charges from their end. I use to get message whenever I do a transaction. I get offer message for other products as well.,https://static.bankbazaar.com/images/common/bank-logo/ALL_BANKS.png,Great!,3,i am having saving account with indian overseas bank more than 6 years need to maintain a minimum balance amount of 1k so far i havent faced any hidden charges from their end i use to get message whenever i do a transaction i get offer message for other products as well,52,Satisfied
EN,2020-03-02,Madurai,HDFC Bank,4.0,"""Good bank for getting more loan offers ""","I get my salary in HDFC account, hence holding this account more than 11 years. There is no hidden charges in this bank. It is a  zero balance account. I am using mobile app and it is user friendly to access. I use to get an alert messages from bank whenever I do a transactions. ATMs and branch's are near to reach them directly.",https://static.bankbazaar.com/images/common/bank-logo/hdfc.png,Great!,0,i get my salary in hdfc account hence holding this account more than 11 years there is no hidden charges in this bank it is a zero balance account i am using mobile app and it is user friendly to access i use to get an alert messages from bank whenever i do a transactions atms and branchs are near to reach them directly,64,Satisfied
ANONYMOUS,2020-03-02,Kochi,Punjab National Bank,5.0,"""Good but not easy""",Interest rates are low in Punjab National just because of this reason i have opened the savings account from this bank. Its a zero balance account. I used their net banking facility but it was a out dated version. I went to their branch for applying the loan and the staff given me a cold response which I'm satisfied and the branch manager was so helpful.,https://static.bankbazaar.com/images/common/bank-logo/punjab-national-bank.png,Blown Away!,4,interest rates are low in punjab national just because of this reason i have opened the savings account from this bank its a zero balance account i used their net banking facility but it was a out dated version i went to their branch for applying the loan and the staff given me a cold response which im satisfied and the branch manager was so helpful,66,Satisfied
ANONYMOUS,2020-03-02,Kochi,Axis Bank,3.5,"""Good Banking""","My company gave me a salary account from Axis bank. I can use it as a zero balance. Its good to use their mobile app and net banking facility. I have contacted the branch twice for complaining about the unknown charges and the problem is not rectified, they itself don't know the reason why they have charged.",https://static.bankbazaar.com/images/common/bank-logo/axis.png,Pretty good,0,my company gave me a salary account from axis bank i can use it as a zero balance its good to use their mobile app and net banking facility i have contacted the branch twice for complaining about the unknown charges and the problem is not rectified they itself dont know the reason why they have charged,57,Dissatisfied
ANONYMOUS,2020-03-02,Bangalore,Axis Bank,5.0,"""Good Bank""","When i joined to the customer, they have given me a salary account with default bank account with Axis bank. Its a zero balance account but I'm maintaining a minimum balance of Rs. 10000. Its quite convenient to use the Internet banking and everything is available in online about UPI payment, fund transfer, FD investment scheme, forex.",https://static.bankbazaar.com/images/common/bank-logo/axis.png,Blown Away!,1,when i joined to the customer they have given me a salary account with default bank account with axis bank its a zero balance account but im maintaining a minimum balance of rs 10000 its quite convenient to use the internet banking and everything is available in online about upi payment fund transfer fd investment scheme forex,57,Satisfied
ANONYMOUS,2020-03-02,Ahmedabad,Unknown,5.0,"""Good Account""","I have opted the savings account from Bank of India. Their bank executive will respond well and helpful towards the customer. Since the branch is located nearby my home, i have selected this bank. I don't need to maintain any kind of minimum balance. I have not used their net banking facility and i have closed this account because of non transactions.",https://static.bankbazaar.com/images/common/bank-logo/ALL_BANKS.png,Blown Away!,11,i have opted the savings account from bank of india their bank executive will respond well and helpful towards the customer since the branch is located nearby my home i have selected this bank i dont need to maintain any kind of minimum balance i have not used their net banking facility and i have closed this account because of non transactions,62,Satisfied
ANONYMOUS,2020-03-02,Ahmedabad,HDFC Bank,4.0,"""Good Account""","In my HDFC salary account, they are charging Rs. 100 for not maintaining a minimum balance even though its a zero balance maintenance account. When i raised a complaint, they haven't rectify it. I opened the account 6 years ago. When i went to the branch, they are giving good response to the customer.",https://static.bankbazaar.com/images/common/bank-logo/hdfc.png,Great!,1,in my hdfc salary account they are charging rs 100 for not maintaining a minimum balance even though its a zero balance maintenance account when i raised a complaint they havent rectify it i opened the account 6 years ago when i went to the branch they are giving good response to the customer,54,Satisfied
S JENI,2020-03-02,Chennai,SBI,5.0,"""Best  Sevice""",I have SBI salary account for the past 12 years. I am using net banking service  as well as mobile banking service .This service is mostly used for money transfer and to take transaction statement because no need to travel too long to branch. Banking service is also much satisfied .,https://static.bankbazaar.com/images/common/bank-logo/sbi-4.png,Blown Away!,0,i have sbi salary account for the past 12 years i am using net banking service as well as mobile banking service this service is mostly used for money transfer and to take transaction statement because no need to travel too long to branch banking service is also much satisfied,50,Satisfied
A,2020-03-02,Bangalore,Axis Bank,3.0,"""Best savings account ""","In the year of 2019 , i have opened the salary account from Axis Bank since the branch is located near to residence. Its a zero balance account to use. I am not using the Internet banking and mobile app facility. They are deducting some charges from my account which I should check with the customer care.",https://static.bankbazaar.com/images/common/bank-logo/axis.png,Satisfactory,1,in the year of 2019 i have opened the salary account from axis bank since the branch is located near to residence its a zero balance account to use i am not using the internet banking and mobile app facility they are deducting some charges from my account which i should check with the customer care,56,Average
ANONYMOUS,2020-03-02,Allahabad,SBI,5.0,"""SBI is good""",SBI is a very good bank and its a back bone of India. My account is with SBI for more than 20 years and till now I'm running this account and this is my first bank account. I need to hold a minimum balance of Rs. 1000. Sometimes i faced some issue when i do the deposit of outside cheque but it taken too much high time to credit the money to my account.,https://static.bankbazaar.com/images/common/bank-logo/sbi-4.png,Blown Away!,0,sbi is a very good bank and its a back bone of india my account is with sbi for more than 20 years and till now im running this account and this is my first bank account i need to hold a minimum balance of rs 1000 sometimes i faced some issue when i do the deposit of outside cheque but it taken too much high time to credit the money to my account,74,Satisfied
A R,2020-03-02,Allahabad,Axis Bank,5.0,"""Okay Account""",I'm using this Axis bank for last 8 years but till date i have not faced any problems. Its not a zero balance account hence I'm maintaining some money. Its okay to use the net banking facility. They are charging some hidden amount for NEFT transactions.,https://static.bankbazaar.com/images/common/bank-logo/axis.png,Blown Away!,2,im using this axis bank for last 8 years but till date i have not faced any problems its not a zero balance account hence im maintaining some money its okay to use the net banking facility they are charging some hidden amount for neft transactions,46,Satisfied
DAL,2020-03-02,Kolkata,Axis Bank,5.0,"""Eco friendly bank""","I maintain my saving account with AXIS bank for past 5 years directly visited this bank to open an account. Need to maintain a minimum balance of 10K, if not charges are nominal. There is consolidation charge once in a year for 500 rupees but its fine for me. ATM and branch's are near of 2-5Kms. Mobile banking and net banking both are user friendly to access.",https://static.bankbazaar.com/images/common/bank-logo/axis.png,Blown Away!,1,i maintain my saving account with axis bank for past 5 years directly visited this bank to open an account need to maintain a minimum balance of 10k if not charges are nominal there is consolidation charge once in a year for 500 rupees but its fine for me atm and branchs are near of 25kms mobile banking and net banking both are user friendly to access,67,Satisfied
HM,2020-03-02,Kolkata,Axis Bank,5.0,"""Good service""","When I was salaried person, holding a salary account with AXIS bank which was given by my company. It was near about 7 years. No need to maintain a minimum balance amount. Once I left the job and started doing business then went to bank directly and asked suggestion about the account whether to hold or not. They told since I am doing business, can close the account hence I done the same.",https://static.bankbazaar.com/images/common/bank-logo/axis.png,Blown Away!,1,when i was salaried person holding a salary account with axis bank which was given by my company it was near about 7 years no need to maintain a minimum balance amount once i left the job and started doing business then went to bank directly and asked suggestion about the account whether to hold or not they told since i am doing business can close the account hence i done the same,73,Satisfied
ANONYMOUS,2020-03-01,Ahmedabad,Kotak,4.0,"""Safe and reliable""",I have chosen the savings account from Kotak Mahindra bank and i am using this account from last 2 years. This account has a minimum balance maintenance of Rs. 10000. I don't have any problem to use the Internet banking and mobile app facility. They don't deduct any kind of hidden charges.,https://static.bankbazaar.com/images/common/bank-logo/kotak.png,Great!,1,i have chosen the savings account from kotak mahindra bank and i am using this account from last 2 years this account has a minimum balance maintenance of rs 10000 i dont have any problem to use the internet banking and mobile app facility they dont deduct any kind of hidden charges,52,Satisfied
J S T,2020-03-01,Ahmedabad,HDFC Bank,5.0,"""Stable and reliable bank""","I have opened the savings account from HDFC and i have been using this for more than 25 years because the bank management policies, stability and reliable banking. I need to hold a minimum balance of Rs. 10000 and As far as i know, if i come across any conditions at that time there are some charges.",https://static.bankbazaar.com/images/common/bank-logo/hdfc.png,Blown Away!,1,i have opened the savings account from hdfc and i have been using this for more than 25 years because the bank management policies stability and reliable banking i need to hold a minimum balance of rs 10000 and as far as i know if i come across any conditions at that time there are some charges,57,Satisfied
MANTUNATHA,2020-03-01,Gadag,SBI,4.0,"""Good Account""","I never interacted with the SBI call centre people till now for any kind of enquiry in my savings account. Last 5 years before, i have opened this account because its a zero balance maintenance account. Branch service is good. Bank always has a rush and there is a long queue to wait. Some staffs are very rude to the customer which can be improved.",https://static.bankbazaar.com/images/common/bank-logo/sbi-4.png,Great!,0,i never interacted with the sbi call centre people till now for any kind of enquiry in my savings account last 5 years before i have opened this account because its a zero balance maintenance account branch service is good bank always has a rush and there is a long queue to wait some staffs are very rude to the customer which can be improved,65,Satisfied
MANTUNATHA,2020-03-01,Gadag,Axis Bank,4.0,"""Good Account""",Last 4 years i have been using the salary account with Axis bank and i have not faced any issues till now. Its a zero balance account even though i used to hold a minimum balance of Rs. 5000. I won't do the other ATM for withdrawing the money or else they will deduct the money of Rs. 25 if i cross the limit.,https://static.bankbazaar.com/images/common/bank-logo/axis.png,Great!,1,last 4 years i have been using the salary account with axis bank and i have not faced any issues till now its a zero balance account even though i used to hold a minimum balance of rs 5000 i wont do the other atm for withdrawing the money or else they will deduct the money of rs 25 if i cross the limit,64,Satisfied
ANONYMOUS,2020-03-01,Mangalore,SBI,5.0,"""Very Good Account""","From State Bank of India, i am having a salary account because my company has maintain all their record with SBI only. I need to maintain a minimum balance of Rs. 5000 even though its salary account. They don't cut any hidden charges from my account. I can withdraw upto Rs. 20000 from the ATM per day.",https://static.bankbazaar.com/images/common/bank-logo/sbi-4.png,Blown Away!,0,from state bank of india i am having a salary account because my company has maintain all their record with sbi only i need to maintain a minimum balance of rs 5000 even though its salary account they dont cut any hidden charges from my account i can withdraw upto rs 20000 from the atm per day,57,Satisfied
ADAM,2020-03-01,Mumbai,Unknown,5.0,"""Good saving account""","I am having saving account with SARASWAT COOPERATIVE BANK  for more than 4 years.  During my college days they have organized to open an account  for student so I chosen this bank. It is a minimum balance of 1K, if not not maintain charges are nominal. ATM and branches services  are good. I am using mobile app and net banking both are user friendly to access.",https://static.bankbazaar.com/images/common/bank-logo/ALL_BANKS.png,Blown Away!,1,i am having saving account with saraswat cooperative bank for more than 4 years during my college days they have organized to open an account for student so i chosen this bank it is a minimum balance of 1k if not not maintain charges are nominal atm and branches services are good i am using mobile app and net banking both are user friendly to access,66,Satisfied
MAYUR SHIVAJI KADAM,2020-03-01,Mumbai,Axis Bank,5.0,"""Good bank""",I am holding salary account with AXIS bank more than one year. Since its salary account no need to maintain a minimum  balance. I use to get offer message from banker.  They send alert message on time whenever I do a transaction. Mostly  I prefer to use online transaction rather ATM.,https://static.bankbazaar.com/images/common/bank-logo/axis.png,Blown Away!,4,i am holding salary account with axis bank more than one year since its salary account no need to maintain a minimum balance i use to get offer message from banker they send alert message on time whenever i do a transaction mostly i prefer to use online transaction rather atm,51,Satisfied
A  C,2020-03-01,Chennai,SBI,4.0,"""Best account """,I am using this SBI savings account since five years. Its a zero balance account to use. I am using an Internet banking and mobile app facility thats really good. They are deducting some hidden charges from my account and  they charging for debit card on  yearly but i am not sure  about  the amount.,https://static.bankbazaar.com/images/common/bank-logo/sbi-4.png,Great!,1,i am using this sbi savings account since five years its a zero balance account to use i am using an internet banking and mobile app facility thats really good they are deducting some hidden charges from my account and they charging for debit card on yearly but i am not sure about the amount,55,Satisfied
KASALA,2020-03-01,Hyderabad,SBI,5.0,"""Secure and easily branches available in India""","I open my savings account from State Bank of India for almost of 2013. At that time my father was using SBI account hence he recommended me to take this account. I maintain a balance amount because its mandatory to have. Its good to use a net banking facility. For sending SMS regarding my transaction, they are charging Rs. 15 per year.",https://static.bankbazaar.com/images/common/bank-logo/sbi-4.png,Blown Away!,1,i open my savings account from state bank of india for almost of 2013 at that time my father was using sbi account hence he recommended me to take this account i maintain a balance amount because its mandatory to have its good to use a net banking facility for sending sms regarding my transaction they are charging rs 15 per year,62,Satisfied
BHANU,2020-03-01,Hyderabad,HDFC Bank,5.0,"""Fine Account""",Using my salary account from HDFC for almost 2.6 years. There is no need to maintain any kind of minimum balance. Its good to use a Internet banking facility and mobile app. They are sending OTPs on time whenever I'm doing my online transaction. I found the ATMs and branches in all the locations.,https://static.bankbazaar.com/images/common/bank-logo/hdfc.png,Blown Away!,5,using my salary account from hdfc for almost 26 years there is no need to maintain any kind of minimum balance its good to use a internet banking facility and mobile app they are sending otps on time whenever im doing my online transaction i found the atms and branches in all the locations,54,Satisfied
ANONYMOUS,2020-03-01,Vadodara,SBI,4.5,"""Good security but improvement need in customer care""",SBI is a good brand and sense of security being a public sector bank. I am holding the savings account from SBI for around 25 years. I need to maintain some minimum balance but nowadays i'm not doing much transaction from this account. Its not easy to get the things get resolved and i sent a mail to their team regarding the card replacement and the issue is not sorted out till i visited the branch hence i found its not customer friendly.,https://static.bankbazaar.com/images/common/bank-logo/sbi-4.png,Excellent!,0,sbi is a good brand and sense of security being a public sector bank i am holding the savings account from sbi for around 25 years i need to maintain some minimum balance but nowadays im not doing much transaction from this account its not easy to get the things get resolved and i sent a mail to their team regarding the card replacement and the issue is not sorted out till i visited the branch hence i found its not customer friendly,83,Satisfied
ARIF AHMED,2020-03-01,Bangalore,SBI,5.0,"""Good Bank""",I opened the savings account from SBI on 5 years back because its a good bank which as the branch in every village of  India. I need to hold a minimum balance of Rs. 1000. Its good to use the Internet banking and mobile app facility. Every time they are deducting some money without any customer's knowledge which is a very bad thing.,https://static.bankbazaar.com/images/common/bank-logo/sbi-4.png,Blown Away!,0,i opened the savings account from sbi on 5 years back because its a good bank which as the branch in every village of india i need to hold a minimum balance of rs 1000 its good to use the internet banking and mobile app facility every time they are deducting some money without any customers knowledge which is a very bad thing,63,Satisfied
harsh,2020-03-01,Udhampur,HDFC Bank,0.5,"""worst service """,I opened a saving account with them a long time ago and then they started to charging me for every small small thing that looked totally unnecessary. I would recommend people not to go with them and don't waste money. I even don't have words for them,https://static.bankbazaar.com/images/common/bank-logo/hdfc.png,Unacceptable,7,i opened a saving account with them a long time ago and then they started to charging me for every small small thing that looked totally unnecessary i would recommend people not to go with them and dont waste money i even dont have words for them,47,Dissatisfied
WA,2020-02-29,New delhi,Kotak,5.0,"""Good saving account """,I am holding KOTAK bank saving account of 811. I maintain this account for more than 4 years. ATM charges are not using much rather I prefer for online transaction. ATM and branches are near. Mobile app and net banking both are user friendly to access. Each and every transaction is safe and secured. I use to get some offer message from bank end.,https://static.bankbazaar.com/images/common/bank-logo/kotak.png,Blown Away!,3,i am holding kotak bank saving account of 811 i maintain this account for more than 4 years atm charges are not using much rather i prefer for online transaction atm and branches are near mobile app and net banking both are user friendly to access each and every transaction is safe and secured i use to get some offer message from bank end,64,Satisfied
SHI,2020-02-29,New delhi,HDFC Bank,5.0,"""Good app""",I am holding my salary account from HDFC bank for more than 9 years. There is no any option so chosen this bank. It is a zero  balance account and so far no hidden charge I faced from this bank.  I get alert message on time whenever I do a transaction.  There is nominal charge from wallet to account.  In payzap app I am getting good offers for Zomato  and Swiggy.,https://static.bankbazaar.com/images/common/bank-logo/hdfc.png,Blown Away!,0,i am holding my salary account from hdfc bank for more than 9 years there is no any option so chosen this bank it is a zero balance account and so far no hidden charge i faced from this bank i get alert message on time whenever i do a transaction there is nominal charge from wallet to account in payzap app i am getting good offers for zomato and swiggy,71,Satisfied
NAVAS  M,2020-02-29,Coimbatore,Unknown,4.0,"""Best account""",I am using CITY UNION BANK  since 7 years and this is a savings account. I am keeping balance of Rs.1000  atm service is  near by residence and they given a domestic debit card. When ever I do cash withdrawal and doing  shopping  i am getting alert messages.,https://static.bankbazaar.com/images/common/bank-logo/ALL_BANKS.png,Great!,2,i am using city union bank since 7 years and this is a savings account i am keeping balance of rs1000 atm service is near by residence and they given a domestic debit card when ever i do cash withdrawal and doing shopping i am getting alert messages,48,Satisfied
YARRI  SWAMY,2020-02-29,Bangalore,SBI,5.0,"""Good""","I have opened my savings account with SBI before  eight years ago. My experience is very very good and I like the customer support and  i need to maintain a minimum balance of Rs. 10,000. I took an International debit card and annual fee is Rs.500.",https://static.bankbazaar.com/images/common/bank-logo/sbi-4.png,Blown Away!,0,i have opened my savings account with sbi before eight years ago my experience is very very good and i like the customer support and i need to maintain a minimum balance of rs 10000 i took an international debit card and annual fee is rs500,46,Satisfied
YARRI,2020-02-29,Bangalore,HDFC Bank,5.0,"""Best bank ""","HDFC is a very good bank, their executive is understanding the customer concern well and ready to help at any cast. I have been using the savings account and this is salary cums savings so no need to maintain minimum balance, even though I maintain  Rs. 1000.",https://static.bankbazaar.com/images/common/bank-logo/hdfc.png,Blown Away!,0,hdfc is a very good bank their executive is understanding the customer concern well and ready to help at any cast i have been using the savings account and this is salary cums savings so no need to maintain minimum balance even though i maintain rs 1000,47,Satisfied
S P,2020-02-29,Chennai,Unknown,3.0,"""Best savings account""","Andhra Bank saving account i am using more than 10 years. I need to maintain a minimum balance of Rs.1000. Their Internet banking facility is good and they do provided me a proper response. I m using Google pay and more for easy payment.Every day i can withdraw cash from atm upto Rs.50,000 and I will receive alert msg from the bank.",https://static.bankbazaar.com/images/common/bank-logo/ALL_BANKS.png,Satisfactory,2,andhra bank saving account i am using more than 10 years i need to maintain a minimum balance of rs1000 their internet banking facility is good and they do provided me a proper response i m using google pay and more for easy paymentevery day i can withdraw cash from atm upto rs50000 and i will receive alert msg from the bank,62,Average
BISWAJYOTI  CHAKRABORTY,2020-02-29,Kolkata,SBI,4.0,"""Best savings account""",I have opened my savings account in SBI  before four years ago. Customer support is average in SBI and also they given a international debit card. Every thing is good and also i  need to maintain a minimum balance of Rs. 1000 since it is a rural area.,https://static.bankbazaar.com/images/common/bank-logo/sbi-4.png,Great!,1,i have opened my savings account in sbi before four years ago customer support is average in sbi and also they given a international debit card every thing is good and also i need to maintain a minimum balance of rs 1000 since it is a rural area,48,Satisfied
B,2020-02-29,Kolkata,Axis Bank,5.0,"""Good account""","I am doing all my transactions through AXIS Bank,  its been 5-6 years using savings account. There is requirement for minimum balance so i am maintaining Rs. 10000. The branch is near by to my residence.  I went to the bank directly to link my Aadhar card and other things are done through online itself.",https://static.bankbazaar.com/images/common/bank-logo/axis.png,Blown Away!,1,i am doing all my transactions through axis bank its been 56 years using savings account there is requirement for minimum balance so i am maintaining rs 10000 the branch is near by to my residence i went to the bank directly to link my aadhar card and other things are done through online itself,55,Satisfied
AR,2020-02-29,Bangalore,Axis Bank,4.0,"""Good bank account """,I am holding salary account with AXIS. Some time they are deducting amount for consolidation charges is applicable on monthly wise up to 800 rupees which is high.  No need to maintain a minimum balance account. I maintain this account for past 3 yeas. Atm charge also applicable of 15 rupees if I do a transaction more than 3 times in a month.,https://static.bankbazaar.com/images/common/bank-logo/axis.png,Great!,1,i am holding salary account with axis some time they are deducting amount for consolidation charges is applicable on monthly wise up to 800 rupees which is high no need to maintain a minimum balance account i maintain this account for past 3 yeas atm charge also applicable of 15 rupees if i do a transaction more than 3 times in a month,63,Satisfied
A,2020-02-28,Kolkata,HDFC Bank,4.0,"""Good service""","From HDFC Bank, i have an account and i am using this savings account more than 3 years. Customer service was good and i wont use Internet banking in HDFC. ATM service is near by  residence and also i am getting alert messages for cash withdrawal.",https://static.bankbazaar.com/images/common/bank-logo/hdfc.png,Great!,0,from hdfc bank i have an account and i am using this savings account more than 3 years customer service was good and i wont use internet banking in hdfc atm service is near by residence and also i am getting alert messages for cash withdrawal,46,Satisfied
AAMIR  ALI,2020-02-28,Kolkata,IndusInd Bank,5.0,"""Best savings account""",My salary account is maintained with INDUSIND Bank for nearly 5 years and till now there was no issues. The rate of interest is very less for the loans and there is no hidden charges moreover its a friendly bank according to my experience. I am using the online service which is very good i no need to maintain minimum balance.,https://static.bankbazaar.com/images/common/bank-logo/indusind.png,Blown Away!,5,my salary account is maintained with indusind bank for nearly 5 years and till now there was no issues the rate of interest is very less for the loans and there is no hidden charges moreover its a friendly bank according to my experience i am using the online service which is very good i no need to maintain minimum balance,61,Satisfied
JA,2020-02-28,Hyderabad,Axis Bank,4.5,"""Good bank""",I have an account with AXIS Bank and I am using this savings account more than 4 years. Internet banking is very easy to access and no need to maintain minimum balance because this is salary cums savings. Initially either 1 or 2 transactions got failed but with in 48hrs the  problem was resolved.,https://static.bankbazaar.com/images/common/bank-logo/axis.png,Excellent!,0,i have an account with axis bank and i am using this savings account more than 4 years internet banking is very easy to access and no need to maintain minimum balance because this is salary cums savings initially either 1 or 2 transactions got failed but with in 48hrs the problem was resolved,54,Satisfied
JANI B,2020-02-28,Hyderabad,SBI,4.0,"""Good service ""","SBI has best Internet banking very fast and easy to access any one. I am using this savings account more than 10 years, if i withdrawal cash more than 5 time they are charging 25rupees. Maintaining minimum balance of Rs. 3000 and maintenance charges are very high.",https://static.bankbazaar.com/images/common/bank-logo/sbi-4.png,Great!,0,sbi has best internet banking very fast and easy to access any one i am using this savings account more than 10 years if i withdrawal cash more than 5 time they are charging 25rupees maintaining minimum balance of rs 3000 and maintenance charges are very high,47,Satisfied
JANI B Y,2020-02-28,Hyderabad,Unknown,4.5,"""Good bank ""","DBS Bank has a very good and fast Internet banking and they gives zero balance account. I am using this savings account quite for a long time, I can withdraw  cash from other bank also I can do N number of time transaction with no charges. Per day I can withdraw the cash of Rs. 40k compare to other bank 6% interest rate.",https://static.bankbazaar.com/images/common/bank-logo/ALL_BANKS.png,Excellent!,7,dbs bank has a very good and fast internet banking and they gives zero balance account i am using this savings account quite for a long time i can withdraw cash from other bank also i can do n number of time transaction with no charges per day i can withdraw the cash of rs 40k compare to other bank 6 interest rate,63,Satisfied
ANONYMOUS,2020-02-28,Chennai,Canara Bank,5.0,"""Good Bank""","I have chosen my savings account from Canara bank  almost 7 years ago because it was offered by my company hence i took it. Its a zero balance maintenance bank. Their Internet banking and mobile app facility are good. Many times, I have visited their branch and the response was prompt.",https://static.bankbazaar.com/images/common/bank-logo/canara-bank.png,Blown Away!,5,i have chosen my savings account from canara bank almost 7 years ago because it was offered by my company hence i took it its a zero balance maintenance bank their internet banking and mobile app facility are good many times i have visited their branch and the response was prompt,51,Satisfied
Aaba Chakma,2020-02-28,Bangalore,Unknown,0.5,"""Terrible Service,  app and bank servers almost never work""","The bank servers are down most of the time, rendering upi transactions and even opening their app impossible. I was supposed to receive a refund of 1029 rupees and they never sent messages alerting me about it and it doesn't reflect in the statement either or the bank balance for that matter. Spoke to the customer service who claimed it had been credited on the same day it was deducted, which is laughable because I was informed that the refund had been initiated a day after the transaction. still don't know where that money went.  Only sign up to their banking services if you want to lose money and not be able to hse it for transactions half the time.",https://static.bankbazaar.com/images/common/bank-logo/ALL_BANKS.png,Unacceptable,7,the bank servers are down most of the time rendering upi transactions and even opening their app impossible i was supposed to receive a refund of 1029 rupees and they never sent messages alerting me about it and it doesnt reflect in the statement either or the bank balance for that matter spoke to the customer service who claimed it had been credited on the same day it was deducted which is laughable because i was informed that the refund had been initiated a day after the transaction still dont know where that money went only sign up to their banking services if you want to lose money and not be able to hse it for transactions half the time,120,Dissatisfied
M  MURARI,2020-02-28,Bangalore,Unknown,4.5,"""Best service""",I am using salary account with Vijaya bank for the past  one year. Banking service is much comfortable and using mobile banking service it is very user friendly and mostly used for money transfer .If contact customer service will be getting good response .There was no fraudulent transaction happened so far and transaction is safe and secure.,https://static.bankbazaar.com/images/common/bank-logo/ALL_BANKS.png,Excellent!,1,i am using salary account with vijaya bank for the past one year banking service is much comfortable and using mobile banking service it is very user friendly and mostly used for money transfer if contact customer service will be getting good response there was no fraudulent transaction happened so far and transaction is safe and secure,57,Satisfied
J,2020-02-28,Bangalore,HDFC Bank,4.0,"""Best application""",I am doing all my transactions through HDFC Bank. Its been 11 months  i am holding savings account with this bank. This is a salary cum savings account so no need to maintain minimum balance. The branch is 6 kilometer from my residence and i went to the bank only to link my Aadhar card and other things are done through online itself. App is best thing they given Bio metric finger print access this helps no need to put password.,https://static.bankbazaar.com/images/common/bank-logo/hdfc.png,Great!,0,i am doing all my transactions through hdfc bank its been 11 months i am holding savings account with this bank this is a salary cum savings account so no need to maintain minimum balance the branch is 6 kilometer from my residence and i went to the bank only to link my aadhar card and other things are done through online itself app is best thing they given bio metric finger print access this helps no need to put password,81,Satisfied
ANONYMOUS,2020-02-28,Chennai,SBI,5.0,"""Easy to access the mobile banking""","In SBI bank, i have opened the savings account 5 years before because the branch is located near to my home. Monthly i need to maintain a minimum balance of Rs. 3000. I am using the Internet banking facility which is safe and secure to use. There is no additional charges for IMPS and NEFT transactions.",https://static.bankbazaar.com/images/common/bank-logo/sbi-4.png,Blown Away!,0,in sbi bank i have opened the savings account 5 years before because the branch is located near to my home monthly i need to maintain a minimum balance of rs 3000 i am using the internet banking facility which is safe and secure to use there is no additional charges for imps and neft transactions,56,Satisfied
S,2020-02-27,Chennai,Unknown,4.0,"""Best bank ""","I am using SYNDICATE Bank savings account more than 6 years. I am maintaining minimum balance of Rs. 500, customer service was good.  ATM service is near to my residence and there is no debit card charges. I am getting alert messages whenever am withdrawing cash from ATM.",https://static.bankbazaar.com/images/common/bank-logo/ALL_BANKS.png,Great!,1,i am using syndicate bank savings account more than 6 years i am maintaining minimum balance of rs 500 customer service was good atm service is near to my residence and there is no debit card charges i am getting alert messages whenever am withdrawing cash from atm,48,Satisfied
ANONYMOUS,2020-02-27,Jamshedpur,Axis Bank,5.0,"""Axis bank is best for service""",I have a savings account from Axis bank and their customer care service is best because no need to spend more time and its easy to connect. My minimum balance amount of Rs. 10000 is maintained in my account till now. I have not experienced of the online banking and mobile app. Axis bank executive came to my home and approached me to open the savings account. They have provided the debit card and credit card easily.,https://static.bankbazaar.com/images/common/bank-logo/axis.png,Blown Away!,0,i have a savings account from axis bank and their customer care service is best because no need to spend more time and its easy to connect my minimum balance amount of rs 10000 is maintained in my account till now i have not experienced of the online banking and mobile app axis bank executive came to my home and approached me to open the savings account they have provided the debit card and credit card easily,77,Satisfied
ANONYMOUS,2020-02-27,Jamshedpur,Punjab National Bank,5.0,"""PNB is best nationalized bank for customer""",Chosen my savings account from Punjab National Bank because the branch is nearest to my home. I need to hold a minimum balance of Rs. 2000. Till now they have not deducted any kind of hidden charges. I have not used their Internet banking and mobile app facility. I used to do a deposit through their cash deposit machine and quarterly i visit the branch for the updation of passbook and the response was really good.,https://static.bankbazaar.com/images/common/bank-logo/punjab-national-bank.png,Blown Away!,4,chosen my savings account from punjab national bank because the branch is nearest to my home i need to hold a minimum balance of rs 2000 till now they have not deducted any kind of hidden charges i have not used their internet banking and mobile app facility i used to do a deposit through their cash deposit machine and quarterly i visit the branch for the updation of passbook and the response was really good,76,Satisfied
MOHIT,2020-02-27,Noida,HDFC Bank,4.0,"""Good""","From HDFC Bank Internet banking and mobile banking are very easy to access. I am using this savings account more than 8 years, i am maintaining minimum balance of Rs. 5000. Customer service and responsiveness was good and ATM facility near to my residence.",https://static.bankbazaar.com/images/common/bank-logo/hdfc.png,Great!,0,from hdfc bank internet banking and mobile banking are very easy to access i am using this savings account more than 8 years i am maintaining minimum balance of rs 5000 customer service and responsiveness was good and atm facility near to my residence,44,Satisfied
M KHARE,2020-02-27,Noida,SBI,4.0,"""Good ""","I am using savings account with SBI more than 4 years. I am maintaining minimum balance of Rs. 5000 whenever I withdraw cash and doing shopping  getting alert messages. The rate of interest was good since this is a Government organization interest rate was nomral. I have a domestic debit card, customer service was good. Internet banking is easy to access in SBI.",https://static.bankbazaar.com/images/common/bank-logo/sbi-4.png,Great!,0,i am using savings account with sbi more than 4 years i am maintaining minimum balance of rs 5000 whenever i withdraw cash and doing shopping getting alert messages the rate of interest was good since this is a government organization interest rate was nomral i have a domestic debit card customer service was good internet banking is easy to access in sbi,63,Satisfied
R M,2020-02-27,Chennai,Unknown,5.0,"""Very Good Account""","4.5 years ago, i have started using the salary account from Oriental Bank of Commerce because it was given by my company. Its a zero balance account to use. I'm using net banking facility and its easy to understand their mobile app is useful. Their branch response is good and the staffs are helpful towards the customer.",https://static.bankbazaar.com/images/common/bank-logo/ALL_BANKS.png,Blown Away!,1,45 years ago i have started using the salary account from oriental bank of commerce because it was given by my company its a zero balance account to use im using net banking facility and its easy to understand their mobile app is useful their branch response is good and the staffs are helpful towards the customer,57,Satisfied
S,2020-02-27,New delhi,IndusInd Bank,5.0,"""Excellent service""",My savings account is with INDUSIND Bank and i am using this account more than 2 years. Customer service was excellent and no need to maintain minimum balance. I am getting alert messages. ATM facility is near to my resident and there is no debit card charges.,https://static.bankbazaar.com/images/common/bank-logo/indusind.png,Blown Away!,2,my savings account is with indusind bank and i am using this account more than 2 years customer service was excellent and no need to maintain minimum balance i am getting alert messages atm facility is near to my resident and there is no debit card charges,47,Satisfied
THIRUNAVU,2020-02-27,Chennai,HDFC Bank,5.0,"""Good Account""",I have been using the salary account with HDFC for almost 5 years. Its a zero balance account to use. They are sending a monthly statement properly. They have not deducted any hidden charges from my account. This is recommendable bank to others.,https://static.bankbazaar.com/images/common/bank-logo/hdfc.png,Blown Away!,0,i have been using the salary account with hdfc for almost 5 years its a zero balance account to use they are sending a monthly statement properly they have not deducted any hidden charges from my account this is recommendable bank to others,43,Satisfied
MAR,2020-02-26,Hyderabad,SBI,4.0,"""Medium""",I am having my salary account in SBI for the past 4 years. It is a zero balance account. So far I haven't faced any SMS and ATM charges. I do get alert message from bank when I do a transaction.  They have not send any offers message till now.  The customer service is bit delay to reach out the customer.,https://static.bankbazaar.com/images/common/bank-logo/sbi-4.png,Great!,0,i am having my salary account in sbi for the past 4 years it is a zero balance account so far i havent faced any sms and atm charges i do get alert message from bank when i do a transaction they have not send any offers message till now the customer service is bit delay to reach out the customer,61,Satisfied
MU,2020-02-26,Kolkata,Unknown,3.5,"""Need to improve their net banking service """,I maintain my saving account with ALLAHABAD BANK for the pat 3-4 years. It is a zero  balance account. I am using  net banking service it is very complicate to use.  There is no hidden charge in this account.  ATM and branch's are near from my place.  I get alert message on time whenever I do a transaction.,https://static.bankbazaar.com/images/common/bank-logo/ALL_BANKS.png,Pretty good,8,i maintain my saving account with allahabad bank for the pat 34 years it is a zero balance account i am using net banking service it is very complicate to use there is no hidden charge in this account atm and branchs are near from my place i get alert message on time whenever i do a transaction,58,Dissatisfied
C MONDAL,2020-02-26,Kolkata,Axis Bank,5.0,"""Not Satisfactory""",I have Axis Bank salary account for the past 6 years. I am using net banking service as well as mobile banking service both are very user friendly. Their service is friendly and using this account for money transfer and paying credit card bill payment. Each transaction is still active and customer service is also good and there is proper response if approach for any assistance.,https://static.bankbazaar.com/images/common/bank-logo/axis.png,Blown Away!,1,i have axis bank salary account for the past 6 years i am using net banking service as well as mobile banking service both are very user friendly their service is friendly and using this account for money transfer and paying credit card bill payment each transaction is still active and customer service is also good and there is proper response if approach for any assistance,66,Satisfied
D,2020-02-25,Surat,Axis Bank,5.0,"""Excellent Service""",I am using Axis bank salary account for the past 1 month only since recently opened this account .I am using net banking service as well as mobile banking both are very user friendly to access. Each and every transaction will be very safe and secured. The customer service is really good and satisfied with the service .,https://static.bankbazaar.com/images/common/bank-logo/axis.png,Blown Away!,0,i am using axis bank salary account for the past 1 month only since recently opened this account i am using net banking service as well as mobile banking both are very user friendly to access each and every transaction will be very safe and secured the customer service is really good and satisfied with the service,57,Satisfied
G  BHIMA,2020-02-25,Hyderabad,HDFC Bank,5.0,"""Excellent Service""","I have HDFC  salary account for  the past  three  years. I am using net banking and mobile banking  service  both are very user friendly to access.  I am using mobile app  for money transfer , the credit card bill payment and everything was good to me so far.",https://static.bankbazaar.com/images/common/bank-logo/hdfc.png,Blown Away!,4,i have hdfc salary account for the past three years i am using net banking and mobile banking service both are very user friendly to access i am using mobile app for money transfer the credit card bill payment and everything was good to me so far,47,Satisfied
RANGDHAL,2020-02-25,Hyderabad,Unknown,5.0,"""Good Account""",I have selected the Salary account from Syndicate bank because its a Government bank and the branch is located near to my home. I don't need to hold any minimum balance. I am not using net banking and mobile app facility. No hidden charges deducted from this bank. Branch response was really good and the staffs are responsive and co-ordinate.,https://static.bankbazaar.com/images/common/bank-logo/ALL_BANKS.png,Blown Away!,0,i have selected the salary account from syndicate bank because its a government bank and the branch is located near to my home i dont need to hold any minimum balance i am not using net banking and mobile app facility no hidden charges deducted from this bank branch response was really good and the staffs are responsive and coordinate,60,Satisfied
ANGELINE,2020-02-25,Chennai,SBI,5.0,"""Good """,My salary account is opened from State Bank of India because the branch is located to nearby place and i need to maintain a minimum balance of Rs. 2000. Their Internet banking facility is good and they do provided me a proper response when i go to their branch. They have not deducted any kind of un-necessary charges.,https://static.bankbazaar.com/images/common/bank-logo/sbi-4.png,Blown Away!,0,my salary account is opened from state bank of india because the branch is located to nearby place and i need to maintain a minimum balance of rs 2000 their internet banking facility is good and they do provided me a proper response when i go to their branch they have not deducted any kind of unnecessary charges,58,Satisfied
ANONYMOUS,2020-02-25,Hyderabad,Kotak,4.0,"""Good Account""",I opened my savings account from Kotak Mahindra bank because my friend recommended me about this bank since he is working over there. Its a zero balance account. I can withdraw upto Rs. 25000 from the ATM per day. They don't charge anything for other ATM withdrawals even if i use more than 5 times.,https://static.bankbazaar.com/images/common/bank-logo/kotak.png,Great!,1,i opened my savings account from kotak mahindra bank because my friend recommended me about this bank since he is working over there its a zero balance account i can withdraw upto rs 25000 from the atm per day they dont charge anything for other atm withdrawals even if i use more than 5 times,55,Satisfied
ANONYMOUS,2020-02-25,Hyderabad,HDFC Bank,4.0,"""Very Good Account""","Opened my salary account with HDFC and its been 1.5 years ago. I have selected HDFC as my salary account since no need to maintain any minimum balance. Its good to use their Internet banking facility. In the branch, employees are very good and they are helping me a lot.",https://static.bankbazaar.com/images/common/bank-logo/hdfc.png,Great!,0,opened my salary account with hdfc and its been 15 years ago i have selected hdfc as my salary account since no need to maintain any minimum balance its good to use their internet banking facility in the branch employees are very good and they are helping me a lot,50,Satisfied
Vicky,2020-02-25,Bangalore,Axis Bank,0.5,"""Worst Customer support at Cox town branch ""","Need a lot of improvement in guiding a customer, they tell you can visit any branch but these people are just trying to chase me away from their branch, i don't know why the hell they show ad's visit any branch o+ customer service that female is not even listening to my issue she is just telling go to your branch where you opened your account. And they charge so much for applying a new debit card, i told them i lost my card and someone tried to access it i have blocked i need to replace this card, but she is telling pay 590 to get a new card or you will not get a card. Using this account from past 5 years in which i'm using all the service such as loan, credit card ..... Totally disappointed with Axis bank service.",https://static.bankbazaar.com/images/common/bank-logo/axis.png,Unacceptable,8,need a lot of improvement in guiding a customer they tell you can visit any branch but these people are just trying to chase me away from their branch i dont know why the hell they show ads visit any branch o customer service that female is not even listening to my issue she is just telling go to your branch where you opened your account and they charge so much for applying a new debit card i told them i lost my card and someone tried to access it i have blocked i need to replace this card but she is telling pay 590 to get a new card or you will not get a card using this account from past 5 years in which im using all the service such as loan credit card totally disappointed with axis bank service,142,Dissatisfied
RAJAPANDIYAN,2020-02-25,Chennai,Kotak,5.0,"""Good Account""","7 months ago, i have taken a savings account from Kotak Mahindra Bank. For the personal savings purpose i took this account and they have provided me a zero maintenance account. I opened this account through online and i have uploaded all my documents through online. They have sent me a cheque book and debit card through courier.",https://static.bankbazaar.com/images/common/bank-logo/kotak.png,Blown Away!,1,7 months ago i have taken a savings account from kotak mahindra bank for the personal savings purpose i took this account and they have provided me a zero maintenance account i opened this account through online and i have uploaded all my documents through online they have sent me a cheque book and debit card through courier,58,Satisfied
RAJA,2020-02-25,Chennai,Unknown,5.0,"""Good Account""","My salary account was opened in South Indian Bank and i am holding this account for almost 10 years. Its a zero balance account to use. I am using their net banking facility and i have not tried their mobile app facility. In the branch response was really good. Whenever I'm swiping my card, getting the notification immediately.",https://static.bankbazaar.com/images/common/bank-logo/ALL_BANKS.png,Blown Away!,7,my salary account was opened in south indian bank and i am holding this account for almost 10 years its a zero balance account to use i am using their net banking facility and i have not tried their mobile app facility in the branch response was really good whenever im swiping my card getting the notification immediately,58,Satisfied
PALLY,2020-02-24,Bangalore,SBI,3.0,"""Good service""",I am having my saving account  from SBI past  8-9  years. There is no hidden charges in this bank. It is not a zero balance account need to maintain a minimum balance of 500 rupees. I am using mobile app and it is not user friendly to access. I use to get an alert messages from bank whenever I do a transactions. ATM  charges are applicable more than 5 times in a month of 20 rupees.,https://static.bankbazaar.com/images/common/bank-logo/sbi-4.png,Satisfactory,0,i am having my saving account from sbi past 89 years there is no hidden charges in this bank it is not a zero balance account need to maintain a minimum balance of 500 rupees i am using mobile app and it is not user friendly to access i use to get an alert messages from bank whenever i do a transactions atm charges are applicable more than 5 times in a month of 20 rupees,76,Average
LY,2020-02-24,Bangalore,Unknown,1.0,"""Need to improve their service ""","I am holding a saving cums salary  account  with Syndicate bank for more than 5 years. There is no hidden charges in this bank. It is a  minimum  balance need to maintain of 500 rupees. I faced lot of issues. Everything is lacking , mobile app is not user friendly. If try to download bank statement some issue will be held.  There was no alert msg regarding the transactions.",https://static.bankbazaar.com/images/common/bank-logo/ALL_BANKS.png,Really Bad,4,i am holding a saving cums salary account with syndicate bank for more than 5 years there is no hidden charges in this bank it is a minimum balance need to maintain of 500 rupees i faced lot of issues everything is lacking mobile app is not user friendly if try to download bank statement some issue will be held there was no alert msg regarding the transactions,68,Dissatisfied
ANONYMOUS,2020-02-24,Ghaziabad,Kotak,5.0,"""Excellent Account""",Kotak Mahindra bank is maintaining a good rapport with the customer. I have been holding the salary account with the Kotak Mahindra bank for almost 5 years. Its a zero balance account to use. Mobile app is quite good and convenient to use. Rarely i visited their branch and the response was quite prompt.,https://static.bankbazaar.com/images/common/bank-logo/kotak.png,Blown Away!,1,kotak mahindra bank is maintaining a good rapport with the customer i have been holding the salary account with the kotak mahindra bank for almost 5 years its a zero balance account to use mobile app is quite good and convenient to use rarely i visited their branch and the response was quite prompt,54,Satisfied
VARUN,2020-02-24,Jaipur,Unknown,4.5,"""Service is excellent in all the aspects""",I'm using a Central bank of India savings account for last 10 years and i haven't faced any single issue till now. Banking service is good rather than others. I hold a minimum balance of Rs. 1000. I can find the ATMs in all the places even in small villages. I used to visit the branch every three months once to know about the child scheme and the response was prompt.,https://static.bankbazaar.com/images/common/bank-logo/ALL_BANKS.png,Excellent!,5,im using a central bank of india savings account for last 10 years and i havent faced any single issue till now banking service is good rather than others i hold a minimum balance of rs 1000 i can find the atms in all the places even in small villages i used to visit the branch every three months once to know about the child scheme and the response was prompt,71,Satisfied
V K J,2020-02-24,Jaipur,Unknown,4.0,"""Everything is good in bank""",Using my salary account from Federal Bank for past 1 year. Its a zero balance maintenance account. Its good to use the Internet banking facility and its easy to handle the mobile app. I called the customer care service to activate the mobile banking facility and they have resolved it immediately.,https://static.bankbazaar.com/images/common/bank-logo/ALL_BANKS.png,Great!,18,using my salary account from federal bank for past 1 year its a zero balance maintenance account its good to use the internet banking facility and its easy to handle the mobile app i called the customer care service to activate the mobile banking facility and they have resolved it immediately,51,Satisfied
VAM,2020-02-24,Hyderabad,IndusInd Bank,4.0,"""Need to provide more atm and branch""","Before, INDUSIND was my salary account since I changed to other company now it is converted as saving account. I am holding this account for past  2 years. It is a zero balance account.  ATM and branch's are far away to reach them.  I am not getting any offers message from bank end.",https://static.bankbazaar.com/images/common/bank-logo/indusind.png,Great!,5,before indusind was my salary account since i changed to other company now it is converted as saving account i am holding this account for past 2 years it is a zero balance account atm and branchs are far away to reach them i am not getting any offers message from bank end,53,Satisfied
RU,2020-02-24,Hyderabad,HDFC Bank,5.0,"""Need to provide more offer message ""","I am holding a salary account from HDFC for last 12 months. No need to maintain a minimum balance on this account.  There is some ATM charge, if I do a transaction more than 5 times in a month then they deduct 25 rupees.  Atm's and branch are far away from my place. I am not getting any offer messages.",https://static.bankbazaar.com/images/common/bank-logo/hdfc.png,Blown Away!,3,i am holding a salary account from hdfc for last 12 months no need to maintain a minimum balance on this account there is some atm charge if i do a transaction more than 5 times in a month then they deduct 25 rupees atms and branch are far away from my place i am not getting any offer messages,60,Satisfied
B S,2020-02-24,Chennai,Canara Bank,5.0,"""Good""","I am using CANARA Bank savings account more than 15 years. This is a salary cums savings account need to maintain minimum balance of Rs.1000 and also my name has printed on my card , mob app net banking is really super. Customer service was good.",https://static.bankbazaar.com/images/common/bank-logo/canara-bank.png,Blown Away!,6,i am using canara bank savings account more than 15 years this is a salary cums savings account need to maintain minimum balance of rs1000 and also my name has printed on my card mob app net banking is really super customer service was good,45,Satisfied
BAL T,2020-02-24,Chennai,Unknown,5.0,"""Best savings account""","I am using ANDHRA Bank savings account more than 8 years, simply i have opened this account. I am maintaining minimum balance of Rs. 1000,  customer service  was good. ATM facility is available near by home and charges are applicable for more than 5 transactions",https://static.bankbazaar.com/images/common/bank-logo/ALL_BANKS.png,Blown Away!,2,i am using andhra bank savings account more than 8 years simply i have opened this account i am maintaining minimum balance of rs 1000 customer service was good atm facility is available near by home and charges are applicable for more than 5 transactions,45,Satisfied
POLAVARAPU,2020-02-24,Visakhapatnam,SBI,5.0,"""Good Account""","5 years back, i have chosen my salary account from SBI because my company has referred it. Its a zero balance maintenance account. SBI app is better to use. To apply for a cheque book i have visited the branch and they have given me a application to submit and the employees are very helpful.",https://static.bankbazaar.com/images/common/bank-logo/sbi-4.png,Blown Away!,4,5 years back i have chosen my salary account from sbi because my company has referred it its a zero balance maintenance account sbi app is better to use to apply for a cheque book i have visited the branch and they have given me a application to submit and the employees are very helpful,55,Satisfied
SANTHOSH,2020-02-24,Chennai,Kotak,5.0,"""Average Account""",My company have opened the salary account from Kotak Mahindra bank and i am holding this account for almost 10 years. I don't need to maintain any minimum balance. I have experienced of their mobile app which is good to use. Response was fine in the branch and they have provided me a monthly statement when i asked them.,https://static.bankbazaar.com/images/common/bank-logo/kotak.png,Blown Away!,0,my company have opened the salary account from kotak mahindra bank and i am holding this account for almost 10 years i dont need to maintain any minimum balance i have experienced of their mobile app which is good to use response was fine in the branch and they have provided me a monthly statement when i asked them,59,Satisfied
N S,2020-02-23,Coimbatore,SBI,4.0,"""Better Account""","Maximum for past 3 years before, i have opened the savings account from SBI bank. I need to hold a balance of Rs. 500. I have experienced of their net banking facility and its good to use. They have taken extra charges from my account earlier for the other bank ATM withdrawals. They are sending the notifications whenever they withdraw the money from my account.",https://static.bankbazaar.com/images/common/bank-logo/sbi-4.png,Great!,0,maximum for past 3 years before i have opened the savings account from sbi bank i need to hold a balance of rs 500 i have experienced of their net banking facility and its good to use they have taken extra charges from my account earlier for the other bank atm withdrawals they are sending the notifications whenever they withdraw the money from my account,65,Satisfied
N S,2020-02-23,Coimbatore,Canara Bank,5.0,"""Perfect banking""","Canara bank service is fine for me. I have been holding this salary account for around 1 year. I need to maintain a minimum balance of Rs. 500. Their net banking facility is fine. I went to the branch for the cash deposit and the response is good. The employees are co-operative. All the options are easy to handle in mobile app. Overall, I'm satisfied with their services.",https://static.bankbazaar.com/images/common/bank-logo/canara-bank.png,Blown Away!,3,canara bank service is fine for me i have been holding this salary account for around 1 year i need to maintain a minimum balance of rs 500 their net banking facility is fine i went to the branch for the cash deposit and the response is good the employees are cooperative all the options are easy to handle in mobile app overall im satisfied with their services,68,Satisfied
SH,2020-02-23,Chennai,Unknown,5.0,"""Good account """,INDIAN BANK service is good. I maintain a salary account for the past 5 years. I got offers direct from bank to open an account. It is zero balance account. Many ATMs and branches are avail in my city. I get alert message on time from banker whenever I do a transaction.,https://static.bankbazaar.com/images/common/bank-logo/ALL_BANKS.png,Blown Away!,1,indian bank service is good i maintain a salary account for the past 5 years i got offers direct from bank to open an account it is zero balance account many atms and branches are avail in my city i get alert message on time from banker whenever i do a transaction,52,Satisfied
RAM,2020-02-23,Chennai,Unknown,5.0,"""Need to decrease charge ""","I am having my salary account in INDIAN OVERSEAS BANK for the past  20 years. Though its salary account need to maintain a minimum balance of 1K, if not some charge would be applicable.  There is hidden charges  are applicable up to 200 rupees.  I use to get alert message on time whenever I do a transaction.  I am not using net banking yet.",https://static.bankbazaar.com/images/common/bank-logo/ALL_BANKS.png,Blown Away!,2,i am having my salary account in indian overseas bank for the past 20 years though its salary account need to maintain a minimum balance of 1k if not some charge would be applicable there is hidden charges are applicable up to 200 rupees i use to get alert message on time whenever i do a transaction i am not using net banking yet,64,Satisfied
VI,2020-02-22,Hyderabad,Unknown,5.0,"""Good account""",I am having a saving account with DBS bank for the past one  year. Just I viewed in online about this bank and then I  opened an account with them. The process was good by 4 to 5 completed the full process. It is zero balance account. I can withdraw from other ATM  with free of cost. The amount of 10K applicable for per day can be withdrawn.,https://static.bankbazaar.com/images/common/bank-logo/ALL_BANKS.png,Blown Away!,4,i am having a saving account with dbs bank for the past one year just i viewed in online about this bank and then i opened an account with them the process was good by 4 to 5 completed the full process it is zero balance account i can withdraw from other atm with free of cost the amount of 10k applicable for per day can be withdrawn,68,Satisfied
VIJ,2020-02-22,Hyderabad,SBI,5.0,"""Good account""",I am holding a saving account with SBI for more than 10 years. It is a minimum balance account of 5K need to maintain on monthly basis. There are many ATMS but there will be no cash or I face server down issue. Per day I can withdraw the amount of 40K. I am using mobile app and net banking both are very user friendly.,https://static.bankbazaar.com/images/common/bank-logo/sbi-4.png,Blown Away!,0,i am holding a saving account with sbi for more than 10 years it is a minimum balance account of 5k need to maintain on monthly basis there are many atms but there will be no cash or i face server down issue per day i can withdraw the amount of 40k i am using mobile app and net banking both are very user friendly,65,Satisfied
PATHAN,2020-02-22,Hyderabad,Citibank,5.0,"""Excellent Service""",I am using Citi Bank salary account for the past 2.5 years.I  am using net banking service as well as mobile banking service .I am using these service for recharge  and money transfer .If contact customer service will be getting good response.Each and  every transaction will be safe and secure .,https://static.bankbazaar.com/images/common/bank-logo/citibank.png,Blown Away!,1,i am using citi bank salary account for the past 25 yearsi am using net banking service as well as mobile banking service i am using these service for recharge and money transfer if contact customer service will be getting good responseeach and every transaction will be safe and secure,50,Satisfied
K  HIDAYATH,2020-02-22,Bangalore,Axis Bank,5.0,"""Very Good Service""","I have Axis bank salary account which i am using for the past 4 years .I am using net banking service as well as mobile banking service both are very user friendly .I am using both the service for EMI payment ,Recharge  and for shopping  it is used very frequently .Customer service was also good and getting proper response if contact for any assistance.",https://static.bankbazaar.com/images/common/bank-logo/axis.png,Blown Away!,0,i have axis bank salary account which i am using for the past 4 years i am using net banking service as well as mobile banking service both are very user friendly i am using both the service for emi payment recharge and for shopping it is used very frequently customer service was also good and getting proper response if contact for any assistance,64,Satisfied
F,2020-02-21,Bangalore,Canara Bank,5.0,"""Best savings account""","On twelve years before, I have opened the savings account from CANARA bank. I need to hold a minimum balance of Rs. 500.  I am using the net banking facility and mobile app. Its a hassle free account to use.  Debit card charges are not applicable and I am using domestic card. The customer service is good, if I do more than 5 transactions no charges but if beyond that,  some charges are applicable.",https://static.bankbazaar.com/images/common/bank-logo/canara-bank.png,Blown Away!,4,on twelve years before i have opened the savings account from canara bank i need to hold a minimum balance of rs 500 i am using the net banking facility and mobile app its a hassle free account to use debit card charges are not applicable and i am using domestic card the customer service is good if i do more than 5 transactions no charges but if beyond that some charges are applicable,74,Satisfied
VICKAS,2020-02-21,Chennai,Unknown,5.0,"""If you want to go with online banking, open digi bank. ""","I get an offer of 7% interest on savings account from DBS hence I have chosen this bank. Everything is available in online hence I can do all the updates in a faster way so I don't need to visit the branch also. Even though the account transaction goes  up and down, they won't charge me any minimum balance maintenance charges. Their mobile app is superb. This bank is save our time.",https://static.bankbazaar.com/images/common/bank-logo/ALL_BANKS.png,Blown Away!,5,i get an offer of 7 interest on savings account from dbs hence i have chosen this bank everything is available in online hence i can do all the updates in a faster way so i dont need to visit the branch also even though the account transaction goes up and down they wont charge me any minimum balance maintenance charges their mobile app is superb this bank is save our time,72,Satisfied
CHARLES,2020-02-21,Chennai,SBI,5.0,"""Good to have the account in SBI""","For the last 2.5 years I'm using the salary account from SBI and i have not faced any issues so far. Initially it was my savings account from SBI after that my salary is getting credited to this account. Actually my father has recommended me about this bank. They have a good Internet banking facility. Once for opening the account, i went to the bank and the response is very good.",https://static.bankbazaar.com/images/common/bank-logo/sbi-4.png,Blown Away!,0,for the last 25 years im using the salary account from sbi and i have not faced any issues so far initially it was my savings account from sbi after that my salary is getting credited to this account actually my father has recommended me about this bank they have a good internet banking facility once for opening the account i went to the bank and the response is very good,71,Satisfied
RAMESH K A,2020-02-21,Hyderabad,Unknown,5.0,"""Good bank""",I have been using my savings account from ANDHRA Bank. This is also a salary cums savings so its a zero balance account. The customer service and responsiveness are good and I have ATM facility near my home. I am using net banking and mobile app both are very easy to access.,https://static.bankbazaar.com/images/common/bank-logo/ALL_BANKS.png,Blown Away!,7,i have been using my savings account from andhra bank this is also a salary cums savings so its a zero balance account the customer service and responsiveness are good and i have atm facility near my home i am using net banking and mobile app both are very easy to access,52,Satisfied
RAMESH KUMAR A,2020-02-21,Hyderabad,SBI,4.0,"""Need to improve in customer service""","My salary account is maintain with SBI and its salary cums savings so need to maintain minimum balance., but i am keeping. This is a nationalized bank , service is not that much happy but is okay,  they don't have sufficient staff. I am using this account since my child hood.  More than 5transcations there are charging Rs. 30 they should be stop.",https://static.bankbazaar.com/images/common/bank-logo/sbi-4.png,Great!,0,my salary account is maintain with sbi and its salary cums savings so need to maintain minimum balance but i am keeping this is a nationalized bank service is not that much happy but is okay they dont have sufficient staff i am using this account since my child hood more than 5transcations there are charging rs 30 they should be stop,62,Satisfied
BISWA,2020-02-21,Kolkata,HDFC Bank,4.0,"""Very good""",I have been holding savings account with HDFC Bank more than 5 years. There is no hidden charges in this bank. It is a zero balance account. I am using mobile app and net banking both are user friendly to access. I am getting an alert messages from bank whenever I do a transactions. ATMs and branches are near to my residence.,https://static.bankbazaar.com/images/common/bank-logo/hdfc.png,Great!,0,i have been holding savings account with hdfc bank more than 5 years there is no hidden charges in this bank it is a zero balance account i am using mobile app and net banking both are user friendly to access i am getting an alert messages from bank whenever i do a transactions atms and branches are near to my residence,62,Satisfied
ANONYMOUS,2020-02-21,Chennai,Kotak,4.0,"""Good bank but unhappy service""","I have opened the savings account on 2 years back and I have chosen Kotak Mahindra Bank because their executive approached me in my office. This card can be use  in other bank ATM also, there is no charges but after 6 months, they are charging for other ATM withdraw as well. I complaint about the same in the call centre but there is no prompt response hence I closed the account.",https://static.bankbazaar.com/images/common/bank-logo/kotak.png,Great!,1,i have opened the savings account on 2 years back and i have chosen kotak mahindra bank because their executive approached me in my office this card can be use in other bank atm also there is no charges but after 6 months they are charging for other atm withdraw as well i complaint about the same in the call centre but there is no prompt response hence i closed the account,72,Satisfied
ANONYMOUS,2020-02-21,Chennai,Unknown,1.0,"""Need to improve the service""","I had a savings account from Karur Vysya bank. Several times they told me to maintain a balance of Rs. 5000 even though I'm maintaining minimum balance, they are deducting lots of hidden charges by saying ATM charges and others. Their ATM will not work for most of the times but in Advertisement, they are saying about lots of features about this bank. I have already closed this account.",https://static.bankbazaar.com/images/common/bank-logo/ALL_BANKS.png,Really Bad,3,i had a savings account from karur vysya bank several times they told me to maintain a balance of rs 5000 even though im maintaining minimum balance they are deducting lots of hidden charges by saying atm charges and others their atm will not work for most of the times but in advertisement they are saying about lots of features about this bank i have already closed this account,69,Dissatisfied
ANONYMOUS,2020-02-21,Chennai,Unknown,5.0,"""Good bank and good services""","I have taken the home loan at that time  they were asked me to open a savings account from CITY UNION and this is almost customized bank. I need to hold a minimum balance of Rs. 5000. Customer service in the branch is good and the staffs are very helpful. When i face any problem, they will take care of it and try to sort out immediately.",https://static.bankbazaar.com/images/common/bank-logo/ALL_BANKS.png,Blown Away!,1,i have taken the home loan at that time they were asked me to open a savings account from city union and this is almost customized bank i need to hold a minimum balance of rs 5000 customer service in the branch is good and the staffs are very helpful when i face any problem they will take care of it and try to sort out immediately,67,Satisfied
ANONYMOUS,2020-02-21,Chennai,Unknown,5.0,"""Customized bank ""","From Tamilnad mercantile bank, I'm having a savings account for last 6 years. Its  easy to do the fund transfer and the banking service is transparent. Their ATMs are working properly. I need to maintain a minimum balance of Rs. 1000. They won't deduct any kind of hidden charges. Its convenient to use the mobile app.",https://static.bankbazaar.com/images/common/bank-logo/ALL_BANKS.png,Blown Away!,5,from tamilnad mercantile bank im having a savings account for last 6 years its easy to do the fund transfer and the banking service is transparent their atms are working properly i need to maintain a minimum balance of rs 1000 they wont deduct any kind of hidden charges its convenient to use the mobile app,56,Satisfied
Ganapati prasad,2020-02-21,Bangalore,Kotak,1.0,"""Uncultured, Pathetic bank""","Cons.
1.  Daily you will receive a call, regarding Loan/credit card.
2.  No response from the customer care number. You cannot talk to the executive.'

There is no option to block call from loan executives. You will be tortured on a daily basis.",https://static.bankbazaar.com/images/common/bank-logo/kotak.png,Really Bad,5,cons 1 daily you will receive a call regarding loancredit card 2 no response from the customer care number you cannot talk to the executive there is no option to block call from loan executives you will be tortured on a daily basis,43,Dissatisfied
G A,2020-02-20,Chennai,Axis Bank,5.0,"""Good Account""","6 years ago, i have opened Axis bank salary account when i was working in previous company after that i have converted this account into savings. I need to maintain a minimum balance of Rs. 10000 orelse if i do more transaction then its not required. I am not using the net banking facility. All the options are easy to understand.",https://static.bankbazaar.com/images/common/bank-logo/axis.png,Blown Away!,0,6 years ago i have opened axis bank salary account when i was working in previous company after that i have converted this account into savings i need to maintain a minimum balance of rs 10000 orelse if i do more transaction then its not required i am not using the net banking facility all the options are easy to understand,61,Satisfied
MUTHU S,2020-02-20,Coimbatore,SBI,4.0,"""Best """,I am using savings account from SBI more than 20 years. I am not maintaining minimum balance since it is a salary cums savings. If i do any shopping or cash withdrawal i will be getting alert messages from bank. ATM facility is near to my residence and they giving good service.,https://static.bankbazaar.com/images/common/bank-logo/sbi-4.png,Great!,0,i am using savings account from sbi more than 20 years i am not maintaining minimum balance since it is a salary cums savings if i do any shopping or cash withdrawal i will be getting alert messages from bank atm facility is near to my residence and they giving good service,52,Satisfied
ROHITH  R,2020-02-20,Bangalore,SBI,4.0,"""Best savings account""","I have been using savings account with SBI quite for a long time. Its a salary cum savings, so no need to maintain minimum balance for cash cash withdrawal. Am doing shopping and getting alert messages. Customer service and responsiveness was good.",https://static.bankbazaar.com/images/common/bank-logo/sbi-4.png,Great!,0,i have been using savings account with sbi quite for a long time its a salary cum savings so no need to maintain minimum balance for cash cash withdrawal am doing shopping and getting alert messages customer service and responsiveness was good,42,Satisfied
NT,2020-02-20,Jamshedpur,IDBI,5.0,"""Good """,I was stayed in Seraikella city  for previous job at that time I opened a saving account from IDBI. I used this account only for 2-3 months. Then I transferred  to Jumshedpur  so unable to use this account. There is no much branch's for this bank. Within 20 minutes I opened this account. Their service is good.  Need to maintain a minimum balance of 1000 rupees on monthly and now there was no requirement.,https://static.bankbazaar.com/images/common/bank-logo/idbi.png,Blown Away!,4,i was stayed in seraikella city for previous job at that time i opened a saving account from idbi i used this account only for 23 months then i transferred to jumshedpur so unable to use this account there is no much branchs for this bank within 20 minutes i opened this account their service is good need to maintain a minimum balance of 1000 rupees on monthly and now there was no requirement,74,Satisfied
UPAD,2020-02-20,Jamshedpur,SBI,5.0,"""Good account""","I maintain a salary account  from SBI since 2014, there is no need to maintain a minimum balance amount. There was no  hidden charges, but last month 700 rupees has been deducted which I need to check. Atm and branch's are lot in my city. I have not done much  online transaction only used for ticket booking. I use to get alert message on time for each trasnction.",https://static.bankbazaar.com/images/common/bank-logo/sbi-4.png,Blown Away!,0,i maintain a salary account from sbi since 2014 there is no need to maintain a minimum balance amount there was no hidden charges but last month 700 rupees has been deducted which i need to check atm and branchs are lot in my city i have not done much online transaction only used for ticket booking i use to get alert message on time for each trasnction,68,Satisfied
ANONYMOUS,2020-02-20,Tirupur,Unknown,5.0,"""Good Account""","I have been using the salary account from Central bank of India for past 8 years since it was provided from my office. I don't need to maintain any minimum balance and its good to have a net banking facility and mobile app. For deposits/withdrawal purpose, i have visited their branch and the response was good also the staffs are very helpful.",https://static.bankbazaar.com/images/common/bank-logo/ALL_BANKS.png,Blown Away!,6,i have been using the salary account from central bank of india for past 8 years since it was provided from my office i dont need to maintain any minimum balance and its good to have a net banking facility and mobile app for depositswithdrawal purpose i have visited their branch and the response was good also the staffs are very helpful,62,Satisfied
R R,2020-02-20,Bangalore,SBI,4.0,"""Best savings account""","I have been using savings account with SBI quite for a long time which is salary comes savings, so no need to maintain minimum balance. Whenever I do cash withdrawal, shopping have been receiving alert message. Customer service and responsiveness was good.",https://static.bankbazaar.com/images/common/bank-logo/sbi-4.png,Great!,0,i have been using savings account with sbi quite for a long time which is salary comes savings so no need to maintain minimum balance whenever i do cash withdrawal shopping have been receiving alert message customer service and responsiveness was good,42,Satisfied
RAMAR,2020-02-20,Dindigul,Unknown,5.0,"""Best savings account""","I have been using salary account with INDIAN Bank since 2011  and its been very good experience. They are giving 3.5% interest rate for savings account and its okay. I'm not using mobile banking for checking balance and to do transaction, they given a very good service.",https://static.bankbazaar.com/images/common/bank-logo/ALL_BANKS.png,Blown Away!,3,i have been using salary account with indian bank since 2011 and its been very good experience they are giving 35 interest rate for savings account and its okay im not using mobile banking for checking balance and to do transaction they given a very good service,47,Satisfied
S T,2020-02-20,Hyderabad,Unknown,5.0,"""Best savings account""","From CENTRAL BANK OF INDIA, i am using savings account for more than 4 years. This is a zero balance account and there is a debit card charges of 20rupees. Customer service was  good and only few Atm is available. I am getting alert messages whenever i do cash withdrawal.",https://static.bankbazaar.com/images/common/bank-logo/ALL_BANKS.png,Blown Away!,3,from central bank of india i am using savings account for more than 4 years this is a zero balance account and there is a debit card charges of 20rupees customer service was good and only few atm is available i am getting alert messages whenever i do cash withdrawal,50,Satisfied
SHAILESH,2020-02-20,Hyderabad,Axis Bank,5.0,"""The best saving & service""","I have been using AXIS Bank saving account for a long time and this was my previous company salary account, still i am maintaining this account has a zero balance. Whenever i do cash withdrawal and shopping, will be getting alert messages. Customer service and responsiveness was good.",https://static.bankbazaar.com/images/common/bank-logo/axis.png,Blown Away!,0,i have been using axis bank saving account for a long time and this was my previous company salary account still i am maintaining this account has a zero balance whenever i do cash withdrawal and shopping will be getting alert messages customer service and responsiveness was good,48,Satisfied
SHAI,2020-02-19,Hyderabad,Unknown,2.0,"""Average service""","From ANDHRA Bank, i have a savings account which have opened recently. This is a salary cums savings so no need to maintain minimum balance, when ever i do shopping or swiping receiving alert messages from this bank.  ATM facility is very near to my residence, customer service need to be improved.",https://static.bankbazaar.com/images/common/bank-logo/ALL_BANKS.png,Expected more,2,from andhra bank i have a savings account which have opened recently this is a salary cums savings so no need to maintain minimum balance when ever i do shopping or swiping receiving alert messages from this bank atm facility is very near to my residence customer service need to be improved,52,Dissatisfied
A C,2020-02-19,Chittorgarh,Axis Bank,5.0,"""Best Account""",Currently I'm holding a salary account from Axis bank which I am operating from the year of 2015. Its mandatory to maintain a minimum balance of Rs. 20000. When i visited their branch the response is good and the staffs are very helpful. The branch is not that much crowded and hardly I need to wait only for 15 minutes.,https://static.bankbazaar.com/images/common/bank-logo/axis.png,Blown Away!,0,currently im holding a salary account from axis bank which i am operating from the year of 2015 its mandatory to maintain a minimum balance of rs 20000 when i visited their branch the response is good and the staffs are very helpful the branch is not that much crowded and hardly i need to wait only for 15 minutes,60,Satisfied
CHOUDHARY,2020-02-19,Chittorgarh,HDFC Bank,4.0,"""Best Account""",In my office location and home location only HDFC branch was available thats the reason i have selected the savings account from HDFC bank. In my family also most of the people are holding account from this bank. I need to hold a minimum balance of Rs. 5000. Internet banking facility is really good. I'm getting OTP immediately whenever i do the online transaction.,https://static.bankbazaar.com/images/common/bank-logo/hdfc.png,Great!,0,in my office location and home location only hdfc branch was available thats the reason i have selected the savings account from hdfc bank in my family also most of the people are holding account from this bank i need to hold a minimum balance of rs 5000 internet banking facility is really good im getting otp immediately whenever i do the online transaction,64,Satisfied
A,2020-02-19,Srikakulam,HDFC Bank,5.0,"""Best savings account""",I am using savings account from  HDFC Bank more than 8 years. This is salary cums savings so no need to maintain minimum balance. If i do shopping or cash withdrawal i am getting alert message. Customer service was good and i got international debit card.,https://static.bankbazaar.com/images/common/bank-logo/hdfc.png,Blown Away!,0,i am using savings account from hdfc bank more than 8 years this is salary cums savings so no need to maintain minimum balance if i do shopping or cash withdrawal i am getting alert message customer service was good and i got international debit card,46,Satisfied
K V M,2020-02-19,Bangalore,Unknown,5.0,"""Good Account ""","15 years before,  i have opened the savings account from Corporation bank because all my family members are having a account with the same bank so they have recommended me. I need to hold a minimum balance of Rs. 500. I have not used the net banking facility and mobile app. Its a hassle free account to use.",https://static.bankbazaar.com/images/common/bank-logo/ALL_BANKS.png,Blown Away!,1,15 years before i have opened the savings account from corporation bank because all my family members are having a account with the same bank so they have recommended me i need to hold a minimum balance of rs 500 i have not used the net banking facility and mobile app its a hassle free account to use,58,Satisfied
K V M,2020-02-19,Bangalore,Unknown,5.0,"""Good Account ""","Its been 5 years, i am holding my salary account from Bank of Baroda. I don't need to maintain any minimum balance. Their net banking facility is average. I am not using the mobile app. I have not gone to their branch till now. I am getting the SMS immediately whenever i do the transaction in my account.",https://static.bankbazaar.com/images/common/bank-logo/ALL_BANKS.png,Blown Away!,0,its been 5 years i am holding my salary account from bank of baroda i dont need to maintain any minimum balance their net banking facility is average i am not using the mobile app i have not gone to their branch till now i am getting the sms immediately whenever i do the transaction in my account,58,Satisfied
B  RAJESH,2020-02-19,Bangalore,Unknown,4.0,"""Need to improve service & technical service need to upgrade""","I am using ANDHRA Bank savings account more than 2 years. I have opened this account in my native so i am maintaining Rs. 500 as a minimum balance. If i withdrawal cash more than 5 times it will get charge, but i never exceed.  Customer service was not good, need to improve a lot and about technical support they are also not good.",https://static.bankbazaar.com/images/common/bank-logo/ALL_BANKS.png,Great!,0,i am using andhra bank savings account more than 2 years i have opened this account in my native so i am maintaining rs 500 as a minimum balance if i withdrawal cash more than 5 times it will get charge but i never exceed customer service was not good need to improve a lot and about technical support they are also not good,64,Satisfied
R M,2020-02-19,Guwahati,Unknown,5.0,"""One of the best bank""","In the year of 2011, i have opened the salary account from United Bank of India since the branch is located opposite to my office. Its a zero balance account to use.  I am not using the Internet banking and mobile app facility. They don't deduct any hidden charges from my account.",https://static.bankbazaar.com/images/common/bank-logo/ALL_BANKS.png,Blown Away!,2,in the year of 2011 i have opened the salary account from united bank of india since the branch is located opposite to my office its a zero balance account to use i am not using the internet banking and mobile app facility they dont deduct any hidden charges from my account,52,Satisfied
S O W A,2020-02-19,Kolkata,Axis Bank,5.0,"""Best savings account""",I have being using  AXIS Bank saving account for more than three years. I have to maintain a minimum balance of Rs. 1000. When ever i do cash withdrawal and shopping i will be getting alert messages. Customer service and responsiveness was good.,https://static.bankbazaar.com/images/common/bank-logo/axis.png,Blown Away!,0,i have being using axis bank saving account for more than three years i have to maintain a minimum balance of rs 1000 when ever i do cash withdrawal and shopping i will be getting alert messages customer service and responsiveness was good,43,Satisfied
Devansh Agarwal,2020-02-19,Meerut,Axis Bank,0.5,"""Debit freeze""","I have an Axis ASAP account. It was blocked on 29/08/2019 due to multiple transactions which were  between my other bank accounts. No 2nd party was involved. KYC has been updated. I visited the home branch a no. Of times, wrote a no of applications but no one is ready to help me out. It's been a long time but the bank isn't showing any effort from it's side. I didn't even receive a prior notice from The bank. It's very disappointing.",https://static.bankbazaar.com/images/common/bank-logo/axis.png,Unacceptable,7,i have an axis asap account it was blocked on 29082019 due to multiple transactions which were between my other bank accounts no 2nd party was involved kyc has been updated i visited the home branch a no of times wrote a no of applications but no one is ready to help me out its been a long time but the bank isnt showing any effort from its side i didnt even receive a prior notice from the bank its very disappointing,82,Dissatisfied
VENKAT,2020-02-18,Mumbai,Unknown,2.5,"""Average service ""","I am holding savings account with KARNATAKA Bank for a long time. No need to maintain any minimum balance, i  am getting alert messages when ever i withdraw money. ATM facility is very near to my home, customer service and responsiveness was good.",https://static.bankbazaar.com/images/common/bank-logo/ALL_BANKS.png,Just OK,2,i am holding savings account with karnataka bank for a long time no need to maintain any minimum balance i am getting alert messages when ever i withdraw money atm facility is very near to my home customer service and responsiveness was good,43,Dissatisfied
UPADHAYAY,2020-02-18,Bangalore,SBI,5.0,"""SBI service is good""","Using my State bank of India savings account for more than 2 years. In the account, i need to maintain a minimum balance of Rs. 3000. I have visited their branch to open this account and the branch response was really good. They have a good Internet banking facility.",https://static.bankbazaar.com/images/common/bank-logo/sbi-4.png,Blown Away!,1,using my state bank of india savings account for more than 2 years in the account i need to maintain a minimum balance of rs 3000 i have visited their branch to open this account and the branch response was really good they have a good internet banking facility,49,Satisfied
UPADHAYAY,2020-02-18,Bangalore,Kotak,4.0,"""Good Account""",I have been using Kotak Mahindra bank salary account for last 1 year. I have not faced any issue from this account till now so that i have not gone to their branch so far. Its a zero balance account. Their customer care service is not upto the mark because i have sent a mail to them but i didn't received any reply from them.,https://static.bankbazaar.com/images/common/bank-logo/kotak.png,Great!,1,i have been using kotak mahindra bank salary account for last 1 year i have not faced any issue from this account till now so that i have not gone to their branch so far its a zero balance account their customer care service is not upto the mark because i have sent a mail to them but i didnt received any reply from them,65,Satisfied
S,2020-02-18,Pondicherry,Axis Bank,5.0,"""Best savings account""",I am using AXIS Bank savings account more than 3-4 years. I have to maintain minimum balance of Rs.1000 and i have ATM facility very near to my home.  When ever i do cash withdrawal i will be getting an alert message. Customer service and response was good.,https://static.bankbazaar.com/images/common/bank-logo/axis.png,Blown Away!,0,i am using axis bank savings account more than 34 years i have to maintain minimum balance of rs1000 and i have atm facility very near to my home when ever i do cash withdrawal i will be getting an alert message customer service and response was good,48,Satisfied
KRISHNA,2020-02-18,Hyderabad,Axis Bank,4.5,"""Good Account""",My company has provided me a salary account from Axis bank. I need to maintain a minimum balance of Rs. 10000 which is not mandatory anyway I'm maintaining it. Its good to use the Internet banking facility and the web access is very fast. I didn't visited their branch since i have not faced any problem from this account.,https://static.bankbazaar.com/images/common/bank-logo/axis.png,Excellent!,0,my company has provided me a salary account from axis bank i need to maintain a minimum balance of rs 10000 which is not mandatory anyway im maintaining it its good to use the internet banking facility and the web access is very fast i didnt visited their branch since i have not faced any problem from this account,59,Satisfied
A P,2020-02-18,Jamshedpur,SBI,5.0,"""Better services""",SBI is providing better services and they are not charging any high amount fee for not maintaining a minimum balance amount into account.  They are providing better services when i went to the branch for money related issue hence i am having this account from 2012. Its excellent to use the net banking facility.,https://static.bankbazaar.com/images/common/bank-logo/sbi-4.png,Blown Away!,0,sbi is providing better services and they are not charging any high amount fee for not maintaining a minimum balance amount into account they are providing better services when i went to the branch for money related issue hence i am having this account from 2012 its excellent to use the net banking facility,54,Satisfied
SUBR,2020-02-17,Coimbatore,HDFC Bank,4.0,"""Need to decrease charge""","I am holding salary account from HDFC for the past 4 years. It is a zero balance account. There is SMS charge is applicable of  3 months once for 60 rupees. ATM charges are also applicable if I do transaction from other bank  ATM more than 5 times in a month, charges are applicable of 26 rupees. ATM and branches are near from my place.",https://static.bankbazaar.com/images/common/bank-logo/hdfc.png,Great!,0,i am holding salary account from hdfc for the past 4 years it is a zero balance account there is sms charge is applicable of 3 months once for 60 rupees atm charges are also applicable if i do transaction from other bank atm more than 5 times in a month charges are applicable of 26 rupees atm and branches are near from my place,65,Satisfied
M Gowda,2020-02-17,Bangalore,HDFC Bank,4.5,"""Excellent Service""",I have HDFC Bank saving account for the past 3 years only .I am using both net banking as well as mobile banking service which is very useful to track all transaction details .Banking service is much comfortable and transaction will be very safe and not yet faced any fraudulent transaction .,https://static.bankbazaar.com/images/common/bank-logo/hdfc.png,Excellent!,0,i have hdfc bank saving account for the past 3 years only i am using both net banking as well as mobile banking service which is very useful to track all transaction details banking service is much comfortable and transaction will be very safe and not yet faced any fraudulent transaction,51,Satisfied
M  BASAVE,2020-02-17,Bangalore,SBI,4.5,"""Excellent Service""",I have SBI  salary account which is very user friendly. Each transaction will be very safe and secured on banking service.  I am using net banking service as well as mobile banking these services are mostly used for money transfer and for recharge . The customer service is also good and getting good response if approach for any assistance.,https://static.bankbazaar.com/images/common/bank-logo/sbi-4.png,Excellent!,0,i have sbi salary account which is very user friendly each transaction will be very safe and secured on banking service i am using net banking service as well as mobile banking these services are mostly used for money transfer and for recharge the customer service is also good and getting good response if approach for any assistance,58,Satisfied
SUNDARA  PANDIAN,2020-02-17,Dindigul,Unknown,4.0,"""Good """,In my city there are many ATMs and branches are  available. So last 7 years back I have opened my saving account with  CENTRAL BANK OF INDIA. The process was done on time to open an account. There is minimum balance to maintain of 500 rupees. But I haven't faced any additional charge. Net banking and mobile app both are user friendly to access.,https://static.bankbazaar.com/images/common/bank-logo/ALL_BANKS.png,Great!,3,in my city there are many atms and branches are available so last 7 years back i have opened my saving account with central bank of india the process was done on time to open an account there is minimum balance to maintain of 500 rupees but i havent faced any additional charge net banking and mobile app both are user friendly to access,64,Satisfied
SUNDA,2020-02-17,Dindigul,Unknown,4.0,"""Good service""",I am having a saving account with SOUTH INDIAN Bank on last 12 years. But I no need to maintain a minimum amount on monthly basis in this account. I am using  net banking and mobile app both are user friendly to access. ATM and branches services are good. So far I haven't faced any additional charge.,https://static.bankbazaar.com/images/common/bank-logo/ALL_BANKS.png,Great!,2,i am having a saving account with south indian bank on last 12 years but i no need to maintain a minimum amount on monthly basis in this account i am using net banking and mobile app both are user friendly to access atm and branches services are good so far i havent faced any additional charge,57,Satisfied
PAN,2020-02-17,Dindigul,SBI,4.0,"""Good """,I am holding a salary account  with  SBI  past  6  years. There is no hidden charges in this bank. But need to maintain a minimum balance amount of 500 rupees. I am using mobile app and it is user friendly to access. I use to get an alert messages from bank whenever I do a transactions. SMS charges are applicable on yearly once of 33 rupees. Mostly  I use  for online transaction.,https://static.bankbazaar.com/images/common/bank-logo/sbi-4.png,Great!,0,i am holding a salary account with sbi past 6 years there is no hidden charges in this bank but need to maintain a minimum balance amount of 500 rupees i am using mobile app and it is user friendly to access i use to get an alert messages from bank whenever i do a transactions sms charges are applicable on yearly once of 33 rupees mostly i use for online transaction,72,Satisfied
AI,2020-02-17,Coimbatore,Unknown,5.0,"""Excellent service""",For my personal need I have opened a saving account with UNION BANK OF INDIA on 10 years ago. No need to maintain a minimum  balance amount and no hidden charges are applicable so far.  Their service is fine.  In my city there are 2 ATMS and branches are near from my place.,https://static.bankbazaar.com/images/common/bank-logo/ALL_BANKS.png,Blown Away!,11,for my personal need i have opened a saving account with union bank of india on 10 years ago no need to maintain a minimum balance amount and no hidden charges are applicable so far their service is fine in my city there are 2 atms and branches are near from my place,53,Satisfied
AI,2020-02-17,Coimbatore,Axis Bank,3.0,"""Need to decrease charges""","I am holding AXIS saving account for more than 7 years.  The amount for  consolidation charges are very high, on monthly basis charge is applicable  up to 1000 rupees. So I raised a complaint on it. I need to do ATM transaction less than 5 times in a month and  I can transact the amount of  3L in a month.  I had applied debit card received  after 8 months because there was no card available in bank  so they took long time to dispatch it. It is a zero balance account. There is SMS charge on quarterly  basis of  15 rupees.",https://static.bankbazaar.com/images/common/bank-logo/axis.png,Satisfactory,1,i am holding axis saving account for more than 7 years the amount for consolidation charges are very high on monthly basis charge is applicable up to 1000 rupees so i raised a complaint on it i need to do atm transaction less than 5 times in a month and i can transact the amount of 3l in a month i had applied debit card received after 8 months because there was no card available in bank so they took long time to dispatch it it is a zero balance account there is sms charge on quarterly basis of 15 rupees,101,Average
G   SALVE,2020-02-17,Thane,SBI,4.5,"""Best  Service""",I am using SBI salary account for the past 10 years .All transaction details will be getting through message alert only .There was no fraudulent transaction happend so far .If need any transaction details then can track through message .Every tansaction will be safe and banking service was pretty good and comfortable.,https://static.bankbazaar.com/images/common/bank-logo/sbi-4.png,Excellent!,0,i am using sbi salary account for the past 10 years all transaction details will be getting through message alert only there was no fraudulent transaction happend so far if need any transaction details then can track through message every tansaction will be safe and banking service was pretty good and comfortable,52,Satisfied
A,2020-02-17,Tirupur,Canara Bank,3.0,"""Customer service must improve""","I am using CANARA Bank savings account for more than 6 months. Every day i can withdraw cash from atm upto Rs.50,000 and I am not getting any alert msg from the bank. Also I linked this account online like Google pay and more for an easy payment. I spoke to bank executive directly it was not good need to improve in service.",https://static.bankbazaar.com/images/common/bank-logo/canara-bank.png,Satisfactory,3,i am using canara bank savings account for more than 6 months every day i can withdraw cash from atm upto rs50000 and i am not getting any alert msg from the bank also i linked this account online like google pay and more for an easy payment i spoke to bank executive directly it was not good need to improve in service,63,Average
KAN,2020-02-17,Tinsukia,Unknown,2.0,"""Need to provide more atms and branch's """,Allahabad has provided me an option to open a saving account with them which I am holding it for the past 15 years. In this account no need to maintain a minimum balance amount. Whenever I do a transaction I don't get alert message on time.  ATMs  and branch's are far away to reach them.,https://static.bankbazaar.com/images/common/bank-logo/ALL_BANKS.png,Expected more,4,allahabad has provided me an option to open a saving account with them which i am holding it for the past 15 years in this account no need to maintain a minimum balance amount whenever i do a transaction i dont get alert message on time atms and branchs are far away to reach them,55,Dissatisfied
JYO,2020-02-17,Tinsukia,HDFC Bank,2.0,"""Need to provide more atm and branch's ""","I am having my salary account with HDFC bank for the past  5 years. Though its salary account, I need to maintain a minimum balance of 10K on monthly if not maintain charges are nominal. I am not getting any alert message.  Atm and branch's are far away from my place. There are SMS and ATM charges.",https://static.bankbazaar.com/images/common/bank-logo/hdfc.png,Expected more,0,i am having my salary account with hdfc bank for the past 5 years though its salary account i need to maintain a minimum balance of 10k on monthly if not maintain charges are nominal i am not getting any alert message atm and branchs are far away from my place there are sms and atm charges,57,Dissatisfied
MURALI,2020-02-17,Rajahmundry,HDFC Bank,5.0,"""Good""",I am holding a savings account with HDFC bank for more than 6 years. There is no hidden charges in this bank. It is a zero balance account. I am using mobile app and it is user friendly to access. ATM and branch's are near. Mobile app and net banking both are user friendly.,https://static.bankbazaar.com/images/common/bank-logo/hdfc.png,Blown Away!,0,i am holding a savings account with hdfc bank for more than 6 years there is no hidden charges in this bank it is a zero balance account i am using mobile app and it is user friendly to access atm and branchs are near mobile app and net banking both are user friendly,54,Satisfied
R,2020-02-17,Bangalore,Kotak,4.0,"""Best savings account""","I am holding a savings with salary account with KOTAK MAHINDRA Bank for more than 8 years. There is no hidden charges in this bank., It is a zero balance account. I am using mobile app and it is user friendly to access. ATM and branch's are near. Mobile app and net banking both are user friendly.",https://static.bankbazaar.com/images/common/bank-logo/kotak.png,Great!,1,i am holding a savings with salary account with kotak mahindra bank for more than 8 years there is no hidden charges in this bank it is a zero balance account i am using mobile app and it is user friendly to access atm and branchs are near mobile app and net banking both are user friendly,57,Satisfied
S,2020-02-17,Ahmedabad,Axis Bank,5.0,"""Best savings account""","I have been using savings account with AXIS Bank more than 6 years. This is salary cums savings, so no need to maintain minimum balance. App is very easy to access and Atm service are very near to my residence. Customer service and responsiveness was good.",https://static.bankbazaar.com/images/common/bank-logo/axis.png,Blown Away!,0,i have been using savings account with axis bank more than 6 years this is salary cums savings so no need to maintain minimum balance app is very easy to access and atm service are very near to my residence customer service and responsiveness was good,46,Satisfied
NAVANEETH,2020-02-16,Tiruchirapalli,Unknown,4.0,"""Better Account""",Since the branch was located nearby my office so that i have opened the savings account from City Union Bank. I'm not aware of the minimum balance maintenance. I'm using their net banking facility and its easy to access. They don't deduct any hidden charges. But some charges are applied for other bank ATM withdrawals.,https://static.bankbazaar.com/images/common/bank-logo/ALL_BANKS.png,Great!,2,since the branch was located nearby my office so that i have opened the savings account from city union bank im not aware of the minimum balance maintenance im using their net banking facility and its easy to access they dont deduct any hidden charges but some charges are applied for other bank atm withdrawals,55,Satisfied
NAVAN,2020-02-16,Tiruchirapalli,HDFC Bank,5.0,"""Good Account""","I have opened the salary account 2 months before but only one month my salary got credited in HDFC. For the banking transaction, HDFC service is good and most of the staffs are having their salary account in HDFC so that i have selected the same. I don't need to maintain any minimum balance. Net banking facility is okay once the password got expired hence i have visited their branch and the response was okay.",https://static.bankbazaar.com/images/common/bank-logo/hdfc.png,Blown Away!,0,i have opened the salary account 2 months before but only one month my salary got credited in hdfc for the banking transaction hdfc service is good and most of the staffs are having their salary account in hdfc so that i have selected the same i dont need to maintain any minimum balance net banking facility is okay once the password got expired hence i have visited their branch and the response was okay,75,Satisfied
ANONYMOUS,2020-02-16,Delhi,Canara Bank,4.0,"""Bank service is good""",Opened my salary account from Canara bank and it almost 11 years since i am using this account without facing any single issue. I need to maintain a minimum balance of Rs. 1000. Their online banking facility is good and i could find all the option in mobile app. I have visited their branch for a passbook entry and dropping a cheque anyway the response was good.,https://static.bankbazaar.com/images/common/bank-logo/canara-bank.png,Great!,1,opened my salary account from canara bank and it almost 11 years since i am using this account without facing any single issue i need to maintain a minimum balance of rs 1000 their online banking facility is good and i could find all the option in mobile app i have visited their branch for a passbook entry and dropping a cheque anyway the response was good,67,Satisfied
P K,2020-02-16,Bangalore,Unknown,4.5,"""Very Good bank""","When I joined my work, they have provided a salary account from Karnataka Bank. From that date to till now, I'm holding this account only. I'm using the Internet banking facility and its average to use. The branch is located nearby my location and the staff response is good.",https://static.bankbazaar.com/images/common/bank-logo/ALL_BANKS.png,Excellent!,2,when i joined my work they have provided a salary account from karnataka bank from that date to till now im holding this account only im using the internet banking facility and its average to use the branch is located nearby my location and the staff response is good,49,Satisfied
SULTANA,2020-02-16,Bangalore,HDFC Bank,5.0,"""Good provider""","From past 2 years, i have been using my salary account from HDFC bank. Its a zero balance account. I never visited their branch till now. In online, i applied the passbook, cheque book, debit card when i lost it and received these things on time. There is no additional charges for IMPS and NEFT transaction. They are giving some offers for HDFC debit card also.",https://static.bankbazaar.com/images/common/bank-logo/hdfc.png,Blown Away!,0,from past 2 years i have been using my salary account from hdfc bank its a zero balance account i never visited their branch till now in online i applied the passbook cheque book debit card when i lost it and received these things on time there is no additional charges for imps and neft transaction they are giving some offers for hdfc debit card also,66,Satisfied
ANONYMOUS,2020-02-16,Hyderabad,SBI,4.0,"""Highly recommend account for middle class people""","Everything is fine with SBI salary account but i don't get the proper response in the branch. When i call to the branch number, no one is ready to pick up the call. If they answered also, they will respond in staggered manner this has to be improved. I hold this SBI salary account for almost 8 years. I need to maintain a minimum balance of Rs. 1K  earlier converted from savings account to salary account.",https://static.bankbazaar.com/images/common/bank-logo/sbi-4.png,Great!,0,everything is fine with sbi salary account but i dont get the proper response in the branch when i call to the branch number no one is ready to pick up the call if they answered also they will respond in staggered manner this has to be improved i hold this sbi salary account for almost 8 years i need to maintain a minimum balance of rs 1k earlier converted from savings account to salary account,76,Satisfied
KUMA,2020-02-15,New delhi,Axis Bank,5.0,"""Need to decrease charges for all purposes""","I have been using saving account from AXIS bank for the past 2 years. I have visited to bank and opened an account for myself. Need to maintain a minimum amount of 10K which is high, hidden charges are applicable on monthly like around 1000 rupees which is very high. ATM and branch's are far away from my place.  Mobile app  is not working. ATM charge is applicable for 55 rupees  if I do transactions more than 4 times in a month.  SMS charge applicable on quarterly basis of 400 rupees. These all charges can be neglected.",https://static.bankbazaar.com/images/common/bank-logo/axis.png,Blown Away!,0,i have been using saving account from axis bank for the past 2 years i have visited to bank and opened an account for myself need to maintain a minimum amount of 10k which is high hidden charges are applicable on monthly like around 1000 rupees which is very high atm and branchs are far away from my place mobile app is not working atm charge is applicable for 55 rupees if i do transactions more than 4 times in a month sms charge applicable on quarterly basis of 400 rupees these all charges can be neglected,97,Satisfied
AR,2020-02-15,New delhi,Canara Bank,5.0,"""Need to decrease charge """,I am holding a salary account from CANARA bank for past 10 years. Though its salary account need to maintain minimum amount of 1000 rupees if not maintain charges are applicable for 400 rupees.  Hidden charges also applicable of 1000 rupees. ATM and branch's are near from my place.  In this bank there is bounce charge and if I use the debit card in other ATM for cash withdraw charges are applicable.,https://static.bankbazaar.com/images/common/bank-logo/canara-bank.png,Blown Away!,1,i am holding a salary account from canara bank for past 10 years though its salary account need to maintain minimum amount of 1000 rupees if not maintain charges are applicable for 400 rupees hidden charges also applicable of 1000 rupees atm and branchs are near from my place in this bank there is bounce charge and if i use the debit card in other atm for cash withdraw charges are applicable,72,Satisfied
MUTHU,2020-02-15,Chennai,HDFC Bank,5.0,"""Need to decrease interest charge""","I have opened an account for a saving purpose from HDFC bank on 3 months back. Need to maintain minimum balance amount of 10K which is high, if not they are charging 850 rupees that is high from this bank. Also they do charge for debit card transactions. ATM charges are applicable for this account.",https://static.bankbazaar.com/images/common/bank-logo/hdfc.png,Blown Away!,1,i have opened an account for a saving purpose from hdfc bank on 3 months back need to maintain minimum balance amount of 10k which is high if not they are charging 850 rupees that is high from this bank also they do charge for debit card transactions atm charges are applicable for this account,55,Satisfied
MARI,2020-02-15,Chennai,Unknown,4.0,"""Good """,I am holding a savings account  with CITY UNION BANK  for more than 5 years. There is no hidden charges in this bank. But need to maintain a minimum balance of 5K. I am using mobile app and it is user friendly to access. I use to get an alert messages from bank whenever I do a transactions. There is some ATM charges are available.,https://static.bankbazaar.com/images/common/bank-logo/ALL_BANKS.png,Great!,0,i am holding a savings account with city union bank for more than 5 years there is no hidden charges in this bank but need to maintain a minimum balance of 5k i am using mobile app and it is user friendly to access i use to get an alert messages from bank whenever i do a transactions there is some atm charges are available,65,Satisfied
MARI,2020-02-15,Chennai,Unknown,3.0,"""Need to improve custome service """,I maintain my salary account with INDIAN Bank for the past 6 years.  I use this account regularly. But I am not satisfied with customer service whenever I try to contact them there is no proper response.  Need to maintain a minimum balance of 1000 rupees.  ATM charges are applicable. I use to face some transaction and sever issue.,https://static.bankbazaar.com/images/common/bank-logo/ALL_BANKS.png,Satisfactory,4,i maintain my salary account with indian bank for the past 6 years i use this account regularly but i am not satisfied with customer service whenever i try to contact them there is no proper response need to maintain a minimum balance of 1000 rupees atm charges are applicable i use to face some transaction and sever issue,59,Average
ANONYMOUS,2020-02-15,Chennai,SBI,4.0,"""Good account""",I am holding saving account from SBI for past 6-7 years. On   school day itself I opened an account.  Need to maintain a minimum amount of 2500 rupees. If I done transaction on   monthly some  charges are applicable of  8 rupees. Mainly I use for  mobile app and net banking both are user friendly.,https://static.bankbazaar.com/images/common/bank-logo/sbi-4.png,Great!,0,i am holding saving account from sbi for past 67 years on school day itself i opened an account need to maintain a minimum amount of 2500 rupees if i done transaction on monthly some charges are applicable of 8 rupees mainly i use for mobile app and net banking both are user friendly,54,Satisfied
SHIVARAM  S,2020-02-15,Bangalore,Unknown,5.0,"""Best savings account""",I am holding a savings and salary account with UNION Bank for more than 5 years. There is no hidden charges in this bank. It is a zero balance account. I am using mobile app and it is user friendly to access. ATM and branch's are near. Mobile app and net banking both are user friendly.,https://static.bankbazaar.com/images/common/bank-logo/ALL_BANKS.png,Blown Away!,8,i am holding a savings and salary account with union bank for more than 5 years there is no hidden charges in this bank it is a zero balance account i am using mobile app and it is user friendly to access atm and branchs are near mobile app and net banking both are user friendly,56,Satisfied
WAGHMARE,2020-02-15,Pune,Unknown,5.0,"""Good Banking services """,In Saraswat Co-operative bank my company is maintaining all the transaction so that they have provided me a salary account in the same bank. Its a zero balance account. They have all the option in their net banking facility and its easy to access the mobile app. I can access the ATM in all the places. They are not taking any hidden charges.,https://static.bankbazaar.com/images/common/bank-logo/ALL_BANKS.png,Blown Away!,1,in saraswat cooperative bank my company is maintaining all the transaction so that they have provided me a salary account in the same bank its a zero balance account they have all the option in their net banking facility and its easy to access the mobile app i can access the atm in all the places they are not taking any hidden charges,63,Satisfied
MAS,2020-02-15,Bangalore,Unknown,5.0,"""Good account""","I have to maintain a minimum balance of 500 rupees in UNION BANK OF INDIA. Even there is no charges for non-maintenance. I having this account for the past 2 years. Mobile app and net banking both are user friendly to access. I think, ATM charges are applicable.",https://static.bankbazaar.com/images/common/bank-logo/ALL_BANKS.png,Blown Away!,6,i have to maintain a minimum balance of 500 rupees in union bank of india even there is no charges for nonmaintenance i having this account for the past 2 years mobile app and net banking both are user friendly to access i think atm charges are applicable,48,Satisfied
RY,2020-02-15,Bangalore,Unknown,5.0,"""Good account """,I maintain a saving account with SOUTH INDIAN BANK for my personal use. I have been holding account more than 10 years. There is no need to maintain a minimum balance. So far I haven't faced any issue. ATM and branch services are good. I am using mobile app which is user friendly to access.,https://static.bankbazaar.com/images/common/bank-logo/ALL_BANKS.png,Blown Away!,1,i maintain a saving account with south indian bank for my personal use i have been holding account more than 10 years there is no need to maintain a minimum balance so far i havent faced any issue atm and branch services are good i am using mobile app which is user friendly to access,55,Satisfied
RA,2020-02-15,Bangalore,Canara Bank,5.0,"""Good service""",I am holding a salary account  from CANARA bank for more than 2.5 years. There is no hidden charges in this bank and no need to maintain a minimum balance. I am using mobile app and net banking both are user friendly to access. I use to get an alert messages from bank whenever I do a transactions.,https://static.bankbazaar.com/images/common/bank-logo/canara-bank.png,Blown Away!,1,i am holding a salary account from canara bank for more than 25 years there is no hidden charges in this bank and no need to maintain a minimum balance i am using mobile app and net banking both are user friendly to access i use to get an alert messages from bank whenever i do a transactions,58,Satisfied
AR S,2020-02-15,Chennai,Unknown,4.5,"""Best savings account""","I am using  STANDARD CHARTERED savings account more than 3.5 year. This is salary comes savings, no need to maintain minimum balance.  Every day i can withdrawal cash  upto Rs.50,000 and I will receive alert msg from the bank. Also I linked this account online like Google pay and more for an easy payment. I spoke to bank executive directly it was good.",https://static.bankbazaar.com/images/common/bank-logo/ALL_BANKS.png,Excellent!,1,i am using standard chartered savings account more than 35 year this is salary comes savings no need to maintain minimum balance every day i can withdrawal cash upto rs50000 and i will receive alert msg from the bank also i linked this account online like google pay and more for an easy payment i spoke to bank executive directly it was good,63,Satisfied
PURUOLTE,2020-02-15,Chennai,IDBI,5.0,"""Good Account""","From 2018, i have been using the salary account from IDBI bank and the banking service is good. I went to their branch and the response was good. Staffs are very helpful. Its a zero balance account to use. Totally, I'm quite satisfied with their services. They are sending the notifications immediately whenever i do the transaction.",https://static.bankbazaar.com/images/common/bank-logo/idbi.png,Blown Away!,7,from 2018 i have been using the salary account from idbi bank and the banking service is good i went to their branch and the response was good staffs are very helpful its a zero balance account to use totally im quite satisfied with their services they are sending the notifications immediately whenever i do the transaction,57,Satisfied
PAZH,2020-02-15,Bangalore,IndusInd Bank,4.0,"""Average Services""","Past 3 years, i have been using the salary account from Indusind bank. Its a zero balance account. Their net banking facility is good but I'm unable to open the app because most of the times its getting hanging. I never visited their branch for any kind of request and there were no offers for debit cards.",https://static.bankbazaar.com/images/common/bank-logo/indusind.png,Great!,1,past 3 years i have been using the salary account from indusind bank its a zero balance account their net banking facility is good but im unable to open the app because most of the times its getting hanging i never visited their branch for any kind of request and there were no offers for debit cards,57,Satisfied
CHUN,2020-02-15,Pune,Kotak,5.0,"""Medium""","I am having 811 saving account with Kotak Bank for more than a year.  Even though its a saving account, there is no need to maintain a minimum balance. I have opened this account through online and  executive came to home to complete KYC process which is done on time. ATM charges are applicable of 200 plus GST per year.",https://static.bankbazaar.com/images/common/bank-logo/kotak.png,Blown Away!,1,i am having 811 saving account with kotak bank for more than a year even though its a saving account there is no need to maintain a minimum balance i have opened this account through online and executive came to home to complete kyc process which is done on time atm charges are applicable of 200 plus gst per year,60,Satisfied
MA,2020-02-15,Pune,Unknown,5.0,"""Good service""",When I was working in previous company at that time I have opened salary account from Bank of Baroda. Now I moved to other company hence this account has been converted to saving account. I am holding this account for past 4 years. It is a zero balance account. They are detecting 365 rupees for message alert on yearly basis.,https://static.bankbazaar.com/images/common/bank-logo/ALL_BANKS.png,Blown Away!,1,when i was working in previous company at that time i have opened salary account from bank of baroda now i moved to other company hence this account has been converted to saving account i am holding this account for past 4 years it is a zero balance account they are detecting 365 rupees for message alert on yearly basis,60,Satisfied
SHAILESH,2020-02-15,Mumbai,SBI,3.0,"""They need to work out a lot""","More than 5 years, i have been holding the salary account from SBI. I don't use mobile app but net banking facilities are used for emergency purpose. I used to visit their branch on a regular basis and the response was not that much prompt. They need to upgrade with the new features and the staff behavior must be changed.",https://static.bankbazaar.com/images/common/bank-logo/sbi-4.png,Satisfactory,0,more than 5 years i have been holding the salary account from sbi i dont use mobile app but net banking facilities are used for emergency purpose i used to visit their branch on a regular basis and the response was not that much prompt they need to upgrade with the new features and the staff behavior must be changed,60,Average
DU,2020-02-15,Pune,Kotak,5.0,"""Good ""","I am holding a salary account from KOTAK bank for more than a year. No need a maintain  minimum amount on monthly basis. There are many branch's available in my city when compared to others. Mobile app is user  friendly to access. Whenever contact their service, they were responsive.",https://static.bankbazaar.com/images/common/bank-logo/kotak.png,Blown Away!,0,i am holding a salary account from kotak bank for more than a year no need a maintain minimum amount on monthly basis there are many branchs available in my city when compared to others mobile app is user friendly to access whenever contact their service they were responsive,49,Satisfied
ROKADE,2020-02-15,Pune,Axis Bank,3.0,"""Need to improve the services""","Earlier i was having a salary account from Axis bank when i left the company, they have converted my salary account into savings account. There is no proper customer support in Axis bank and they charged me lots of hidden charges. I'm not maintaining any minimum balance. I have given the request to close this account but they didn't do it.",https://static.bankbazaar.com/images/common/bank-logo/axis.png,Satisfactory,2,earlier i was having a salary account from axis bank when i left the company they have converted my salary account into savings account there is no proper customer support in axis bank and they charged me lots of hidden charges im not maintaining any minimum balance i have given the request to close this account but they didnt do it,61,Average
ROKADE,2020-02-15,Pune,SBI,5.0,"""All facilities are good in SBI""","SBI is providing a full support for my savings account. Its easy to connect with the call centre people. In the year of 2011, i have opened the savings account from SBI because of the good services. I need to hold a minimum balance of Rs. 5K. Their internet banking services are really fine.",https://static.bankbazaar.com/images/common/bank-logo/sbi-4.png,Blown Away!,1,sbi is providing a full support for my savings account its easy to connect with the call centre people in the year of 2011 i have opened the savings account from sbi because of the good services i need to hold a minimum balance of rs 5k their internet banking services are really fine,54,Satisfied
PRAB,2020-02-15,Salem,Unknown,3.0,"""Need to provide net banking service ""","I am using saving account from UCO Bank for the past  7 years. Need to maintain a  minimum  balance of 1,000 rupees on monthly basis. They are deducting 110 rupees in the name of Central Government Scheme from my account which I need to check. I am using mobile app and net banking but net banking service is not good and I faced an issue on every day of after 10pm.",https://static.bankbazaar.com/images/common/bank-logo/ALL_BANKS.png,Satisfactory,4,i am using saving account from uco bank for the past 7 years need to maintain a minimum balance of 1000 rupees on monthly basis they are deducting 110 rupees in the name of central government scheme from my account which i need to check i am using mobile app and net banking but net banking service is not good and i faced an issue on every day of after 10pm,71,Average
HU,2020-02-15,Salem,Axis Bank,4.0,"""Good """,I am holding a salary account  from AXIS bank for more than 3 years. There is no hidden charges in this bank. It is a  zero balance account. I am using mobile app and it is user friendly to access. I use to get an alert messages from bank whenever I do a transactions.  There is some ATM charges are applicable.,https://static.bankbazaar.com/images/common/bank-logo/axis.png,Great!,0,i am holding a salary account from axis bank for more than 3 years there is no hidden charges in this bank it is a zero balance account i am using mobile app and it is user friendly to access i use to get an alert messages from bank whenever i do a transactions there is some atm charges are applicable,61,Satisfied
PA,2020-02-14,Mumbai,Unknown,5.0,"""Need to provide more branch's ""","I maintain my saving account with DBS bank for the past 5 years. There is more facility and every transaction charges are low but in other bank charges are applicable. It is a zero balance account and no hidden charges. For this bank, there is only one branch available in my city. Mobile app and net banking both are user friendly to access. Some time I faced server down issue and I will get intimation from bank through message.",https://static.bankbazaar.com/images/common/bank-logo/ALL_BANKS.png,Blown Away!,1,i maintain my saving account with dbs bank for the past 5 years there is more facility and every transaction charges are low but in other bank charges are applicable it is a zero balance account and no hidden charges for this bank there is only one branch available in my city mobile app and net banking both are user friendly to access some time i faced server down issue and i will get intimation from bank through message,79,Satisfied
S,2020-02-14,Kolkata,SBI,5.0,"""Good """,I have been holding an account for a saving with SBI for long times. There is no hidden charges in this bank. It is a zero balance account. I am not using mobile app and net banking both are user friendly to access. I am getting an alert messages from bank whenever I do a transactions. ATMs and branches are near to reach them directly.,https://static.bankbazaar.com/images/common/bank-logo/sbi-4.png,Blown Away!,0,i have been holding an account for a saving with sbi for long times there is no hidden charges in this bank it is a zero balance account i am not using mobile app and net banking both are user friendly to access i am getting an alert messages from bank whenever i do a transactions atms and branches are near to reach them directly,65,Satisfied
J,2020-02-14,Chennai,Unknown,5.0,"""Best savings account""",I do have a saving account with CITY UNION Bank more than 3 years. This is a  salary cum savings so no need to maintain minimum balance  but I use to maintain some amount. The saving account was linked with PAYTM and its very good application. I got a debit card and they are charging 25 rupees annually.,https://static.bankbazaar.com/images/common/bank-logo/ALL_BANKS.png,Blown Away!,0,i do have a saving account with city union bank more than 3 years this is a salary cum savings so no need to maintain minimum balance but i use to maintain some amount the saving account was linked with paytm and its very good application i got a debit card and they are charging 25 rupees annually,58,Satisfied
UMAPATHY,2020-02-14,Chennai,HDFC Bank,5.0,"""Good """,I have salary account with HDFC bank for more than 10 years. I use to get many offer messages for loans and card from bank end. It is a zero balance account. There is no hidden charges applicable. But I faced only  ATM charges are applicable of 23 rupees if I do a transaction more than  5 times in a month. Atm and branches are near. I am using  net banking and it is user friendly to access.,https://static.bankbazaar.com/images/common/bank-logo/hdfc.png,Blown Away!,0,i have salary account with hdfc bank for more than 10 years i use to get many offer messages for loans and card from bank end it is a zero balance account there is no hidden charges applicable but i faced only atm charges are applicable of 23 rupees if i do a transaction more than 5 times in a month atm and branches are near i am using net banking and it is user friendly to access,78,Satisfied
N F,2020-02-14,Chennai,Citibank,4.5,"""Good bank""","My savings account is with CITI Bank and i am using this account more than 7-8 months. No need to maintain minimum balance since this is a salary cums savings. Customer service was good and i am getting alert messages for cash withdrawal , ATM service are very less but I have bank ATM at office.",https://static.bankbazaar.com/images/common/bank-logo/citibank.png,Excellent!,1,my savings account is with citi bank and i am using this account more than 78 months no need to maintain minimum balance since this is a salary cums savings customer service was good and i am getting alert messages for cash withdrawal atm service are very less but i have bank atm at office,55,Satisfied
JAVALI,2020-02-14,Bangalore,Unknown,5.0,"""Good """,I maintain salary come saving  account with KARNATAKA bank for the past  1.4 years. It is a minimum account balance of  5K. Some time I  maintain up to 10K. Charges are nominal. There is no hidden charges. ATM and branches are near from my place. Atm charges are  applicable of 30 rupees if I do transaction more than 5 times.,https://static.bankbazaar.com/images/common/bank-logo/ALL_BANKS.png,Blown Away!,2,i maintain salary come saving account with karnataka bank for the past 14 years it is a minimum account balance of 5k some time i maintain up to 10k charges are nominal there is no hidden charges atm and branches are near from my place atm charges are applicable of 30 rupees if i do transaction more than 5 times,60,Satisfied
SIVARANJANI,2020-02-14,Chennai,HDFC Bank,5.0,"""Average Account""","I have been using HDFC salary account for last 3 years. Its a zero balance maintenance account. Its convenient to use the net banking facility without facing any hassle.  Branch is located to nearby my place and the response was okay because when I have given the request to change the address, they are not providing proper response.",https://static.bankbazaar.com/images/common/bank-logo/hdfc.png,Blown Away!,0,i have been using hdfc salary account for last 3 years its a zero balance maintenance account its convenient to use the net banking facility without facing any hassle branch is located to nearby my place and the response was okay because when i have given the request to change the address they are not providing proper response,58,Satisfied
SUMAIR,2020-02-14,Hyderabad,SBI,5.0,"""Average Account""","When I was working in my previous company, so I have opened a salary account from State Bank of India. Though I need to maintain a minimum balance of Rs. 3,000.  I'm not using this account much, but still its active to use this account for third party app and now this is my secondary account. Bank staff response is prompt. Overall, I'm happy about their service.",https://static.bankbazaar.com/images/common/bank-logo/sbi-4.png,Blown Away!,0,when i was working in my previous company so i have opened a salary account from state bank of india though i need to maintain a minimum balance of rs 3000 im not using this account much but still its active to use this account for third party app and now this is my secondary account bank staff response is prompt overall im happy about their service,67,Satisfied
SUMAIR,2020-02-14,Hyderabad,Axis Bank,5.0,"""Good Account""","I am holding my salary account from AXIS Bank almost 2 years ago. I have opened this account through online. Once I done, I do not have much knowledge about banking services. Its a Zero balance account hence i never maintained any minimum balance. Their website is easy to understand.",https://static.bankbazaar.com/images/common/bank-logo/axis.png,Blown Away!,0,i am holding my salary account from axis bank almost 2 years ago i have opened this account through online once i done i do not have much knowledge about banking services its a zero balance account hence i never maintained any minimum balance their website is easy to understand,50,Satisfied
S,2020-02-14,Kolkata,IndusInd Bank,5.0,"""Very Good Bank""",I am using the savings account from INDUSIND Bank from 2016. One of the staff is friend of mine and he asked me to open this account. There is no minimum balance required. Its fine to use an Internet banking and mobile app facility. Staffs are very responsive and helpful in the branch. Almost I can find the ATM facility in all the places.,https://static.bankbazaar.com/images/common/bank-logo/indusind.png,Blown Away!,4,i am using the savings account from indusind bank from 2016 one of the staff is friend of mine and he asked me to open this account there is no minimum balance required its fine to use an internet banking and mobile app facility staffs are very responsive and helpful in the branch almost i can find the atm facility in all the places,64,Satisfied
C,2020-02-14,Kolkata,Unknown,5.0,"""Very Good bank""","I have opened the salary account from Allahabad bank for past  November 2018, because the branch is located next building of my office. I went to their branch to open this account and the branch response was fine. I have to hold a minimum balance of Rs. 2,500 for availing a cheque facility. They are not taking any kind of hidden charges. Staffs are very less in the branch which can be improved on it.  Always the queue will be long in this bank.",https://static.bankbazaar.com/images/common/bank-logo/ALL_BANKS.png,Blown Away!,1,i have opened the salary account from allahabad bank for past november 2018 because the branch is located next building of my office i went to their branch to open this account and the branch response was fine i have to hold a minimum balance of rs 2500 for availing a cheque facility they are not taking any kind of hidden charges staffs are very less in the branch which can be improved on it always the queue will be long in this bank,84,Satisfied
SARIKA,2020-02-14,Mumbai,HDFC Bank,5.0,"""Excellent Service""",I am using HDFC Bank Salary account which i am using for the past 1 year.I am using net banking service as well as mobile banking service both are very user friendly both the service  is used for money transfer and EMI  .Each transaction is safe and very secure .Banking service is much comfortable to me .,https://static.bankbazaar.com/images/common/bank-logo/hdfc.png,Blown Away!,5,i am using hdfc bank salary account which i am using for the past 1 yeari am using net banking service as well as mobile banking service both are very user friendly both the service is used for money transfer and emi each transaction is safe and very secure banking service is much comfortable to me,56,Satisfied
GYELMO,2020-02-14,Bangalore,Kotak,5.0,"""Good Account""",Its been a year since I'm having a salary account from Kotak Mahindra bank. I don't need to maintain any minimum balance. I'm using mobile app which is good to use. I haven't experienced of the Internet banking. I haven't visited any of the branch of Kotak Mahindra bank. I'm getting a immediate notifications whenever i swipe the card in POS machines.,https://static.bankbazaar.com/images/common/bank-logo/kotak.png,Blown Away!,0,its been a year since im having a salary account from kotak mahindra bank i dont need to maintain any minimum balance im using mobile app which is good to use i havent experienced of the internet banking i havent visited any of the branch of kotak mahindra bank im getting a immediate notifications whenever i swipe the card in pos machines,62,Satisfied
ANONYMOUS,2020-02-13,Hyderabad,HDFC Bank,4.5,"""Good Account""","Its been last 3 years, i am having a salary account from HDFC bank. I don't need to hold any minimum balance. I don't access their net banking facility and mobile application. Once i went to the branch for a verification purpose and the reply was prompt. I can withdraw upto Rs. 50000 from my ATM.",https://static.bankbazaar.com/images/common/bank-logo/hdfc.png,Excellent!,2,its been last 3 years i am having a salary account from hdfc bank i dont need to hold any minimum balance i dont access their net banking facility and mobile application once i went to the branch for a verification purpose and the reply was prompt i can withdraw upto rs 50000 from my atm,56,Satisfied
R,2020-02-13,Coimbatore,SBI,4.0,"""Good""","From SBI, i have been using savings account for a quite long time. I am maintaining some minimum balance and also they given a domestic debit card. Customer service and responsiveness was good.  I am getting alert messages when ever i do transaction.",https://static.bankbazaar.com/images/common/bank-logo/sbi-4.png,Great!,0,from sbi i have been using savings account for a quite long time i am maintaining some minimum balance and also they given a domestic debit card customer service and responsiveness was good i am getting alert messages when ever i do transaction,43,Satisfied
Anonyms,2020-02-13,Krishnagiri,HDFC Bank,5.0,"""Service is not good""","For past 6 years, i have been holding the salary account from HDFC bank and its a zero balance account.  Also it is good to access their Internet banking and mobile app facility. I have visited their branch to avail a personal loan and the response was not good in my home town because the executives are very clumsy and they take too much  of time and not responsive. There is no proper follow up also.",https://static.bankbazaar.com/images/common/bank-logo/hdfc.png,Blown Away!,0,for past 6 years i have been holding the salary account from hdfc bank and its a zero balance account also it is good to access their internet banking and mobile app facility i have visited their branch to avail a personal loan and the response was not good in my home town because the executives are very clumsy and they take too much of time and not responsive there is no proper follow up also,76,Satisfied
D H,2020-02-13,Kolkata,SBI,5.0,"""One of the good service compared to private bank""","I took my savings account from State Bank of India. In the year of 2005, i have opened this account because SBI is having a lots of ATM in all over India and good service. I don't use their Internet banking facility and mobile app facility because of the fraudulent activity in the market. Branch response was upto the mark.",https://static.bankbazaar.com/images/common/bank-logo/sbi-4.png,Blown Away!,0,i took my savings account from state bank of india in the year of 2005 i have opened this account because sbi is having a lots of atm in all over india and good service i dont use their internet banking facility and mobile app facility because of the fraudulent activity in the market branch response was upto the mark,60,Satisfied
CHARULATHA,2020-02-13,Chennai,Unknown,5.0,"""Good banking services""","More than 10 years ago, i have opened the savings account from mercantile bank. Since the branch is available in walkable distance, i have selected this bank. I need to hold a minimum balance of Rs. 1000. They are not taking any kind of extra charges. I am not using this account online banking and mobile app.",https://static.bankbazaar.com/images/common/bank-logo/ALL_BANKS.png,Blown Away!,2,more than 10 years ago i have opened the savings account from mercantile bank since the branch is available in walkable distance i have selected this bank i need to hold a minimum balance of rs 1000 they are not taking any kind of extra charges i am not using this account online banking and mobile app,57,Satisfied
KONDAMMA,2020-02-13,Chittoor,SBI,4.0,"""Average Account""",Opened my salary account with SBI in the year of 2014. I don't need to maintain any minimum balance in this account. I am using the Internet banking and YONO app both is good to use. Monthly once i used to visit the branch for passbook entry and the response was not good because they won't give any response immediately and process will get delayed.,https://static.bankbazaar.com/images/common/bank-logo/sbi-4.png,Great!,0,opened my salary account with sbi in the year of 2014 i dont need to maintain any minimum balance in this account i am using the internet banking and yono app both is good to use monthly once i used to visit the branch for passbook entry and the response was not good because they wont give any response immediately and process will get delayed,65,Satisfied
GANGISETTY,2020-02-13,Bangalore,Citibank,5.0,"""Superb Account""","I haven't faced any issue with CITI bank salary account even there is no un-necessary promotional calls also. In my previous company, they have provided me a salary account from CITI bank. It was a zero balance account. Its absolutely fine with the internet banking hence its easy to do the transaction. Their app also very user friendly to use.",https://static.bankbazaar.com/images/common/bank-logo/citibank.png,Blown Away!,2,i havent faced any issue with citi bank salary account even there is no unnecessary promotional calls also in my previous company they have provided me a salary account from citi bank it was a zero balance account its absolutely fine with the internet banking hence its easy to do the transaction their app also very user friendly to use,60,Satisfied
PRASAD,2020-02-13,Bangalore,HDFC Bank,5.0,"""Fantastic Account""","I'm getting on time response from HDFC when i enquire about some request. if they provide me crisp and clear information to the customer, it would be fine. Sometimes, i am getting so many calls from the promotional team people. I am using HDFC salary account from past 7 months.",https://static.bankbazaar.com/images/common/bank-logo/hdfc.png,Blown Away!,0,im getting on time response from hdfc when i enquire about some request if they provide me crisp and clear information to the customer it would be fine sometimes i am getting so many calls from the promotional team people i am using hdfc salary account from past 7 months,50,Satisfied
C M,2020-02-13,Chennai,HDFC Bank,5.0,"""Convenient account for the customer""","Its almost more than 12 years, i have been using this salary account from HDFC. I have visited the branch and the staffs are very much helpful. They have allocated separate Relationship manager for me hence i don't need to connect with the call centre people. I can use the other bank ATM multiple times without having any additional charges.",https://static.bankbazaar.com/images/common/bank-logo/hdfc.png,Blown Away!,0,its almost more than 12 years i have been using this salary account from hdfc i have visited the branch and the staffs are very much helpful they have allocated separate relationship manager for me hence i dont need to connect with the call centre people i can use the other bank atm multiple times without having any additional charges,60,Satisfied
SAHU,2020-02-13,Bangalore,HDFC Bank,4.0,"""Good Account""",Opened my salary account with HDFC last 2 years back. Its a zero balance account and their Internet banking facility is easy to handle. They are not taking me any extra charges from my account. There is no limit for withdrawing the money from ATM. I never gone to their branch for any kind of request or complaints.,https://static.bankbazaar.com/images/common/bank-logo/hdfc.png,Great!,0,opened my salary account with hdfc last 2 years back its a zero balance account and their internet banking facility is easy to handle they are not taking me any extra charges from my account there is no limit for withdrawing the money from atm i never gone to their branch for any kind of request or complaints,58,Satisfied
S K P,2020-02-12,Bangalore,SBI,4.0,"""Good""",Taken my savings account from SBI which is a salary cums savings no need to maintain minimum balance. I opened this account 10 years ago and the branch is available near to my home. I am using their online banking facility and its good to use. Service was okay.,https://static.bankbazaar.com/images/common/bank-logo/sbi-4.png,Great!,0,taken my savings account from sbi which is a salary cums savings no need to maintain minimum balance i opened this account 10 years ago and the branch is available near to my home i am using their online banking facility and its good to use service was okay,49,Satisfied
D S,2020-02-12,Kochi,SBI,5.0,"""Best savings account""",I have been using savings account with SBI  for more than 12 years and its been very good experience. They are giving moderate interest rate for savings account and its okay. I'm using mobile banking for checking balance and to do transactions. Their app is easy to access.,https://static.bankbazaar.com/images/common/bank-logo/sbi-4.png,Blown Away!,0,i have been using savings account with sbi for more than 12 years and its been very good experience they are giving moderate interest rate for savings account and its okay im using mobile banking for checking balance and to do transactions their app is easy to access,48,Satisfied
A,2020-02-12,Coimbatore,HDFC Bank,5.0,"""Best savings account""","My savings account is with HDFC Bank, i am maintaining minimum balance of Rs. 5k. Atm facilities  are more, cash withdrawal, shopping and all i am getting alert messages. Customer service was good and there is a yearly charges for debit card is Rs.200 .",https://static.bankbazaar.com/images/common/bank-logo/hdfc.png,Blown Away!,0,my savings account is with hdfc bank i am maintaining minimum balance of rs 5k atm facilities are more cash withdrawal shopping and all i am getting alert messages customer service was good and there is a yearly charges for debit card is rs200,44,Satisfied
G,2020-02-12,Bangalore,HDFC Bank,3.0,"""Better service""","I have been using HDFC savings account more than 2 years.   Rate of interest was very higher, i'm using mobile banking for checking balance and to do transactions. Their app is easy to access some time its getting error. Customer service was okay.",https://static.bankbazaar.com/images/common/bank-logo/hdfc.png,Satisfactory,0,i have been using hdfc savings account more than 2 years rate of interest was very higher im using mobile banking for checking balance and to do transactions their app is easy to access some time its getting error customer service was okay,43,Average
G,2020-02-12,Bangalore,Unknown,5.0,"""Good bank""",My savings account  with DBS Bank and i am using this account more than 4 years. I am maintaining minimum balance of Rs. 1000 and also i am getting  alert message immediately for card swipe and  cash withdrawal. They are very helpful and the customer service is  good. I am using this card more than 4 years and this is a international debit card.,https://static.bankbazaar.com/images/common/bank-logo/ALL_BANKS.png,Blown Away!,3,my savings account with dbs bank and i am using this account more than 4 years i am maintaining minimum balance of rs 1000 and also i am getting alert message immediately for card swipe and cash withdrawal they are very helpful and the customer service is good i am using this card more than 4 years and this is a international debit card,64,Satisfied
KUMAR,2020-02-12,Surat,Unknown,5.0,"""Need to decrease interest charge""",BANK OF BARODA has given an opportunity to open account for savings and I am having account with them for the past 10 years. It is a minimum balance of 5K. I felt some hidden charge are applicable and they detect  amount of 17.5 rupees on monthly basis.,https://static.bankbazaar.com/images/common/bank-logo/ALL_BANKS.png,Blown Away!,0,bank of baroda has given an opportunity to open account for savings and i am having account with them for the past 10 years it is a minimum balance of 5k i felt some hidden charge are applicable and they detect amount of 175 rupees on monthly basis,48,Satisfied
KUMAR,2020-02-12,Surat,SBI,5.0,"""Need to improve service""",I maintain a saving account with SBI for more than 10 years.  In this account need to maintain a minimum balance of 5K. If not some charges are applicable. I am using mobile app and net banking both are user friendly to access. I get credit card and loan offer messages.,https://static.bankbazaar.com/images/common/bank-logo/sbi-4.png,Blown Away!,0,i maintain a saving account with sbi for more than 10 years in this account need to maintain a minimum balance of 5k if not some charges are applicable i am using mobile app and net banking both are user friendly to access i get credit card and loan offer messages,51,Satisfied
G,2020-02-12,Bangalore,Axis Bank,4.0,"""Good service """,I have been maintaining my savings account with AXIS bank for more than 3 years. Actually i opened zero balance account there is no need to maintain a minimum balance but ATM and branch's are near from my place. Mobile app and net banking are user friendly to access.,https://static.bankbazaar.com/images/common/bank-logo/axis.png,Great!,0,i have been maintaining my savings account with axis bank for more than 3 years actually i opened zero balance account there is no need to maintain a minimum balance but atm and branchs are near from my place mobile app and net banking are user friendly to access,49,Satisfied
G L,2020-02-12,Bangalore,SBI,4.0,"""Best saving accocunt """,I have been holding an account for a saving with SBI for more than 6 years. There is no hidden charges in this bank and i have to maintain a minimum balance. I am using mobile app and net banking both are user friendly to access. I am getting an alert messages immediately from bank whenever I do a transactions and this is the best bank.,https://static.bankbazaar.com/images/common/bank-logo/sbi-4.png,Great!,0,i have been holding an account for a saving with sbi for more than 6 years there is no hidden charges in this bank and i have to maintain a minimum balance i am using mobile app and net banking both are user friendly to access i am getting an alert messages immediately from bank whenever i do a transactions and this is the best bank,66,Satisfied
PRABHA,2020-02-11,Madurai,Unknown,4.0,"""Comfortable banking""",My savings account was opened in Karur Vysya Bank actually it was my previous company salary account which i have converted into savings account. Its a zero balance account and I'm holding this account for almost 4 years. Internet banking facility is good. I'm getting proper response in the branch.,https://static.bankbazaar.com/images/common/bank-logo/ALL_BANKS.png,Great!,2,my savings account was opened in karur vysya bank actually it was my previous company salary account which i have converted into savings account its a zero balance account and im holding this account for almost 4 years internet banking facility is good im getting proper response in the branch,50,Satisfied
TA,2020-02-11,Kolkata,SBI,4.0,"""Good """,Since SBI is government bank now days they executed some rules to maintain a minimum balance of 5K in saving account. I have been using this account for the past 5 years.  Charges are nominal. I use to get offer messages of credit card and loan as well. But they wont provide a life time free card all will be chargeable so I wont prefer this one.,https://static.bankbazaar.com/images/common/bank-logo/sbi-4.png,Great!,0,since sbi is government bank now days they executed some rules to maintain a minimum balance of 5k in saving account i have been using this account for the past 5 years charges are nominal i use to get offer messages of credit card and loan as well but they wont provide a life time free card all will be chargeable so i wont prefer this one,67,Satisfied
BH,2020-02-11,Kolkata,Axis Bank,5.0,"""Good ""","My saving account in AXIS bank which I am holding for past  3 years.In this bank I need to maintain a minimum amount of 10K, generally the amount will be high for the account maintenance in private sector . Meanwhile they have provided more facility as well. There is no hidden charges. I use to get only credit card offer message not for loan.",https://static.bankbazaar.com/images/common/bank-logo/axis.png,Blown Away!,0,my saving account in axis bank which i am holding for past 3 yearsin this bank i need to maintain a minimum amount of 10k generally the amount will be high for the account maintenance in private sector meanwhile they have provided more facility as well there is no hidden charges i use to get only credit card offer message not for loan,63,Satisfied
DEB,2020-02-11,Kolkata,Unknown,3.5,"""Good ""","I use to maintain my salary in BANK OF BARODA for the past 4.5 years. So far I haven't faced any atm charge in this bank account.  Whenever I do a transaction, I get alert message on time. Since its salary account and didn't have much interaction so I wont recommend to others.",https://static.bankbazaar.com/images/common/bank-logo/ALL_BANKS.png,Pretty good,0,i use to maintain my salary in bank of baroda for the past 45 years so far i havent faced any atm charge in this bank account whenever i do a transaction i get alert message on time since its salary account and didnt have much interaction so i wont recommend to others,53,Dissatisfied
S A,2020-02-11,Hyderabad,IndusInd Bank,5.0,"""Services are very good""",Indusind bank service is very good thats the reason i have taken the savings account with them. I need to maintain a minimum balance of Rs. 10000. Its very easy to access the Internet banking and mobile app facility. I went to their branch to open this account and the response was great because the employees are very helpful.,https://static.bankbazaar.com/images/common/bank-logo/indusind.png,Blown Away!,4,indusind bank service is very good thats the reason i have taken the savings account with them i need to maintain a minimum balance of rs 10000 its very easy to access the internet banking and mobile app facility i went to their branch to open this account and the response was great because the employees are very helpful,59,Satisfied
ARU,2020-02-10,Coimbatore,Unknown,5.0,"""Good """,I am having saving account with CITY UNION Bank last 6 months only. Since they have opened new branch near to my office so I have opened savings account for myself. There is no requirement for a minimum amount. Nowadays all banks are become very competitive so their service is prompt and quick response.,https://static.bankbazaar.com/images/common/bank-logo/ALL_BANKS.png,Blown Away!,1,i am having saving account with city union bank last 6 months only since they have opened new branch near to my office so i have opened savings account for myself there is no requirement for a minimum amount nowadays all banks are become very competitive so their service is prompt and quick response,54,Satisfied
CHAMY,2020-02-10,Coimbatore,Unknown,5.0,"""Good """,I have been holding a saving account from  LAKSHMI VILAS BANK for past 4 years. There is no requirement from bank to maintain a minimum balance but I use to maintain 50% amount in my account. On yearly there will be tax charges in this account but I am not aware about the amount.  There is no much ATM services are avail in my city.,https://static.bankbazaar.com/images/common/bank-logo/ALL_BANKS.png,Blown Away!,1,i have been holding a saving account from lakshmi vilas bank for past 4 years there is no requirement from bank to maintain a minimum balance but i use to maintain 50 amount in my account on yearly there will be tax charges in this account but i am not aware about the amount there is no much atm services are avail in my city,65,Satisfied
XIT,2020-02-10,Hyderabad,Punjab National Bank,3.0,"""Need to improve customer service""","I have been using my saving account with PNB for more than 10 years. Their employee's are not good, there will be no response from their end when I reach their branch. Since they have opened new branch to near my home so I had opened an account in this bank. They use to charge of 23 rupees for each transaction.",https://static.bankbazaar.com/images/common/bank-logo/punjab-national-bank.png,Satisfactory,9,i have been using my saving account with pnb for more than 10 years their employees are not good there will be no response from their end when i reach their branch since they have opened new branch to near my home so i had opened an account in this bank they use to charge of 23 rupees for each transaction,61,Average
SH,2020-02-10,Hyderabad,HDFC Bank,4.5,"""Good """,I maintain my salary account with HDFC for the past 3 years. So no need to hold minimum balance on monthly basis. So far there is no hidden charges. ATM and branch services are good.  I get alert message on time for my each transaction.  There is no any additional charge in this bank.,https://static.bankbazaar.com/images/common/bank-logo/hdfc.png,Excellent!,2,i maintain my salary account with hdfc for the past 3 years so no need to hold minimum balance on monthly basis so far there is no hidden charges atm and branch services are good i get alert message on time for my each transaction there is no any additional charge in this bank,54,Satisfied
KRIS,2020-02-10,Bangalore,Unknown,5.0,"""Need to provide more ATMs""","VIJAYA Bank has provided a saving account but need to maintain a minimum balance of 1000 rupees. I am holding this account for the past 8 years. Their service is good. To open an account, there is documents charge of 500 rupees. One thing, its very rare to find this bank ATM in my city so I use to do transaction from other bank. If I apply for debit card which I will get on time from their end.",https://static.bankbazaar.com/images/common/bank-logo/ALL_BANKS.png,Blown Away!,1,vijaya bank has provided a saving account but need to maintain a minimum balance of 1000 rupees i am holding this account for the past 8 years their service is good to open an account there is documents charge of 500 rupees one thing its very rare to find this bank atm in my city so i use to do transaction from other bank if i apply for debit card which i will get on time from their end,79,Satisfied
AJ,2020-02-10,Bangalore,SBI,5.0,"""Good service""","I am holding a saving account  in SBI for more than 16 years. I never faced hidden charges for these many years. I need to maintain a minimum balance of 500 rupees. Whenever I visit branch, always it will be crowded but the response part was good from their end. I am using mobile app which is user friendly to access.  Due to debit card issue, I raised to bank and  reapplied the card took almost 15 days to receive the card.",https://static.bankbazaar.com/images/common/bank-logo/sbi-4.png,Blown Away!,0,i am holding a saving account in sbi for more than 16 years i never faced hidden charges for these many years i need to maintain a minimum balance of 500 rupees whenever i visit branch always it will be crowded but the response part was good from their end i am using mobile app which is user friendly to access due to debit card issue i raised to bank and reapplied the card took almost 15 days to receive the card,82,Satisfied
R,2020-02-10,Bangalore,IndusInd Bank,4.0,"""Best account""","My savings account is with Indusind Bank. No need to maintain minimum balance, because this is salary cums savings. Their application is a user friendly also  mobile banking and Internet banking was good. Mostly i use this card for cash withdrawal and for shopping. I am getting alert message whenever i swipe my card.",https://static.bankbazaar.com/images/common/bank-logo/indusind.png,Great!,7,my savings account is with indusind bank no need to maintain minimum balance because this is salary cums savings their application is a user friendly also mobile banking and internet banking was good mostly i use this card for cash withdrawal and for shopping i am getting alert message whenever i swipe my card,54,Satisfied
L B,2020-02-10,Chennai,Unknown,5.0,"""Best savings account""","I have opened my savings account with  Andhra bank before 3-4 years . My experience is very very good and I like the customer support, other things are also good. I need to maintain a minimum balance of Rs. 500. I took domestic  debit card and also there is a charges for this card.",https://static.bankbazaar.com/images/common/bank-logo/ALL_BANKS.png,Blown Away!,1,i have opened my savings account with andhra bank before 34 years my experience is very very good and i like the customer support other things are also good i need to maintain a minimum balance of rs 500 i took domestic debit card and also there is a charges for this card,53,Satisfied
shailendra   pushkar,2020-02-07,New delhi,IDBI,0.5,"""idbi services""",Pathetic service by IDBI bank. bank have recently open my salary account. but bank forgot to register net banking facility which is very common . and i mark yes in form during paper formalities second if you tray to transfer money by google pay. its not possible because india country code is +91 and bank have manction +091 Big great staff. after all this mess if you call customer care they don't have rights to do any thing and the don't have technical knowledge to understand problem. So as a suggestion don't open account in IDBI bank. because other bank have better service.,https://static.bankbazaar.com/images/common/bank-logo/idbi.png,Unacceptable,10,pathetic service by idbi bank bank have recently open my salary account but bank forgot to register net banking facility which is very common and i mark yes in form during paper formalities second if you tray to transfer money by google pay its not possible because india country code is 91 and bank have manction 091 big great staff after all this mess if you call customer care they dont have rights to do any thing and the dont have technical knowledge to understand problem so as a suggestion dont open account in idbi bank because other bank have better service,102,Dissatisfied
MAR,2020-02-06,Warangal,Unknown,4.0,"""Okay service""","Due to my personal need, I have opened a saving account with ANDHRA Bank before 8 years ago which am holding it as a zero balance account. I am not using their mobile app and the Branch's are far away but in my home town its near from my place. Since I won't visit home town frequently there was no proper communication.",https://static.bankbazaar.com/images/common/bank-logo/ALL_BANKS.png,Great!,1,due to my personal need i have opened a saving account with andhra bank before 8 years ago which am holding it as a zero balance account i am not using their mobile app and the branchs are far away but in my home town its near from my place since i wont visit home town frequently there was no proper communication,62,Satisfied
KUMAR,2020-02-06,Warangal,SBI,5.0,"""Need to decrease interest charge """,I am holding a salary account  with SBI more than 5 years. There is no hidden charges in this bank. Though its salary account but need to maintain a minimum of 3K on monthly basis. I am using mobile app and net banking both are user friendly to access. I use to get an alert messages from bank whenever I do a transactions.  The drawback is charges are applicable for SMS and every transaction.,https://static.bankbazaar.com/images/common/bank-logo/sbi-4.png,Blown Away!,1,i am holding a salary account with sbi more than 5 years there is no hidden charges in this bank though its salary account but need to maintain a minimum of 3k on monthly basis i am using mobile app and net banking both are user friendly to access i use to get an alert messages from bank whenever i do a transactions the drawback is charges are applicable for sms and every transaction,74,Satisfied
ANONYMOUS,2020-02-06,Thrissur,Axis Bank,4.0,"""Good """,I have been maintaining my salary account with AXIS bank for more than 5 years. There is no need to maintain a minimum balance but certain hidden charge are applicable in this account. ATM and branch's are near from my place. Mobile app and net banking are user friendly to access.,https://static.bankbazaar.com/images/common/bank-logo/axis.png,Great!,1,i have been maintaining my salary account with axis bank for more than 5 years there is no need to maintain a minimum balance but certain hidden charge are applicable in this account atm and branchs are near from my place mobile app and net banking are user friendly to access,51,Satisfied
D BHURUBHA,2020-02-06,Gandhinagar,HDFC Bank,5.0,"""Excellent Service""",I am using HDFC Bank saving account for the past 2 years .I am using net banking service as well as mobile banking service both are very user friendly and i am using these service for paying credit card bill payment as well as money transfer. Overall am satisfied with the service .,https://static.bankbazaar.com/images/common/bank-logo/hdfc.png,Blown Away!,0,i am using hdfc bank saving account for the past 2 years i am using net banking service as well as mobile banking service both are very user friendly and i am using these service for paying credit card bill payment as well as money transfer overall am satisfied with the service,52,Satisfied
EN,2020-02-06,Kolkata,Citibank,5.0,"""Excellent""",I am holding a salary account in CITI  for more than 5 years. There is no hidden charges in this bank. It is a  zero balance account. I am using mobile app and net banking both are user friendly to access. I use to get an alert messages from bank whenever I do a transactions. ATMs and branch's services are good.,https://static.bankbazaar.com/images/common/bank-logo/citibank.png,Blown Away!,2,i am holding a salary account in citi for more than 5 years there is no hidden charges in this bank it is a zero balance account i am using mobile app and net banking both are user friendly to access i use to get an alert messages from bank whenever i do a transactions atms and branchs services are good,61,Satisfied
A,2020-02-06,Noida,SBI,5.0,"""Best savings account""",I have been holding an account for a saving with SBI for more than 10 years. There is no hidden charges in this bank and i have to maintain a minimum balance. I am using mobile app and net banking both are user friendly to access. I am getting an alert messages from bank whenever I do a transactions.,https://static.bankbazaar.com/images/common/bank-logo/sbi-4.png,Blown Away!,0,i have been holding an account for a saving with sbi for more than 10 years there is no hidden charges in this bank and i have to maintain a minimum balance i am using mobile app and net banking both are user friendly to access i am getting an alert messages from bank whenever i do a transactions,59,Satisfied
B,2020-02-06,Noida,HDFC Bank,5.0,"""Best savings account""","I am using HDFC Bank savings account. This is a salary cums savings, so no need to maintain minimum balance. Whenever i do cash withdrawal, am getting alert messages. Mobile application and Internet banking was good, customer service was fine.",https://static.bankbazaar.com/images/common/bank-logo/hdfc.png,Blown Away!,0,i am using hdfc bank savings account this is a salary cums savings so no need to maintain minimum balance whenever i do cash withdrawal am getting alert messages mobile application and internet banking was good customer service was fine,40,Satisfied
IK,2020-02-05,Chennai,HDFC Bank,4.0,"""Good service """,My salary account is maintained in HDFC bank for the past 6 years. I use to get offer message from this bank for both loan and credit card. No need to maintain a minimum balance also.  There is no ATM charge in this bank. I use to get offers message for other products as well. Overall its good service.,https://static.bankbazaar.com/images/common/bank-logo/hdfc.png,Great!,0,my salary account is maintained in hdfc bank for the past 6 years i use to get offer message from this bank for both loan and credit card no need to maintain a minimum balance also there is no atm charge in this bank i use to get offers message for other products as well overall its good service,59,Satisfied
ZA,2020-02-05,Chennai,SBI,4.0,"""Good account """,I am having a saving account with SBI for more than 8 years. Need to maintain a minimum balance of 5K. I use to get alert message on time whenever I do a transaction. There is ATM charges on monthly basis. So far no issue by holding an account with this bank.,https://static.bankbazaar.com/images/common/bank-logo/sbi-4.png,Great!,0,i am having a saving account with sbi for more than 8 years need to maintain a minimum balance of 5k i use to get alert message on time whenever i do a transaction there is atm charges on monthly basis so far no issue by holding an account with this bank,52,Satisfied
BIKASH,2020-02-04,Bangalore,Unknown,5.0,"""Good Service""",I have salary account with oriental bank of commerce .I am using this account for the past 4 years .I am using net Banking service which is very useful to track account status.Each transaction will be safe always and not faced any fraudulent transaction.Everything was good to me so far .,https://static.bankbazaar.com/images/common/bank-logo/ALL_BANKS.png,Blown Away!,0,i have salary account with oriental bank of commerce i am using this account for the past 4 years i am using net banking service which is very useful to track account statuseach transaction will be safe always and not faced any fraudulent transactioneverything was good to me so far,50,Satisfied
MA,2020-02-04,Bangalore,Canara Bank,3.0,"""Need to improve the customer service """,I had opened a saving account with CANARA Bank for my personal need. But in my home town there is only one ATM machine is available and the customer support is not good response. Due to this reason I am not using much and also I am not getting any offers. Generally I use to maintain 400 rupees in my account.,https://static.bankbazaar.com/images/common/bank-logo/canara-bank.png,Satisfactory,1,i had opened a saving account with canara bank for my personal need but in my home town there is only one atm machine is available and the customer support is not good response due to this reason i am not using much and also i am not getting any offers generally i use to maintain 400 rupees in my account,61,Average
R SHANTARAM,2020-02-04,Malegaon,Unknown,5.0,"""Excellent Service""",I am using Central Bank Of India Salary account for the past 7 to 8 years .I am using net banking service which i used for money transfer .If have any query and contact customer service then will be getting good response.All transaction will be safe and secure .I am satisfied wit the overall banking service.,https://static.bankbazaar.com/images/common/bank-logo/ALL_BANKS.png,Blown Away!,3,i am using central bank of india salary account for the past 7 to 8 years i am using net banking service which i used for money transfer if have any query and contact customer service then will be getting good responseall transaction will be safe and secure i am satisfied wit the overall banking service,56,Satisfied
MA,2020-02-04,Shillong,SBI,5.0,"""Good service""",I am holding saving come salary account with SBI for the past 30 years. There is no any hidden charges in this account. But I need to maintain a minimum balance of 3500K. Nowadays I am not getting alert message only for some time receiving from their end. I use to get card offer messages but once I had applied its not applicable to process further.,https://static.bankbazaar.com/images/common/bank-logo/sbi-4.png,Blown Away!,0,i am holding saving come salary account with sbi for the past 30 years there is no any hidden charges in this account but i need to maintain a minimum balance of 3500k nowadays i am not getting alert message only for some time receiving from their end i use to get card offer messages but once i had applied its not applicable to process further,66,Satisfied
,2020-02-03,Chennai,Axis Bank,3.0,"""Need to improve  their service""",I have been  using AXIS bank saving account for more than 3 years. They need to improve their service which is not good. Because if I raise any query and regarding for cheque I wont get proper solution from bank end. I am using mobile app and net banking both are user friendly to access. Only ATMs are near from my place.,https://static.bankbazaar.com/images/common/bank-logo/axis.png,Satisfactory,1,i have been using axis bank saving account for more than 3 years they need to improve their service which is not good because if i raise any query and regarding for cheque i wont get proper solution from bank end i am using mobile app and net banking both are user friendly to access only atms are near from my place,62,Average
NAG,2020-02-03,Chennai,Unknown,2.0,"""Need to improve  customer service""",I am holding INDIAN OVERSEAS BANK for the past 5 years. Since its government bank there is no proper response whenever contact their service either bank service or customer support.  I use mobile app and net banking both are user friendly to access. ATM and branches are far away to reach them. There is minimum charges of atm of less than 100 rupees.,https://static.bankbazaar.com/images/common/bank-logo/ALL_BANKS.png,Expected more,5,i am holding indian overseas bank for the past 5 years since its government bank there is no proper response whenever contact their service either bank service or customer support i use mobile app and net banking both are user friendly to access atm and branches are far away to reach them there is minimum charges of atm of less than 100 rupees,63,Dissatisfied
A,2020-02-03,Raipur,Kotak,5.0,"""Best savings account""","I am holding saving account with Kotak Bank more than 3.5 years. Mobile application is user friendly and is it very useful to view the statement and fund transactions. There is no charges for debit card. ATMs are not  sufficient, very less and i need not to maintain minimum balance. Bank executive response is good.",https://static.bankbazaar.com/images/common/bank-logo/kotak.png,Blown Away!,0,i am holding saving account with kotak bank more than 35 years mobile application is user friendly and is it very useful to view the statement and fund transactions there is no charges for debit card atms are not sufficient very less and i need not to maintain minimum balance bank executive response is good,55,Satisfied
ARU,2020-02-03,Chennai,Unknown,3.0,"""Good """,I am having a saving account with ANDHRA Bank for more than 3 years. For this account no need to maintain a minimum balance. I wont do  much transaction rather I use only for cylinder bill on monthly basis. Hence I use to keep some minimum amount in this account. I  get alert message on time for every transaction.,https://static.bankbazaar.com/images/common/bank-logo/ALL_BANKS.png,Satisfactory,1,i am having a saving account with andhra bank for more than 3 years for this account no need to maintain a minimum balance i wont do much transaction rather i use only for cylinder bill on monthly basis hence i use to keep some minimum amount in this account i get alert message on time for every transaction,59,Average
AJ,2020-02-03,Chennai,Axis Bank,5.0,"""Good""",I have been using AXIS bank saving account for more than 4 years. No need to maintain a minimum balance on this account. I am using both net banking and mobile app both are user friendly to access. I use to get offers message from their end. There are many ATMs and branches are avail in my city.,https://static.bankbazaar.com/images/common/bank-logo/axis.png,Blown Away!,0,i have been using axis bank saving account for more than 4 years no need to maintain a minimum balance on this account i am using both net banking and mobile app both are user friendly to access i use to get offers message from their end there are many atms and branches are avail in my city,58,Satisfied
FAZAL  M,2020-02-03,Hyderabad,Kotak,4.0,"""Good""","I have been using savings account with Kotak for quite long time. I am maintaining minimum balance of 20k and their  service was good. If i withdrawn cash getting alert messages and they provided a debit card which can be used only in India, overall service was good.",https://static.bankbazaar.com/images/common/bank-logo/kotak.png,Great!,1,i have been using savings account with kotak for quite long time i am maintaining minimum balance of 20k and their service was good if i withdrawn cash getting alert messages and they provided a debit card which can be used only in india overall service was good,48,Satisfied
Y,2020-02-02,Tirupur,IDBI,4.5,"""Good service""",I am holding saving account with IDBI for more than 2 years. Mobile application is user friendly and is it very useful to view the statement and fund transactions. There is no charges for debit card. ATMs are very sufficient. Bank executive response is good.,https://static.bankbazaar.com/images/common/bank-logo/idbi.png,Excellent!,5,i am holding saving account with idbi for more than 2 years mobile application is user friendly and is it very useful to view the statement and fund transactions there is no charges for debit card atms are very sufficient bank executive response is good,45,Satisfied
R,2020-02-02,Chennai,SBI,2.0,"""Need to improve in service""","I have taken a savings account with SBI and this is salary cums savings, no need to maintain minimum balance. Internet banking is good and customer service is average. No charges for debit card and also getting alert message for cash withdrawn.",https://static.bankbazaar.com/images/common/bank-logo/sbi-4.png,Expected more,2,i have taken a savings account with sbi and this is salary cums savings no need to maintain minimum balance internet banking is good and customer service is average no charges for debit card and also getting alert message for cash withdrawn,42,Dissatisfied
A R,2020-01-31,Bangalore,SBI,5.0,"""Good and reliable bank""","When I was a student, I had opened the savings account from State Bank of India. I never contacted the customer care for any kind of issues. I have been holding this account for almost 10 years but nowadays I'm not doing any transaction from this account. I need to maintain a minimum balance of Rs. 500. I have not activated online banking facility till now.",https://static.bankbazaar.com/images/common/bank-logo/sbi-4.png,Blown Away!,0,when i was a student i had opened the savings account from state bank of india i never contacted the customer care for any kind of issues i have been holding this account for almost 10 years but nowadays im not doing any transaction from this account i need to maintain a minimum balance of rs 500 i have not activated online banking facility till now,66,Satisfied
ROY,2020-01-31,Bangalore,HDFC Bank,5.0,"""Good in private bank ""","Once I lost my debit card, I called the call centre people and they really helped me out. In the year of 2014, my company has provided me a salary account with HDFC. Its a zero balance account. I never visited their branch till now. Net banking facility was great because its easy and convenient to use.",https://static.bankbazaar.com/images/common/bank-logo/hdfc.png,Blown Away!,0,once i lost my debit card i called the call centre people and they really helped me out in the year of 2014 my company has provided me a salary account with hdfc its a zero balance account i never visited their branch till now net banking facility was great because its easy and convenient to use,57,Satisfied
ANONYMOUS,2020-01-31,Chennai,IDBI,5.0,"""Good Account""","I have taken my savings account from IDBI bank around 5 years back because the branch was near from my place like a walk able distance. The service is very good. I need to hold the minimum balance of Rs. 1000.  I'm using the net banking facility. They are not deducting any kind of hidden charges. I can withdraw up to Rs. 50,000 from my ATM.",https://static.bankbazaar.com/images/common/bank-logo/idbi.png,Blown Away!,4,i have taken my savings account from idbi bank around 5 years back because the branch was near from my place like a walk able distance the service is very good i need to hold the minimum balance of rs 1000 im using the net banking facility they are not deducting any kind of hidden charges i can withdraw up to rs 50000 from my atm,66,Satisfied
K P,2020-01-31,Chennai,HDFC Bank,4.0,"""Good Bank""",I have opened my savings account from HDFC and the branch is in nearby my home hence its easy to access so that i have selected this bank. Even though its a savings account but my salary is getting credited to this account. Its good to use the net banking facility and I didn't face any problem in the mobile app.,https://static.bankbazaar.com/images/common/bank-logo/hdfc.png,Great!,0,i have opened my savings account from hdfc and the branch is in nearby my home hence its easy to access so that i have selected this bank even though its a savings account but my salary is getting credited to this account its good to use the net banking facility and i didnt face any problem in the mobile app,61,Satisfied
N   KUMAR,2020-01-31,Palwal,SBI,5.0,"""Good Service""","I am using SBI saving account which i am holding from the year of 2004,  it is with me for the past 16 years. I am using net banking as well as mobile banking service both are used for money transfer. The credit card bill payment and also for recharge. Banking service is very comfortable and much satisfied.",https://static.bankbazaar.com/images/common/bank-logo/sbi-4.png,Blown Away!,0,i am using sbi saving account which i am holding from the year of 2004 it is with me for the past 16 years i am using net banking as well as mobile banking service both are used for money transfer the credit card bill payment and also for recharge banking service is very comfortable and much satisfied,58,Satisfied
ANKITHA,2020-01-31,Mangalore,Unknown,4.5,"""Convenient banking""",I'm holding the salary account from Karnataka Bank for more than a year. The account was opened by the company and its a zero balance account hence I don't have to maintain any minimum balance. Its convenient to use the net banking facility and mobile app is working fast. I use to get immediate notification whenever I do the transaction.,https://static.bankbazaar.com/images/common/bank-logo/ALL_BANKS.png,Excellent!,0,im holding the salary account from karnataka bank for more than a year the account was opened by the company and its a zero balance account hence i dont have to maintain any minimum balance its convenient to use the net banking facility and mobile app is working fast i use to get immediate notification whenever i do the transaction,60,Satisfied
S N,2020-01-30,Bangalore,Unknown,5.0,"""Good Account""",I have selected Union bank to open my savings account on 1.5 years back because its  Government bank which located near to my house. Its a zero balance account. I went to their branch to open this account and the response was superb. Its easy to access their net banking facility.,https://static.bankbazaar.com/images/common/bank-logo/ALL_BANKS.png,Blown Away!,6,i have selected union bank to open my savings account on 15 years back because its government bank which located near to my house its a zero balance account i went to their branch to open this account and the response was superb its easy to access their net banking facility,51,Satisfied
S N,2020-01-30,Bangalore,Axis Bank,5.0,"""Process is good""","I have opened the salary account from AXIS bank in the year of 2017. From my company they have provided this account.  Its a zero balance account. Its good to use the Internet banking and mobile app facility. There will be a charges for other ATM withdrawals as per RBI rules. Through SMS, i get the notification immediately whenever I do the transaction.",https://static.bankbazaar.com/images/common/bank-logo/axis.png,Blown Away!,0,i have opened the salary account from axis bank in the year of 2017 from my company they have provided this account its a zero balance account its good to use the internet banking and mobile app facility there will be a charges for other atm withdrawals as per rbi rules through sms i get the notification immediately whenever i do the transaction,63,Satisfied
S,2020-01-30,New delhi,SBI,4.5,"""Good account""",I have SBI Saving account for the past 9 years .I will be getting message alert as well as email alerts.Customer service is also good and getting good response if contact for any assistance. According to my experience with this bank banking service is much comfortable and satisfied .,https://static.bankbazaar.com/images/common/bank-logo/sbi-4.png,Excellent!,0,i have sbi saving account for the past 9 years i will be getting message alert as well as email alertscustomer service is also good and getting good response if contact for any assistance according to my experience with this bank banking service is much comfortable and satisfied,48,Satisfied
Anonyms,2020-01-30,Chennai,Unknown,4.0,"""Good salaried account""","20 years before, my company has provided me a salary account from Indian Overseas Bank. I need to hold a minimum balance of Rs. 1000 since I'm a existing customer if I'm a new customer i need to maintain a minimum balance of Rs. 5000. I have not activated the net banking and mobile app facility. I could see the branches in all the locations.",https://static.bankbazaar.com/images/common/bank-logo/ALL_BANKS.png,Great!,3,20 years before my company has provided me a salary account from indian overseas bank i need to hold a minimum balance of rs 1000 since im a existing customer if im a new customer i need to maintain a minimum balance of rs 5000 i have not activated the net banking and mobile app facility i could see the branches in all the locations,65,Satisfied
SAN,2020-01-30,New delhi,Axis Bank,4.5,"""Best saving account""",I have opened the savings account from Axis bank before 1.6 years ago and I have went to the branch directly to open this account. No need to maintain a minimum balance . Its easy to access the Internet banking and mobile app. Branch experience is also good.,https://static.bankbazaar.com/images/common/bank-logo/axis.png,Excellent!,0,i have opened the savings account from axis bank before 16 years ago and i have went to the branch directly to open this account no need to maintain a minimum balance its easy to access the internet banking and mobile app branch experience is also good,47,Satisfied
GAURAV,2020-01-30,Jaipur,HDFC Bank,5.0,"""Best bank ""","I am using HDFC  Bank savings account for more than 5 years. I never withdrawn cash, generally i use UPI, Net banking,  Google pay and more for an easy payment. I spoke to bank executive directly, it was good.  This overall service and responsiveness was good.",https://static.bankbazaar.com/images/common/bank-logo/hdfc.png,Blown Away!,0,i am using hdfc bank savings account for more than 5 years i never withdrawn cash generally i use upi net banking google pay and more for an easy payment i spoke to bank executive directly it was good this overall service and responsiveness was good,46,Satisfied
KUMARAIYA  A,2020-01-30,Coimbatore,Unknown,5.0,"""Best savings account""","I am holding  savings account with Indian bank for more than 20 years. I need to maintain minimum balance of Rs. 1,000. There is no hidden charges in this bank. I am using mobile app and it is very user friendly to access. ATM and branches are near and convenient.",https://static.bankbazaar.com/images/common/bank-logo/ALL_BANKS.png,Blown Away!,1,i am holding savings account with indian bank for more than 20 years i need to maintain minimum balance of rs 1000 there is no hidden charges in this bank i am using mobile app and it is very user friendly to access atm and branches are near and convenient,50,Satisfied
DU,2020-01-30,Pune,Kotak,4.0,"""Good service""",I have been having saving account with KOTAK BANK for more than 2 years. It is a zero balance account. ATM charges are avail   but usually I use to do transaction less than that and mostly I use online transaction. ATMs and branches services are good.,https://static.bankbazaar.com/images/common/bank-logo/kotak.png,Great!,1,i have been having saving account with kotak bank for more than 2 years it is a zero balance account atm charges are avail but usually i use to do transaction less than that and mostly i use online transaction atms and branches services are good,46,Satisfied
RANG,2020-01-30,Pune,Unknown,5.0,"""Good service""",I have been maintain a salary account with COSMOS COOPERATIVE BANK for the past 12 years. No need to maintain a minimum balance account. I am using mobile app and net banking both are good to access.  I use to get  alert message on time whenever I do a transaction.,https://static.bankbazaar.com/images/common/bank-logo/ALL_BANKS.png,Blown Away!,1,i have been maintain a salary account with cosmos cooperative bank for the past 12 years no need to maintain a minimum balance account i am using mobile app and net banking both are good to access i use to get alert message on time whenever i do a transaction,50,Satisfied
E P S,2020-01-30,Kochi,Axis Bank,5.0,"""Good account""","Opened my salary account from Axis bank because my friend recommended me to chose this account. Its a zero balance account. Its good to use the net banking facility and mobile app. I went to the Angamally branch and they are responding well to the customer but in call centre, they are not giving proper response which they need to improve.",https://static.bankbazaar.com/images/common/bank-logo/axis.png,Blown Away!,0,opened my salary account from axis bank because my friend recommended me to chose this account its a zero balance account its good to use the net banking facility and mobile app i went to the angamally branch and they are responding well to the customer but in call centre they are not giving proper response which they need to improve,61,Satisfied
TARLA,2020-01-30,Hyderabad,Unknown,4.5,"""Good service""","I hold salary account with Andhra Bank from 2013. I use mostly net banking and other app for transaction. I will not go for ATM withdrawal. Transaction are free in same bank ATM, in other bank if we exceed 5 transaction they charge Rs.21. Mobile application user friendly. The minimum balance need to maintain is Rs.1000.",https://static.bankbazaar.com/images/common/bank-logo/ALL_BANKS.png,Excellent!,3,i hold salary account with andhra bank from 2013 i use mostly net banking and other app for transaction i will not go for atm withdrawal transaction are free in same bank atm in other bank if we exceed 5 transaction they charge rs21 mobile application user friendly the minimum balance need to maintain is rs1000,56,Satisfied
KUMAR,2020-01-30,Hyderabad,Unknown,5.0,"""Good service""","I will get good response from BANK OF BARODA always when I reach out to branch. I am holding savings account for more than 4 years. Minimum balance need to maintain is Rs.1000, if not I will get notification message.  All same bank ATM transactions are free, it is chargeable in other bank after 5 transactions.",https://static.bankbazaar.com/images/common/bank-logo/ALL_BANKS.png,Blown Away!,0,i will get good response from bank of baroda always when i reach out to branch i am holding savings account for more than 4 years minimum balance need to maintain is rs1000 if not i will get notification message all same bank atm transactions are free it is chargeable in other bank after 5 transactions,56,Satisfied
S,2020-01-30,Kolkata,SBI,5.0,"""Best savings account""",I have opened my savings account in SBI before 5 years back. My experience is very very good and I like the customer service is also good. I need to maintain a minimum balance of 3K. I took an International debit card and annual fee is there not sure .,https://static.bankbazaar.com/images/common/bank-logo/sbi-4.png,Blown Away!,0,i have opened my savings account in sbi before 5 years back my experience is very very good and i like the customer service is also good i need to maintain a minimum balance of 3k i took an international debit card and annual fee is there not sure,49,Satisfied
Anonyms,2020-01-30,Chennai,Kotak,4.0,"""Growing bank""",I have opened the 811 savings account from Kotak Mahindra bank. I have applied the savings account through online but i have never made any transaction till now. I don't need to visit the branch directly and i can do everything through online so i have selected this bank. I have logged on to their net banking its easy to access. Collection executive came to my place to get all my documents.,https://static.bankbazaar.com/images/common/bank-logo/kotak.png,Great!,0,i have opened the 811 savings account from kotak mahindra bank i have applied the savings account through online but i have never made any transaction till now i dont need to visit the branch directly and i can do everything through online so i have selected this bank i have logged on to their net banking its easy to access collection executive came to my place to get all my documents,72,Satisfied
S K S,2020-01-30,Chennai,HDFC Bank,4.0,"""Okay Account""","I have been started using the salary account from HDFC account 3.5 years ago. Its a zero balance account. I can withdraw up to Rs. 20,000 per day. Once i have visited the branch to give the change of address request and the response was okay and the staff was helpful. People doesn't have any current address proof, they must provide the option to update the address in online.",https://static.bankbazaar.com/images/common/bank-logo/hdfc.png,Great!,0,i have been started using the salary account from hdfc account 35 years ago its a zero balance account i can withdraw up to rs 20000 per day once i have visited the branch to give the change of address request and the response was okay and the staff was helpful people doesnt have any current address proof they must provide the option to update the address in online,69,Satisfied
RAMANATH,2020-01-30,Bangalore,Unknown,4.0,"""Average services""","I have a savings account with Corporation Bank for past 5 years. I am using Debit card there is no transaction fee in same bank ATM withdrawal, only 3 transaction are free further they will be charging Rs.20 for each. Minimum balance need to maintain is Rs.100. Notifications are send on time.",https://static.bankbazaar.com/images/common/bank-logo/ALL_BANKS.png,Great!,2,i have a savings account with corporation bank for past 5 years i am using debit card there is no transaction fee in same bank atm withdrawal only 3 transaction are free further they will be charging rs20 for each minimum balance need to maintain is rs100 notifications are send on time,52,Satisfied
R,2020-01-29,Chennai,HDFC Bank,5.0,"""Good""","My salary account is maintained in HDFC Bank for nearly 1.5 years. It is a zero balance account, no need to maintain minimum balance. Till now there was no issues, the rate of interest is very less for the loans and there is no hidden charges moreover its a friendly bank according to my experience. I am using the online service which is very good.",https://static.bankbazaar.com/images/common/bank-logo/hdfc.png,Blown Away!,0,my salary account is maintained in hdfc bank for nearly 15 years it is a zero balance account no need to maintain minimum balance till now there was no issues the rate of interest is very less for the loans and there is no hidden charges moreover its a friendly bank according to my experience i am using the online service which is very good,65,Satisfied
NARESH,2020-01-29,Palwal,HDFC Bank,5.0,"""Good service""","I am using HDFC Bank saving account which was recently opened by myself.I am using net banking as well as mobile banking service  both are used for money transfer ,credit card bill payment and also for recharge.Customer service is also good and i am satisfied with the service so far.",https://static.bankbazaar.com/images/common/bank-logo/hdfc.png,Blown Away!,0,i am using hdfc bank saving account which was recently opened by myselfi am using net banking as well as mobile banking service both are used for money transfer credit card bill payment and also for rechargecustomer service is also good and i am satisfied with the service so far,50,Satisfied
CHIKKANNAGARI  A,2020-01-29,Raichur,Axis Bank,2.0,"""Need to improve in service""","My salary account is maintained with AXIS Bank, i am doing all my transactions through this Bank and Its been 4 years. There is no requirement for minimum balance. The branch is near to my residence. Customer service and responsiveness was not good, need to improve in their service.",https://static.bankbazaar.com/images/common/bank-logo/axis.png,Expected more,2,my salary account is maintained with axis bank i am doing all my transactions through this bank and its been 4 years there is no requirement for minimum balance the branch is near to my residence customer service and responsiveness was not good need to improve in their service,49,Dissatisfied
C,2020-01-29,Raichur,HDFC Bank,4.0,"""Best savings account""","HDFC is a very good bank, their executive is understanding the customer concern and ready to help at any cost.  I have been using the savings account for last 4 months. I have to maintain minimum balance of 10,000 rupees.  The customer service and responsiveness are good.",https://static.bankbazaar.com/images/common/bank-logo/hdfc.png,Great!,0,hdfc is a very good bank their executive is understanding the customer concern and ready to help at any cost i have been using the savings account for last 4 months i have to maintain minimum balance of 10000 rupees the customer service and responsiveness are good,47,Satisfied
ANONYMOUS,2020-01-29,Kolkata,Axis Bank,5.0,"""Good Bank""","I have opened the salary account from Axis bank from many years ago and I have went to the branch to open this account. Need to maintain a minimum balance of Rs. 10,000. Its easy to access the Internet banking and mobile app.  Branch experience is not good because the employees are not proper service.",https://static.bankbazaar.com/images/common/bank-logo/axis.png,Blown Away!,0,i have opened the salary account from axis bank from many years ago and i have went to the branch to open this account need to maintain a minimum balance of rs 10000 its easy to access the internet banking and mobile app branch experience is not good because the employees are not proper service,55,Satisfied
GOWNI,2020-01-29,Hyderabad,SBI,3.0,"""Average Service """,I have SBI Saving account for the past 5 to 6 years .I will be getting message alert as well as email alerts.Customer service is also good and getting good response if contact  for any assistsance .According to my experience banking service is much comfortable and satisfied .,https://static.bankbazaar.com/images/common/bank-logo/sbi-4.png,Satisfactory,1,i have sbi saving account for the past 5 to 6 years i will be getting message alert as well as email alertscustomer service is also good and getting good response if contact for any assistsance according to my experience banking service is much comfortable and satisfied,47,Average
ANONYMOUS,2020-01-29,Nellore,SBI,5.0,"""Good Bank for loan purpose""","When my father taken the housing loan, they have asked me to opened the savings account from SBI. 6 months before, i opened this account. I need to maintain a minimum balance of Rs. 3000. I don't activate the net banking facility and mobile app. When i went to the branch the service was good.",https://static.bankbazaar.com/images/common/bank-logo/sbi-4.png,Blown Away!,1,when my father taken the housing loan they have asked me to opened the savings account from sbi 6 months before i opened this account i need to maintain a minimum balance of rs 3000 i dont activate the net banking facility and mobile app when i went to the branch the service was good,55,Satisfied
B K,2020-01-29,Nellore,Unknown,5.0,"""Better banking experience""","Andhra bank is near to my house hence its better for me to walk in the branch. For cash deposit purpose, i have opened the savings account from this bank. I need to maintain a mandatory balance amount of Rs. 1000. I'm using the mobile banking of this bank and its easy to the fund transfer also.",https://static.bankbazaar.com/images/common/bank-logo/ALL_BANKS.png,Blown Away!,1,andhra bank is near to my house hence its better for me to walk in the branch for cash deposit purpose i have opened the savings account from this bank i need to maintain a mandatory balance amount of rs 1000 im using the mobile banking of this bank and its easy to the fund transfer also,57,Satisfied
S S B,2020-01-29,Pune,HDFC Bank,3.0,"""Best savings account ""","I have been using HDFC salary account for almost 3 years. They have provided me a Internet banking, mobile banking which is good. Its a hassle free account to use because i never faced any problems till now, customer service and responsiveness was good.",https://static.bankbazaar.com/images/common/bank-logo/hdfc.png,Satisfactory,0,i have been using hdfc salary account for almost 3 years they have provided me a internet banking mobile banking which is good its a hassle free account to use because i never faced any problems till now customer service and responsiveness was good,44,Average
ANONYMOUS,2020-01-28,Bangalore,HDFC Bank,2.0,"""Improve on communication skills""","HDFC customer care service is not good  because I  had a deal with the branch for more than 5 times for a single issue. This was my salary account at earlier and it was converted into savings account later. I need to maintain a minimum balance of Rs. 10,000. I can withdraw up to Rs. 25,000 in a day. I get the notification immediately whenever I do the transaction.",https://static.bankbazaar.com/images/common/bank-logo/hdfc.png,Expected more,1,hdfc customer care service is not good because i had a deal with the branch for more than 5 times for a single issue this was my salary account at earlier and it was converted into savings account later i need to maintain a minimum balance of rs 10000 i can withdraw up to rs 25000 in a day i get the notification immediately whenever i do the transaction,69,Dissatisfied
ANONYMOUS,2020-01-28,Bangalore,SBI,2.0,"""Improve on employee skills""","SBI is providing a hopeless services to the customer because the people are not so knowledgeable  when I compared to other bank. If i ask for any clarification, I need to roam around 4 people to different authorities and the waiting time is very high.  I have been using this account for beyond 15 years. If we need to get any loan, this account is necessary and the availability of ATM and branches are nearby in all the place so that I chose this account. They need to improve a lot online banking.",https://static.bankbazaar.com/images/common/bank-logo/sbi-4.png,Expected more,2,sbi is providing a hopeless services to the customer because the people are not so knowledgeable when i compared to other bank if i ask for any clarification i need to roam around 4 people to different authorities and the waiting time is very high i have been using this account for beyond 15 years if we need to get any loan this account is necessary and the availability of atm and branches are nearby in all the place so that i chose this account they need to improve a lot online banking,93,Dissatisfied
ANONYMOUS,2020-01-28,Bangalore,Kotak,5.0,"""Good Service  but improve on branches""","Kotak Mahindra bank account was holding by my father for few years. Since I was a nominee so I have transferred the account into my name. I need to hold the minimum balance of Rs. 10,000.  The banking service is very good. ATM services are very low which is not that much convenient and they need to work on it.",https://static.bankbazaar.com/images/common/bank-logo/kotak.png,Blown Away!,0,kotak mahindra bank account was holding by my father for few years since i was a nominee so i have transferred the account into my name i need to hold the minimum balance of rs 10000 the banking service is very good atm services are very low which is not that much convenient and they need to work on it,60,Satisfied
K S,2020-01-28,Coimbatore,Unknown,5.0,"""Good Account""","I have taken my savings account from Corporation Bank on 2 years ago and this is my secondary account. Since the branch is located near to my place, so I have selected this bank. I need to maintain a minimum balance of Rs. 1000. Staffs are very helpful in the branch. I never faced any issues on the transaction. I have not used the net banking facility.",https://static.bankbazaar.com/images/common/bank-logo/ALL_BANKS.png,Blown Away!,1,i have taken my savings account from corporation bank on 2 years ago and this is my secondary account since the branch is located near to my place so i have selected this bank i need to maintain a minimum balance of rs 1000 staffs are very helpful in the branch i never faced any issues on the transaction i have not used the net banking facility,67,Satisfied
SHANKAR,2020-01-28,Coimbatore,Unknown,5.0,"""Good Account""","I have opened the savings account from Indian bank when I was studying in school, because from school side, they have provided this account in the year of 2010 hence I'm continuing with the same account. Net banking facility is okay and mobile app is easy to access. Response in the branch was okay. But  I need to hold the minimum balance of Rs. 1000.",https://static.bankbazaar.com/images/common/bank-logo/ALL_BANKS.png,Blown Away!,1,i have opened the savings account from indian bank when i was studying in school because from school side they have provided this account in the year of 2010 hence im continuing with the same account net banking facility is okay and mobile app is easy to access response in the branch was okay but i need to hold the minimum balance of rs 1000,65,Satisfied
M SHAIKH,2020-01-28,Pune,HDFC Bank,5.0,"""Excellent Service""",I am using HDFC Bank salary account for the past 2 years .I am using net banking service as well as mobile banking service both are very user friendly .I am using both the service for money transfer and credit card bill payment .I am satisfied with the service so far .,https://static.bankbazaar.com/images/common/bank-logo/hdfc.png,Blown Away!,0,i am using hdfc bank salary account for the past 2 years i am using net banking service as well as mobile banking service both are very user friendly i am using both the service for money transfer and credit card bill payment i am satisfied with the service so far,51,Satisfied
NITIN,2020-01-28,Mumbai,Unknown,4.0,"""Excellent Service""","I have Union Bank OF India Saving account which is very good to use .I am using net banking service which is very user friendly it is used for money transfer .Customer service is also good  if contact for any query and transaction is safe and secure ,I am convenient with the overall service .",https://static.bankbazaar.com/images/common/bank-logo/ALL_BANKS.png,Great!,2,i have union bank of india saving account which is very good to use i am using net banking service which is very user friendly it is used for money transfer customer service is also good if contact for any query and transaction is safe and secure i am convenient with the overall service,54,Satisfied
KATHI,2020-01-28,Guntur,Kotak,5.0,"""Good Service""","5 months ago took the savings account from Kotak Mahindra bank based on my friend's reference. I am maintaining a minimum balance of Rs. 2000. Its good to use the net banking facility and mobile app. Through online, i have opened this account. They have sent the debit card and cheque book through courier.",https://static.bankbazaar.com/images/common/bank-logo/kotak.png,Blown Away!,0,5 months ago took the savings account from kotak mahindra bank based on my friends reference i am maintaining a minimum balance of rs 2000 its good to use the net banking facility and mobile app through online i have opened this account they have sent the debit card and cheque book through courier,54,Satisfied
KATHI,2020-01-28,Guntur,SBI,5.0,"""Good Account""","On 8 years back, I have chosen the savings account from State bank of India because its a Government based bank. I'm maintaining a minimum balance of Rs. 4000. I'm using mobile app and its comfortable to use. Net banking facility is easy to access. When I visited the branch, the staffs are very supportive.",https://static.bankbazaar.com/images/common/bank-logo/sbi-4.png,Blown Away!,0,on 8 years back i have chosen the savings account from state bank of india because its a government based bank im maintaining a minimum balance of rs 4000 im using mobile app and its comfortable to use net banking facility is easy to access when i visited the branch the staffs are very supportive,55,Satisfied
ANONYMOUS,2020-01-28,Chennai,Unknown,3.0,"""Good Account""","The Standard chartered bank account was created by my previous company even though i left the job, I'm maintaining this account with a zero balance . They are not taking any charges for non balance maintenance. There is no much ATM for standard chartered bank but as usual like other bank they will charge for ATM withdrawal charges if its exceed more than 5 transaction.",https://static.bankbazaar.com/images/common/bank-logo/ALL_BANKS.png,Satisfactory,1,the standard chartered bank account was created by my previous company even though i left the job im maintaining this account with a zero balance they are not taking any charges for non balance maintenance there is no much atm for standard chartered bank but as usual like other bank they will charge for atm withdrawal charges if its exceed more than 5 transaction,64,Average
J T,2020-01-28,Chennai,HDFC Bank,4.0,"""Excellent""","HDFC service is a good when I taken my personal loan for the transferring money, they have provided this account to open but I am not sure about the minimum balance. Its very good to use the Internet banking facility because I can do fund transfer easily. When i call the customer care, the response was quick.",https://static.bankbazaar.com/images/common/bank-logo/hdfc.png,Great!,0,hdfc service is a good when i taken my personal loan for the transferring money they have provided this account to open but i am not sure about the minimum balance its very good to use the internet banking facility because i can do fund transfer easily when i call the customer care the response was quick,57,Satisfied
J T,2020-01-28,Chennai,Unknown,1.0,"""Not good experience ""","I am having a salary account from INDIAN Bank and I use it for last 2.5 years back. The service is not that much good because i cannot able to change the money from one account to another account due to server issue. When i withdraw the money from my account, they haven't updated in the system so they put me in a trouble and they hold my salary for 2 months. They said simply its network issue.",https://static.bankbazaar.com/images/common/bank-logo/ALL_BANKS.png,Really Bad,5,i am having a salary account from indian bank and i use it for last 25 years back the service is not that much good because i cannot able to change the money from one account to another account due to server issue when i withdraw the money from my account they havent updated in the system so they put me in a trouble and they hold my salary for 2 months they said simply its network issue,78,Dissatisfied
ASHISH,2020-01-28,Gurgaon,Unknown,5.0,"""Best service""","I am having  Allahabad Bank salary account for the past 6 years .I will be getting message alert for all my transactions and also new banking updates.Customer service is giving good response .Other than that everything was  good ,Every transaction is very safe and secure ,banking service is also good .",https://static.bankbazaar.com/images/common/bank-logo/ALL_BANKS.png,Blown Away!,1,i am having allahabad bank salary account for the past 6 years i will be getting message alert for all my transactions and also new banking updatescustomer service is giving good response other than that everything was good every transaction is very safe and secure banking service is also good,50,Satisfied
J,2020-01-28,Tuticorin,SBI,4.0,"""Best savings account""","I am having my salary account with SBI. They are not charging minimum balance maintenance, cash deposit and withdrawal getting message alert . I am using this account for almost 3 years. Its good to use an Internet banking and mobile app facility. I have visited their branch and the employee response is really nice.",https://static.bankbazaar.com/images/common/bank-logo/sbi-4.png,Great!,0,i am having my salary account with sbi they are not charging minimum balance maintenance cash deposit and withdrawal getting message alert i am using this account for almost 3 years its good to use an internet banking and mobile app facility i have visited their branch and the employee response is really nice,54,Satisfied
JAGADEESH,2020-01-28,Bangalore,Kotak,5.0,"""Good one""",I have opened my savings account from KOTAK bank on  3 years back and the main reason was using the account is i don't need to visit the branch for even opening the account. Executive came to my place to collect the documents. Its a zero balance account. Mobile app is very good when I compared with other banks.,https://static.bankbazaar.com/images/common/bank-logo/kotak.png,Blown Away!,0,i have opened my savings account from kotak bank on 3 years back and the main reason was using the account is i dont need to visit the branch for even opening the account executive came to my place to collect the documents its a zero balance account mobile app is very good when i compared with other banks,59,Satisfied
A A,2020-01-28,Mumbai,HDFC Bank,1.0,"""Need to improve in service""","I  have been using HDFC salary account for almost 1 year. They have provided me a Internet banking, mobile banking. Its a hassle free service . Branch service and responsiveness was not good, need to improve in service and also they are charging high interest.",https://static.bankbazaar.com/images/common/bank-logo/hdfc.png,Really Bad,0,i have been using hdfc salary account for almost 1 year they have provided me a internet banking mobile banking its a hassle free service branch service and responsiveness was not good need to improve in service and also they are charging high interest,44,Dissatisfied
M,2020-01-28,Hyderabad,Axis Bank,5.0,"""Best savings account""","I am using AXIS Bank savings account more than 3 years. No need to maintain minimum balance, because this is a  salary account. The customer service and responsiveness are good and also i am getting  regular alert message if i withdrawn cash from ATM.",https://static.bankbazaar.com/images/common/bank-logo/axis.png,Blown Away!,0,i am using axis bank savings account more than 3 years no need to maintain minimum balance because this is a salary account the customer service and responsiveness are good and also i am getting regular alert message if i withdrawn cash from atm,44,Satisfied
MUNIGALA  K,2020-01-28,Hyderabad,HDFC Bank,5.0,"""Best savings account""",I am having  my salary account from HDFC bank because as default the account was provided by the company. I'm getting the notification immediately after i do a transaction. I have been using this account for almost 1 year. Its a zero balance since its a salary account. The customer service is good.,https://static.bankbazaar.com/images/common/bank-logo/hdfc.png,Blown Away!,3,i am having my salary account from hdfc bank because as default the account was provided by the company im getting the notification immediately after i do a transaction i have been using this account for almost 1 year its a zero balance since its a salary account the customer service is good,53,Satisfied
R R,2020-01-27,Chennai,SBI,5.0,"""Overall good account""","I am having a salary account from State bank of India. I need to hold the minimum balance of Rs. 500. Their Internet banking and mobile app facility is really good. I went to the branch and it was not that much crowded because the staffs are handling the customer very well. Totally, I'm happy about the services.",https://static.bankbazaar.com/images/common/bank-logo/sbi-4.png,Blown Away!,0,i am having a salary account from state bank of india i need to hold the minimum balance of rs 500 their internet banking and mobile app facility is really good i went to the branch and it was not that much crowded because the staffs are handling the customer very well totally im happy about the services,58,Satisfied
G,2020-01-27,Bangalore,SBI,5.0,"""Good""",I am using SBI savings account more than10 years. This is salary cum savings account. They are providing 6% interest rate which is good. Its a zero balance account. They have  provided me a debit card with no charges. The customer service and response are good.,https://static.bankbazaar.com/images/common/bank-logo/sbi-4.png,Blown Away!,0,i am using sbi savings account more than10 years this is salary cum savings account they are providing 6 interest rate which is good its a zero balance account they have provided me a debit card with no charges the customer service and response are good,46,Satisfied
SUNIL,2020-01-27,Mumbai,Unknown,5.0,"""Good service""",I have Thane Janata Sahakari  Bank salary account which I am using for the past 2 years. I will  be receiving message alert only for all transactions and banking updates.  If contact customer service will be getting good response.            I am really satisfied with their service.,https://static.bankbazaar.com/images/common/bank-logo/ALL_BANKS.png,Blown Away!,2,i have thane janata sahakari bank salary account which i am using for the past 2 years i will be receiving message alert only for all transactions and banking updates if contact customer service will be getting good response i am really satisfied with their service,46,Satisfied
A C,2020-01-27,Mumbai,Unknown,5.0,"""Best bank ever""","I am using FEDERAL BANK savings account more than 1 year. This is previous company salary account, still I am maintaining it, but no need to maintain minimum balance.  Their  service and response are good. The rate of interest is less for the loans.",https://static.bankbazaar.com/images/common/bank-logo/ALL_BANKS.png,Blown Away!,15,i am using federal bank savings account more than 1 year this is previous company salary account still i am maintaining it but no need to maintain minimum balance their service and response are good the rate of interest is less for the loans,44,Satisfied
A,2020-01-27,Mumbai,Unknown,4.0,"""Average""","I have YES  bank savings account, since i am using this account more than 2.5 years. This is salary cums savings, so i no need to maintain minimum balance. Mobile application is user friendly to access. 22 rs charging for multiple transaction. I am using Internet banking that was good.",https://static.bankbazaar.com/images/common/bank-logo/ALL_BANKS.png,Great!,1,i have yes bank savings account since i am using this account more than 25 years this is salary cums savings so i no need to maintain minimum balance mobile application is user friendly to access 22 rs charging for multiple transaction i am using internet banking that was good,50,Satisfied
ILABEN,2020-01-27,Ahmedabad,SBI,5.0,"""Good Account""","I am having my salary account with SBI. They are taking lots of charges like minimum balance maintenance, cash deposit and withdrawal. I am using this account for almost 1 year. Its good to use an Internet banking and mobile app facility. I have visited their branch and the employee response is really nice.",https://static.bankbazaar.com/images/common/bank-logo/sbi-4.png,Blown Away!,0,i am having my salary account with sbi they are taking lots of charges like minimum balance maintenance cash deposit and withdrawal i am using this account for almost 1 year its good to use an internet banking and mobile app facility i have visited their branch and the employee response is really nice,54,Satisfied
A C K,2020-01-27,Mumbai,Unknown,4.0,"""Best bank""",DBS Bank service is very good  and  I have been maintaining savings account. No need to maintain minimum balance and using this account for cash withdrawal and online transaction and net banking. They are very helpful and the customer service was good.,https://static.bankbazaar.com/images/common/bank-logo/ALL_BANKS.png,Great!,1,dbs bank service is very good and i have been maintaining savings account no need to maintain minimum balance and using this account for cash withdrawal and online transaction and net banking they are very helpful and the customer service was good,42,Satisfied
P,2020-01-27,Pune,Unknown,4.0,"""Best savings account""","I have been using salary account with Oriental Bank Of Commerce or more than 8 months and its been very good experience. They  interest rate for savings account really don't know . I'm using mobile banking for checking balance and to do transactions. Their app is easy to access, no need to maintain minimum balance.",https://static.bankbazaar.com/images/common/bank-logo/ALL_BANKS.png,Great!,0,i have been using salary account with oriental bank of commerce or more than 8 months and its been very good experience they interest rate for savings account really dont know im using mobile banking for checking balance and to do transactions their app is easy to access no need to maintain minimum balance,54,Satisfied
M,2020-01-27,Bangalore,Unknown,4.0,"""Very good""","I have opened the savings account with Central Bank of India almost 3 years. They took 2 days to activate the account. I am using online banking and mobile app. Transactions are quite normal. Whenever I'm depositing the money, I'm getting the notifications on time. Overall, I'm satisfied with their services and I have to maintain a minimum balance of Rs. 1,000.",https://static.bankbazaar.com/images/common/bank-logo/ALL_BANKS.png,Great!,1,i have opened the savings account with central bank of india almost 3 years they took 2 days to activate the account i am using online banking and mobile app transactions are quite normal whenever im depositing the money im getting the notifications on time overall im satisfied with their services and i have to maintain a minimum balance of rs 1000,62,Satisfied
A K M,2020-01-27,Bareilly,HDFC Bank,5.0,"""Good Account""","I have been using HDFC salary account for almost 4.5 years. They have provided me a Internet banking, mobile banking and cheque book. Its a hassle free account to use because i never faced any problems till now. Frequently i have visited the branch for a loan concern and the response was really good. Staffs are very co-operative.",https://static.bankbazaar.com/images/common/bank-logo/hdfc.png,Blown Away!,1,i have been using hdfc salary account for almost 45 years they have provided me a internet banking mobile banking and cheque book its a hassle free account to use because i never faced any problems till now frequently i have visited the branch for a loan concern and the response was really good staffs are very cooperative,58,Satisfied
R V,2020-01-27,Bangalore,Unknown,4.0,"""Okay""","My savings account is in VIJAYA Bank and I am using this account quite for a long time. Need to maintain minimum balance of Rs. 2,000 and also debit card charges is there annually. Customer service was good in this bank if I swipe card from ATM i am not  getting cash so I use to swipe from other bank hence they putting some charges. The customer service & interest rate are good.",https://static.bankbazaar.com/images/common/bank-logo/ALL_BANKS.png,Great!,0,my savings account is in vijaya bank and i am using this account quite for a long time need to maintain minimum balance of rs 2000 and also debit card charges is there annually customer service was good in this bank if i swipe card from atm i am not getting cash so i use to swipe from other bank hence they putting some charges the customer service interest rate are good,72,Satisfied
L GP S,2020-01-27,Bangalore,Unknown,5.0,"""Good Account""",I have taken the savings account from DBS bank. I am using the Internet banking and mobile app both are  really good. Its a zero balance account and when I went to an event one executive has approached me about this card offer. I have not visited the branch till now. They have given me a welcome kit instantly so I open the account.,https://static.bankbazaar.com/images/common/bank-logo/ALL_BANKS.png,Blown Away!,3,i have taken the savings account from dbs bank i am using the internet banking and mobile app both are really good its a zero balance account and when i went to an event one executive has approached me about this card offer i have not visited the branch till now they have given me a welcome kit instantly so i open the account,64,Satisfied
GANGABASAVANAHALLI PUTTA,2020-01-27,Bangalore,Kotak,4.0,"""Good Account""","I have opened the savings account from Kotak Mahindra bank on 3 years back and it was my previous company salary account once i left the company, i have stopped using this account. I didn't convert into savings account also. I have never used the Internet banking facility but mobile app is really good. Recently they have sent me a message to change the account into savings account which is a zero balance account.",https://static.bankbazaar.com/images/common/bank-logo/kotak.png,Great!,0,i have opened the savings account from kotak mahindra bank on 3 years back and it was my previous company salary account once i left the company i have stopped using this account i didnt convert into savings account also i have never used the internet banking facility but mobile app is really good recently they have sent me a message to change the account into savings account which is a zero balance account,74,Satisfied
M N,2020-01-27,Bangalore,HDFC Bank,4.0,"""Best savings account""","I have been using HDFC savings account, it is salary comes savings and i am using this account more than 2 years. Its been very good experience. They are giving some interest rate for savings account and its okay. I'm using mobile banking for checking balance and to do transactions. Their app is easy to access.",https://static.bankbazaar.com/images/common/bank-logo/hdfc.png,Great!,0,i have been using hdfc savings account it is salary comes savings and i am using this account more than 2 years its been very good experience they are giving some interest rate for savings account and its okay im using mobile banking for checking balance and to do transactions their app is easy to access,56,Satisfied
ANONYMOUS,2020-01-25,Panchkula,Unknown,5.0,"""Very Good Service""",I'm using a  salary account from Corporation bank  account for last 4 years. I need to maintain a minimum balance of Rs. 1000. Their Internet banking facility is easy to access. Last month i have visited their branch for the cheque deposit and the response was really great.,https://static.bankbazaar.com/images/common/bank-logo/ALL_BANKS.png,Blown Away!,3,im using a salary account from corporation bank account for last 4 years i need to maintain a minimum balance of rs 1000 their internet banking facility is easy to access last month i have visited their branch for the cheque deposit and the response was really great,48,Satisfied
P A,2020-01-25,Bangalore,HDFC Bank,5.0,"""Good Account""",I have taken my salary account from HDFC bank because as default the account was provided by the company. I'm getting the notification immediately after i do a transaction. I have been using this account for almost 4 years. Its a zero minimum balance account since its a salary account. I never stepped into their  branch till now.,https://static.bankbazaar.com/images/common/bank-logo/hdfc.png,Blown Away!,0,i have taken my salary account from hdfc bank because as default the account was provided by the company im getting the notification immediately after i do a transaction i have been using this account for almost 4 years its a zero minimum balance account since its a salary account i never stepped into their branch till now,58,Satisfied
ANONYMOUS,2020-01-25,Kolkata,Unknown,4.0,"""Good Account""","Allahabad bank service is really good. When i was in a private job, they were offered me a salary account from Allahabad bank when i leave that job, i have converted into savings account. I need to maintain a minimum balance of Rs. 2000. I'm not using the Internet banking facility with this  bank. They haven't taken me any kind of hidden charges.",https://static.bankbazaar.com/images/common/bank-logo/ALL_BANKS.png,Great!,2,allahabad bank service is really good when i was in a private job they were offered me a salary account from allahabad bank when i leave that job i have converted into savings account i need to maintain a minimum balance of rs 2000 im not using the internet banking facility with this bank they havent taken me any kind of hidden charges,63,Satisfied
ANONYMOUS,2020-01-25,Kolkata,SBI,4.0,"""Customer care service has to be improved""","Using my salary account from State bank of India. Since 2011, i'm using this account. Banking service is good in some branches. The service will get differ depends on the branch people. There is no need to maintain a minimum balance. Customer care has to be improved in SBI because any of the queries, they won't respond properly. They take much time in the branch.",https://static.bankbazaar.com/images/common/bank-logo/sbi-4.png,Great!,0,using my salary account from state bank of india since 2011 im using this account banking service is good in some branches the service will get differ depends on the branch people there is no need to maintain a minimum balance customer care has to be improved in sbi because any of the queries they wont respond properly they take much time in the branch,65,Satisfied
PALLAVI,2020-01-25,Hyderabad,SBI,5.0,"""Best Account""","I have opened the salary account from State bank of India on 2015,  without any particular reason. Its a zero minimum balance account since its a salary account. I can withdraw up to Rs. 40,000 from the ATM. They are not taking any kind of extra charges. The branch is little bit crowd but the staff response is good.",https://static.bankbazaar.com/images/common/bank-logo/sbi-4.png,Blown Away!,0,i have opened the salary account from state bank of india on 2015 without any particular reason its a zero minimum balance account since its a salary account i can withdraw up to rs 40000 from the atm they are not taking any kind of extra charges the branch is little bit crowd but the staff response is good,59,Satisfied
MANJUNATH,2020-01-24,Bangalore,Canara Bank,1.0,"""Need to improve the branch service""",I am having a savings account from Canara Bank. They have a huge queue in the branch even if i want to do a single transaction and the employees are not polite and profession in the word to speak with the customer. I use this account for more than 8 years. My parents created this account on my name when i was young.,https://static.bankbazaar.com/images/common/bank-logo/canara-bank.png,Really Bad,7,i am having a savings account from canara bank they have a huge queue in the branch even if i want to do a single transaction and the employees are not polite and profession in the word to speak with the customer i use this account for more than 8 years my parents created this account on my name when i was young,63,Dissatisfied
MANJUNATH,2020-01-24,Bangalore,HDFC Bank,5.0,"""Best Account""",I don't have any issue with  HDFC bank regarding their service. They have assigned me a customer relationship officer so my problem will get resolved easily. I have been holding the salary account with this bank for more than a year. Its great to have the net banking facility. I have visited the nearby branch on a occasion basis and the staffs are very genuine.,https://static.bankbazaar.com/images/common/bank-logo/hdfc.png,Blown Away!,0,i dont have any issue with hdfc bank regarding their service they have assigned me a customer relationship officer so my problem will get resolved easily i have been holding the salary account with this bank for more than a year its great to have the net banking facility i have visited the nearby branch on a occasion basis and the staffs are very genuine,65,Satisfied
Anonyms,2020-01-24,Kolkata,Unknown,4.0,"""Good Account""","I have opened the savings account in United Bank of India on the year of 2018. They took 15 days to activate the account. I never used  online banking and mobile app. Transactions are quite normal. Whenever I'm depositing the money, I'm getting the notifications on time. Overall, I'm satisfied with their services.",https://static.bankbazaar.com/images/common/bank-logo/ALL_BANKS.png,Great!,3,i have opened the savings account in united bank of india on the year of 2018 they took 15 days to activate the account i never used online banking and mobile app transactions are quite normal whenever im depositing the money im getting the notifications on time overall im satisfied with their services,53,Satisfied
Anonyms,2020-01-24,Kolkata,SBI,4.0,"""Good Account""",No hidden charges are deducted in my SBI. Took my savings account more than 12 years ago. My family recommended me about this bank.  I need to maintain a balance of Rs. 3000. Its good to use the net banking facility and mobile app. The branch is not much crowded and the response is really good.,https://static.bankbazaar.com/images/common/bank-logo/sbi-4.png,Great!,0,no hidden charges are deducted in my sbi took my savings account more than 12 years ago my family recommended me about this bank i need to maintain a balance of rs 3000 its good to use the net banking facility and mobile app the branch is not much crowded and the response is really good,56,Satisfied
Anonyms,2020-01-24,Kolkata,HDFC Bank,4.0,"""Good Account""","The best about HDFC account is that they are providing me a good services. I am holding this account for more than 5 years. I need to hold the minimum balance of Rs. 5000. Whenever I'm in a need, i used to visit the branch for the cash withdrawal and the response was really good. Staff response is quite good.",https://static.bankbazaar.com/images/common/bank-logo/hdfc.png,Great!,1,the best about hdfc account is that they are providing me a good services i am holding this account for more than 5 years i need to hold the minimum balance of rs 5000 whenever im in a need i used to visit the branch for the cash withdrawal and the response was really good staff response is quite good,60,Satisfied
MASAM,2020-01-24,Hyderabad,HDFC Bank,5.0,"""Very Good account to maintain""",I am having my salary account with HDFC bank. Its a very good bank to use. I am using this account for more than 3.5 years and the account is provided from my office so its a zero balance account. They are providing offers for even debit card but I'm not interested on that. Their banking service is fine in the branch.,https://static.bankbazaar.com/images/common/bank-logo/hdfc.png,Blown Away!,3,i am having my salary account with hdfc bank its a very good bank to use i am using this account for more than 35 years and the account is provided from my office so its a zero balance account they are providing offers for even debit card but im not interested on that their banking service is fine in the branch,62,Satisfied
MANIKANDAN,2020-01-24,Chennai,Unknown,5.0,"""Good Account""","Taken my savings account from UCO bank because i opened the account in my home town since the branch is located nearby my home. Its a zero balance account. I have not experienced of their net banking facility and mobile app. If i do a transaction on non working days, it will not be successful and the amount get stuck on the bank itself.",https://static.bankbazaar.com/images/common/bank-logo/ALL_BANKS.png,Blown Away!,2,taken my savings account from uco bank because i opened the account in my home town since the branch is located nearby my home its a zero balance account i have not experienced of their net banking facility and mobile app if i do a transaction on non working days it will not be successful and the amount get stuck on the bank itself,64,Satisfied
MANIKANDAN,2020-01-24,Chennai,Axis Bank,5.0,"""Good Account""","I opened my Axis bank account 9 years before and its a salary account. Its easy to do the fund transfer through their app and net banking. Recently i visited their branch to change my savings account to defense account. Its a zero maintenance account. Whenever i visit their branch, staffs are very helpful.",https://static.bankbazaar.com/images/common/bank-logo/axis.png,Blown Away!,0,i opened my axis bank account 9 years before and its a salary account its easy to do the fund transfer through their app and net banking recently i visited their branch to change my savings account to defense account its a zero maintenance account whenever i visit their branch staffs are very helpful,54,Satisfied
MUNIYAPPA,2020-01-24,Bangalore,Kotak,5.0,"""They can improve on the service part""","I hold salary account from last 3 years and its with Kotak Mahindra bank. Their executive came to my office to open this account. I'm a frequent user of net banking and there is no issue on that. If they are working on customer's request, it would be fine. I don't need to maintain any minimum balance on this account.",https://static.bankbazaar.com/images/common/bank-logo/kotak.png,Blown Away!,0,i hold salary account from last 3 years and its with kotak mahindra bank their executive came to my office to open this account im a frequent user of net banking and there is no issue on that if they are working on customers request it would be fine i dont need to maintain any minimum balance on this account,60,Satisfied
ANJA,2020-01-24,Bangalore,Axis Bank,5.0,"""Service is good""",Opened my salary account with Axis bank and i am using this account from 2014. I'm using the net banking facility which is really good. Axis bank branch service is very good because they are providing a prompt response to the customer. They are not deducting any hidden charges.,https://static.bankbazaar.com/images/common/bank-logo/axis.png,Blown Away!,0,opened my salary account with axis bank and i am using this account from 2014 im using the net banking facility which is really good axis bank branch service is very good because they are providing a prompt response to the customer they are not deducting any hidden charges,49,Satisfied
R,2020-01-24,Bangalore,HDFC Bank,5.0,"""Best saving account""","I am using HDFC bank savings account more than 4 years.  I have an account with this bank, so I need to maintain a minimum  some balance, some time i will deposit either Rs. 1K or 2k like that. The customer service was good and this is domestic debit card .",https://static.bankbazaar.com/images/common/bank-logo/hdfc.png,Blown Away!,0,i am using hdfc bank savings account more than 4 years i have an account with this bank so i need to maintain a minimum some balance some time i will deposit either rs 1k or 2k like that the customer service was good and this is domestic debit card,50,Satisfied
S,2020-01-23,Hyderabad,Unknown,4.0,"""Best savings account""",I had opened my savings account from ANDHRA Bank and I have been using this account 5 year ago. The staff response was average and they took 3 days to provide the debit card.  I am using for Internet banking but I have not received any user id and password still now. I need to hold a minimum amount of Rs. 1000. Annual charges for this debit card of 125 rupees.,https://static.bankbazaar.com/images/common/bank-logo/ALL_BANKS.png,Great!,1,i had opened my savings account from andhra bank and i have been using this account 5 year ago the staff response was average and they took 3 days to provide the debit card i am using for internet banking but i have not received any user id and password still now i need to hold a minimum amount of rs 1000 annual charges for this debit card of 125 rupees,71,Satisfied
SRINI,2020-01-23,Hyderabad,Unknown,5.0,"""Excellent Service""",I have Syndicate Bank salary account for the past 15 years .i will be receiving the transaction details  through message .customer service is also good and getting  good response.Everything is good  to me on this bank account .If have any query and contact customer service will get good response .Safe and secure banking service so far.,https://static.bankbazaar.com/images/common/bank-logo/ALL_BANKS.png,Blown Away!,1,i have syndicate bank salary account for the past 15 years i will be receiving the transaction details through message customer service is also good and getting good responseeverything is good to me on this bank account if have any query and contact customer service will get good response safe and secure banking service so far,56,Satisfied
M,2020-01-23,Bangalore,Unknown,5.0,"""Best saving account""","I am using UNION BANK OF INDIA saving account more than 3 years. It  is salary comes savings account, no need to maintain minimum balance. I am using this bank for mobile banking and Internet banking both are good actually and also I am getting alert messages for cash withdrawal ATM  service are good and the customer service was fine.",https://static.bankbazaar.com/images/common/bank-logo/ALL_BANKS.png,Blown Away!,3,i am using union bank of india saving account more than 3 years it is salary comes savings account no need to maintain minimum balance i am using this bank for mobile banking and internet banking both are good actually and also i am getting alert messages for cash withdrawal atm service are good and the customer service was fine,60,Satisfied
KUMAR,2020-01-23,Chennai,Axis Bank,4.0,"""Good service""","I am using AXIS BANK salary account for more than 3 years. Mobile application is user friendly and easy for fund transfer. I have rewards debit card, there is no annual charges the joining fee is Rs.590. ATM are very sufficient and I have not checked for the charges.",https://static.bankbazaar.com/images/common/bank-logo/axis.png,Great!,0,i am using axis bank salary account for more than 3 years mobile application is user friendly and easy for fund transfer i have rewards debit card there is no annual charges the joining fee is rs590 atm are very sufficient and i have not checked for the charges,49,Satisfied
C,2020-01-23,Chennai,Unknown,4.0,"""Best savings account ""","In IOB, they are providing good service to the customer on my salary account. Its a zero balance account and i am using this account more than 6-7 years. Customer service and responsiveness was good , ATM and branches are near from my residence.",https://static.bankbazaar.com/images/common/bank-logo/ALL_BANKS.png,Great!,2,in iob they are providing good service to the customer on my salary account its a zero balance account and i am using this account more than 67 years customer service and responsiveness was good atm and branches are near from my residence,43,Satisfied
S,2020-01-22,Bangalore,SBI,4.0,"""Best saving account""","I am using the SBI savings account more than  20 years, no need to maintain minimum balance. Their net banking facility is good and they are not taking any hidden charges for cash withdrawal and deposits. Customer service and response was good in SBI.",https://static.bankbazaar.com/images/common/bank-logo/sbi-4.png,Great!,0,i am using the sbi savings account more than 20 years no need to maintain minimum balance their net banking facility is good and they are not taking any hidden charges for cash withdrawal and deposits customer service and response was good in sbi,44,Satisfied
A SIRCILLA,2020-01-22,Hyderabad,SBI,5.0,"""Good Service""","I have SBI  saving account for the past 10 years .I am using net banking service as well as mobile banking service both of this service is used for money transfer ,utility bill payment and recharge .customer service is also good and transaction is safe and secure ,I am satisfied with banking service .",https://static.bankbazaar.com/images/common/bank-logo/sbi-4.png,Blown Away!,0,i have sbi saving account for the past 10 years i am using net banking service as well as mobile banking service both of this service is used for money transfer utility bill payment and recharge customer service is also good and transaction is safe and secure i am satisfied with banking service,53,Satisfied
ANONYMOUS,2020-01-22,Chennai,Unknown,5.0,"""Good Account""","I am having a savings account from Oriental Bank of Commerce. Opened this account almost 10 years before. If i go to their branch, they are giving prompt response. I need to hold a minimum balance of Rs. 2000. I'm not using their net banking facility and mobile app. They are charging Rs. 200 for other ATM withdrawal for each transaction.",https://static.bankbazaar.com/images/common/bank-logo/ALL_BANKS.png,Blown Away!,0,i am having a savings account from oriental bank of commerce opened this account almost 10 years before if i go to their branch they are giving prompt response i need to hold a minimum balance of rs 2000 im not using their net banking facility and mobile app they are charging rs 200 for other atm withdrawal for each transaction,61,Satisfied
ANONYMOUS,2020-01-22,Kochi,IDBI,5.0,"""Good Account""","In IDBI, they are providing very good service to the customer for my salary account. Its a zero balance account. Branch staffs are helping the customer. I'm getting a good connectivity in the mobile app. They are not taking any additional charges without my knowledge. I can withdraw upto Rs. 10000 from the ATM per day.",https://static.bankbazaar.com/images/common/bank-logo/idbi.png,Blown Away!,6,in idbi they are providing very good service to the customer for my salary account its a zero balance account branch staffs are helping the customer im getting a good connectivity in the mobile app they are not taking any additional charges without my knowledge i can withdraw upto rs 10000 from the atm per day,56,Satisfied
T K,2020-01-22,Chennai,HDFC Bank,5.0,"""Nice Account""","From last 1 year, i have been using the salary account from HDFC. Their sales executive came to my office to open this account. I used to visit the branch frequently and the response was fine. Internet banking facility is fast. Since its a salary account, i don't need to maintain any minimum balance. I have downloaded the app also.",https://static.bankbazaar.com/images/common/bank-logo/hdfc.png,Blown Away!,0,from last 1 year i have been using the salary account from hdfc their sales executive came to my office to open this account i used to visit the branch frequently and the response was fine internet banking facility is fast since its a salary account i dont need to maintain any minimum balance i have downloaded the app also,60,Satisfied
ARBIND,2020-01-22,Bangalore,Axis Bank,5.0,"""Best savings account""","I am using AXIS savings account from since 2012. Frequently i use net banking service as well as mobile banking service for money transfer. To pay EMI,  i will check the account transaction details. The banking service and customer service are good.",https://static.bankbazaar.com/images/common/bank-logo/axis.png,Blown Away!,0,i am using axis savings account from since 2012 frequently i use net banking service as well as mobile banking service for money transfer to pay emi i will check the account transaction details the banking service and customer service are good,42,Satisfied
ANONYMOUS,2020-01-22,Hyderabad,SBI,5.0,"""Best Account""","8 years back, i opened the savings account from State bank of India. My main usage will be there in this account. The branch is located near to my home due to that i have chosen this bank. Branch is crowded most of the times but the staff response is good. They don't take any hidden charges.",https://static.bankbazaar.com/images/common/bank-logo/sbi-4.png,Blown Away!,0,8 years back i opened the savings account from state bank of india my main usage will be there in this account the branch is located near to my home due to that i have chosen this bank branch is crowded most of the times but the staff response is good they dont take any hidden charges,57,Satisfied
ANONYMOUS,2020-01-22,Hyderabad,HDFC Bank,4.0,"""Good Account""","My salary account was opened in HDFC BANK around 3.5 years before. Its a zero balance account.  Based on my usage, i will maintain the balance sometimes. Internet banking facility is good. I used to get some offers for the debit card because of this I'm not using this account much.",https://static.bankbazaar.com/images/common/bank-logo/hdfc.png,Great!,0,my salary account was opened in hdfc bank around 35 years before its a zero balance account based on my usage i will maintain the balance sometimes internet banking facility is good i used to get some offers for the debit card because of this im not using this account much,51,Satisfied
S D G,2020-01-21,Kolkata,Unknown,3.5,"""Good account """,I have been using savings account with Bank Of Baroda for more than 5years and its been very good experience. They are giving  interest rate for savings account and its okay. I'm not using mobile banking for checking balance and to do transactions. Their service was good and no need to maintain minimum balance.,https://static.bankbazaar.com/images/common/bank-logo/ALL_BANKS.png,Pretty good,0,i have been using savings account with bank of baroda for more than 5years and its been very good experience they are giving interest rate for savings account and its okay im not using mobile banking for checking balance and to do transactions their service was good and no need to maintain minimum balance,54,Dissatisfied
INDERJEET,2020-01-21,New delhi,Unknown,5.0,"""Good service """,I have Yes Bank salary account which i am using for the past 9 to 10 years. I am using net banking service as well as mobile banking service .I am using both the service for personal use. Each and every transaction is safe and there will be a secure banking service. I haven't undergone any fraudulent transactions so far.,https://static.bankbazaar.com/images/common/bank-logo/ALL_BANKS.png,Blown Away!,1,i have yes bank salary account which i am using for the past 9 to 10 years i am using net banking service as well as mobile banking service i am using both the service for personal use each and every transaction is safe and there will be a secure banking service i havent undergone any fraudulent transactions so far,60,Satisfied
V M A,2020-01-21,Bangalore,SBI,2.0,"""They don't respect and respond the customer""",I have a savings account from State Bank of India but I'm not utilizing the account for last 1.5 years. They did not respond properly when i lost my ATM card 2 years back and i applied the card in branch by filling the form manually and gave it to their staff but still i didn't receive the same even though i have visited their branch so many times but my work is not completed.,https://static.bankbazaar.com/images/common/bank-logo/sbi-4.png,Expected more,1,i have a savings account from state bank of india but im not utilizing the account for last 15 years they did not respond properly when i lost my atm card 2 years back and i applied the card in branch by filling the form manually and gave it to their staff but still i didnt receive the same even though i have visited their branch so many times but my work is not completed,75,Dissatisfied
P KUMAR,2020-01-21,Faridabad,SBI,5.0,"""Excellent Service""","I have SBI salary account for the past 3years ,service is very good and not faced any issues ,I am using net banking service which is very good and if contact customer service will get good response.If need to check any transaction details can check online as well as using formoney transfer .",https://static.bankbazaar.com/images/common/bank-logo/sbi-4.png,Blown Away!,0,i have sbi salary account for the past 3years service is very good and not faced any issues i am using net banking service which is very good and if contact customer service will get good responseif need to check any transaction details can check online as well as using formoney transfer,52,Satisfied
ANONYMOUS,2020-01-21,Ahmedabad,SBI,5.0,"""Safe account""",I am using the salary account from SBI more than 10 years. I need to maintain a minimum balance of Rs. 1000. Their net banking facility is outstanding. I can add the recipients details easily but it takes 2 days for the approval. They are not taking any hidden charges for cash withdrawal and deposits. They have to provide a zero balance account since its a nationalized bank.,https://static.bankbazaar.com/images/common/bank-logo/sbi-4.png,Blown Away!,1,i am using the salary account from sbi more than 10 years i need to maintain a minimum balance of rs 1000 their net banking facility is outstanding i can add the recipients details easily but it takes 2 days for the approval they are not taking any hidden charges for cash withdrawal and deposits they have to provide a zero balance account since its a nationalized bank,68,Satisfied
R M,2020-01-21,Kochi,Unknown,5.0,"""Best account""","I have a savings account with FEDERAL bank and this is salary comes savings account, so no need to maintain minimum balance. I am getting alert messages whenever i do transaction, and the debit card which i am using it is a international card. No charges for this card, customer service was good.",https://static.bankbazaar.com/images/common/bank-logo/ALL_BANKS.png,Blown Away!,6,i have a savings account with federal bank and this is salary comes savings account so no need to maintain minimum balance i am getting alert messages whenever i do transaction and the debit card which i am using it is a international card no charges for this card customer service was good,53,Satisfied
PRATHYUSHA,2020-01-21,Bangalore,HDFC Bank,5.0,"""Offers will be more so i recommend""","I opened the salary account nearly 2 years ago from HDFC without any particular reason. Its salary account hence its a zero balance account. Its easy to use the Internet banking and mobile app is awesome. When i visited their branch, they are asking my address proof to change the address since I'm staying in PG I'm unable to provide any proof. If they have a option to change the address in the net banking, it would be fine.",https://static.bankbazaar.com/images/common/bank-logo/hdfc.png,Blown Away!,0,i opened the salary account nearly 2 years ago from hdfc without any particular reason its salary account hence its a zero balance account its easy to use the internet banking and mobile app is awesome when i visited their branch they are asking my address proof to change the address since im staying in pg im unable to provide any proof if they have a option to change the address in the net banking it would be fine,79,Satisfied
T E,2020-01-21,Bangalore,SBI,2.0,"""They have to improve""",I have a savings account with SBI but they are providing unhappy  service to the customer both in call centre as well as in the branch. Its not a zero balance account because i need to maintain a minimum balance of Rs. 3000 hence i have stopped doing the transaction from this account even though the account is 12 years old.,https://static.bankbazaar.com/images/common/bank-logo/sbi-4.png,Expected more,1,i have a savings account with sbi but they are providing unhappy service to the customer both in call centre as well as in the branch its not a zero balance account because i need to maintain a minimum balance of rs 3000 hence i have stopped doing the transaction from this account even though the account is 12 years old,61,Dissatisfied
R,2020-01-21,Kochi,SBI,5.0,"""Good bank""","In the year of 2005, opened my savings account. I have selected SBI its because of the good bank and i can find the ATM anywhere. I need to hold a minimum balance of Rs. 3000. Its convenient to use their Internet banking facility. They are not taking any kind of additional charges some times. The branch experience is fine.",https://static.bankbazaar.com/images/common/bank-logo/sbi-4.png,Blown Away!,0,in the year of 2005 opened my savings account i have selected sbi its because of the good bank and i can find the atm anywhere i need to hold a minimum balance of rs 3000 its convenient to use their internet banking facility they are not taking any kind of additional charges some times the branch experience is fine,60,Satisfied
BHILARE,2020-01-21,Thane,Unknown,5.0,"""Good Account""",My salary account is from Andhra bank and i'm using this account for more than 10 years. I'm using the Internet banking facility and its fine to use. Andhra bank is located in the same building where my office got located and the response is too good. My salary is getting credited on time and the service also fine.,https://static.bankbazaar.com/images/common/bank-logo/ALL_BANKS.png,Blown Away!,6,my salary account is from andhra bank and im using this account for more than 10 years im using the internet banking facility and its fine to use andhra bank is located in the same building where my office got located and the response is too good my salary is getting credited on time and the service also fine,59,Satisfied
ANONYMOUS,2020-01-21,Chennai,SBI,4.0,"""Good bank and good service""","I am using  SBI salary account for almost 10 years but whenever i visit their branch, they will torture the customer by saying the sign mismatch. Their Internet banking facility is good. If they are improving the service in the branch, it would be fine. Its a hassle free account to use.",https://static.bankbazaar.com/images/common/bank-logo/sbi-4.png,Great!,0,i am using sbi salary account for almost 10 years but whenever i visit their branch they will torture the customer by saying the sign mismatch their internet banking facility is good if they are improving the service in the branch it would be fine its a hassle free account to use,52,Satisfied
ANONYMOUS,2020-01-21,Mumbai,Citibank,4.0,"""Good Account""","I am having a savings account from CITI bank but I'm not doing much transaction from this account. CITI bank customer care service is superb because i don't need to visit the branch because they will rectify through the call. They tried to resolve the problem then and there. I basically recommended this account to everyone. Actually this was my previous  company salary account once i visit the branch, they have converted into zero balance savings account. They never say no for most of the things.",https://static.bankbazaar.com/images/common/bank-logo/citibank.png,Great!,2,i am having a savings account from citi bank but im not doing much transaction from this account citi bank customer care service is superb because i dont need to visit the branch because they will rectify through the call they tried to resolve the problem then and there i basically recommended this account to everyone actually this was my previous company salary account once i visit the branch they have converted into zero balance savings account they never say no for most of the things,86,Satisfied
N  KUMAR,2020-01-21,Faridabad,HDFC Bank,4.5,"""Excellent Service ""","I am using HDFC bank salary account for the past 8 years. Net banking service as well as mobile banking service both are very user friendly, both service is used for money transfer ,credit card bill payment as well as recharge and also can check transaction history.Customer service is also  good .If I have any doubts personal relationship  manager will speak and assist.",https://static.bankbazaar.com/images/common/bank-logo/hdfc.png,Excellent!,0,i am using hdfc bank salary account for the past 8 years net banking service as well as mobile banking service both are very user friendly both service is used for money transfer credit card bill payment as well as recharge and also can check transaction historycustomer service is also good if i have any doubts personal relationship manager will speak and assist,63,Satisfied
AHMAD,2020-01-21,Bhopal,SBI,5.0,"""Good Service""",I am having SBI saving account for the past 3 years .I am using net banking service as well as mobile banking service. Both the service are used for money transfer and can check all the transaction details .They  are very convenient for the usage as well.,https://static.bankbazaar.com/images/common/bank-logo/sbi-4.png,Blown Away!,0,i am having sbi saving account for the past 3 years i am using net banking service as well as mobile banking service both the service are used for money transfer and can check all the transaction details they are very convenient for the usage as well,47,Satisfied
BU,2020-01-20,Hyderabad,IDBI,5.0,"""Good service """,I have opened a saving account with IDBI bank for the past 6 years ago. Need to maintain a minimum balance of 2500 rupees. The charges are nominal. ATM and branches are near from my place. I am using only net banking and it is good to use it. I would prefer online transaction rather in ATM. Within a second I use to get alert message from their end.,https://static.bankbazaar.com/images/common/bank-logo/idbi.png,Blown Away!,1,i have opened a saving account with idbi bank for the past 6 years ago need to maintain a minimum balance of 2500 rupees the charges are nominal atm and branches are near from my place i am using only net banking and it is good to use it i would prefer online transaction rather in atm within a second i use to get alert message from their end,69,Satisfied
DU,2020-01-20,Hyderabad,HDFC Bank,5.0,"""Good service""",I have been holding a salary account with HDFC bank for more than 8-9 months. It is a zero balance account. No hidden charges so far. I am using only mobile app and it is user friendly to access. Their service is good.  Some time I get offers message from their end.,https://static.bankbazaar.com/images/common/bank-logo/hdfc.png,Blown Away!,3,i have been holding a salary account with hdfc bank for more than 89 months it is a zero balance account no hidden charges so far i am using only mobile app and it is user friendly to access their service is good some time i get offers message from their end,52,Satisfied
RAJA,2020-01-20,Hosur,SBI,5.0,"""Best savings account, good customer service""","My saving account in SBI, and I am using this account more than 13 years. This is a zero balance account, my friend recommended so i got zero balance account. Till now there was no issues, i am not using net banking and if i withdrawn cash  I'm getting alert message on time.",https://static.bankbazaar.com/images/common/bank-logo/sbi-4.png,Blown Away!,0,my saving account in sbi and i am using this account more than 13 years this is a zero balance account my friend recommended so i got zero balance account till now there was no issues i am not using net banking and if i withdrawn cash im getting alert message on time,53,Satisfied
D R,2020-01-20,Hyderabad,HDFC Bank,4.5,"""Very good to use""","I have opened the salary account with HDFC bank in the year of 2012 and because of my company has provided the salary account from this bank,  once I left the company I have changed into savings account. Its a zero balance account. Net banking facility is very good and I am not using mobile app. I don't find any issue while doing the transactions.",https://static.bankbazaar.com/images/common/bank-logo/hdfc.png,Excellent!,2,i have opened the salary account with hdfc bank in the year of 2012 and because of my company has provided the salary account from this bank once i left the company i have changed into savings account its a zero balance account net banking facility is very good and i am not using mobile app i dont find any issue while doing the transactions,65,Satisfied
GANESH,2020-01-20,Bangalore,Axis Bank,3.5,"""Good Service""","I have Axis Bank salary account which I am holding for past 4 years. I am using net baning service as well as mobile banking service. It is used for money transfer, recharge and for credit card bill payment . The customer service is average and banking service  is good to me.",https://static.bankbazaar.com/images/common/bank-logo/axis.png,Pretty good,0,i have axis bank salary account which i am holding for past 4 years i am using net baning service as well as mobile banking service it is used for money transfer recharge and for credit card bill payment the customer service is average and banking service is good to me,51,Dissatisfied
AR,2020-01-20,Bangalore,SBI,4.5,"""Good account """,I am holding a salary come saving account  from SBI for more than 12 years. There is no hidden charges in this bank. But need to maintain a minimum balance of 1000 rupees. I am using mobile app and it is user friendly to access. I use to get an alert messages from bank whenever I do a transactions. ATM charges are avail of 22 rupees if I use  more than 5 times with same bank and  other banks more than 3 times in a month.,https://static.bankbazaar.com/images/common/bank-logo/sbi-4.png,Excellent!,0,i am holding a salary come saving account from sbi for more than 12 years there is no hidden charges in this bank but need to maintain a minimum balance of 1000 rupees i am using mobile app and it is user friendly to access i use to get an alert messages from bank whenever i do a transactions atm charges are avail of 22 rupees if i use more than 5 times with same bank and other banks more than 3 times in a month,86,Satisfied
H  SINGH,2020-01-20,Kanpur,Kotak,5.0,"""Very good service """,I have kotak Mahindra Salary account which i am using for the past 3 years .I am using net banking service as well as mobile banking service both are used for money transfer .If have any queries need to contact customer service .Secure transaction with safe banking service .,https://static.bankbazaar.com/images/common/bank-logo/kotak.png,Blown Away!,1,i have kotak mahindra salary account which i am using for the past 3 years i am using net banking service as well as mobile banking service both are used for money transfer if have any queries need to contact customer service secure transaction with safe banking service,48,Satisfied
RAJ,2020-01-20,Chennai,HDFC Bank,4.0,"""Best saving bank for family""",I have been holding savings account with HDFC bank for the past 10 years. I have to maintain minimum balance of Rs.10k. The rate of interest was nominal and also no charges for debit card. Customer service and responsiveness are  good and the interest rate for savings is little high.,https://static.bankbazaar.com/images/common/bank-logo/hdfc.png,Great!,0,i have been holding savings account with hdfc bank for the past 10 years i have to maintain minimum balance of rs10k the rate of interest was nominal and also no charges for debit card customer service and responsiveness are good and the interest rate for savings is little high,50,Satisfied
MAR,2020-01-20,Disabled keonjhar,SBI,5.0,"""Good service""",I am holding a saving account  from SBI for more than 4 years. There is no hidden charges in this bank. It is a  zero balance account. I am using mobile app and net banking both are user friendly to access. I use to get an alert messages from bank whenever I do a transactions.,https://static.bankbazaar.com/images/common/bank-logo/sbi-4.png,Blown Away!,0,i am holding a saving account from sbi for more than 4 years there is no hidden charges in this bank it is a zero balance account i am using mobile app and net banking both are user friendly to access i use to get an alert messages from bank whenever i do a transactions,55,Satisfied
A,2020-01-20,Dindigul,SBI,5.0,"""Best savings account""","SBI is a very good bank, their executive is understanding the customer concern well and ready to help at any cost. I have been using the savings account for last 5years and i no need to maintain any minimum balance, because this is salary comes savings account.",https://static.bankbazaar.com/images/common/bank-logo/sbi-4.png,Blown Away!,0,sbi is a very good bank their executive is understanding the customer concern well and ready to help at any cost i have been using the savings account for last 5years and i no need to maintain any minimum balance because this is salary comes savings account,47,Satisfied
KORRA  B,2020-01-20,Hyderabad,IndusInd Bank,5.0,"""Excellent service""","I have a saving account with INDUSIND bank, since i am using this account more than 4 years. This is salary cums savings, so i no need to maintain minimum balance. Mobile application is user friendly to access. No charges for other banks withdrawn. I am using Internet banking that was good.",https://static.bankbazaar.com/images/common/bank-logo/indusind.png,Blown Away!,2,i have a saving account with indusind bank since i am using this account more than 4 years this is salary cums savings so i no need to maintain minimum balance mobile application is user friendly to access no charges for other banks withdrawn i am using internet banking that was good,52,Satisfied
RAJEDNRA,2020-01-20,Chennai,Axis Bank,4.0,"""Average Service""","I am using AXIS Bank salary account for the past 5 years.  Frequently I use net banking service as well as mobile banking service for money transfer ,to pay EMI and to check the account transaction details. The banking service and customer service are quite average.",https://static.bankbazaar.com/images/common/bank-logo/axis.png,Great!,1,i am using axis bank salary account for the past 5 years frequently i use net banking service as well as mobile banking service for money transfer to pay emi and to check the account transaction details the banking service and customer service are quite average,46,Satisfied
S,2020-01-20,Pune,Citibank,5.0,"""Good service ""","My salary account is maintained with CITI bank for nearly 2016 and till now there was no issues. The rate of interest is very less for the loans and there is no hidden charges. But i have not tried,  moreover its a friendly bank according to my experience. I am using their online service which is very excellent. No need to maintain minimum amount.",https://static.bankbazaar.com/images/common/bank-logo/citibank.png,Blown Away!,1,my salary account is maintained with citi bank for nearly 2016 and till now there was no issues the rate of interest is very less for the loans and there is no hidden charges but i have not tried moreover its a friendly bank according to my experience i am using their online service which is very excellent no need to maintain minimum amount,64,Satisfied
S R J,2020-01-20,Bangalore,IndusInd Bank,2.0,"""Okay Account ""","When I was working in my previous company, they have offered me a salary account with Indusind bank. I have used this account for last 2 years. Most of the time, their servers are down and ATM is not good even if i visit the branch for any request, they asked me to provide a written letter as well. If I do cash deposit from other bank ATM to  this bank account, they are taking a extra charges of Rs. 60.",https://static.bankbazaar.com/images/common/bank-logo/indusind.png,Expected more,6,when i was working in my previous company they have offered me a salary account with indusind bank i have used this account for last 2 years most of the time their servers are down and atm is not good even if i visit the branch for any request they asked me to provide a written letter as well if i do cash deposit from other bank atm to this bank account they are taking a extra charges of rs 60,81,Dissatisfied
RAJ,2020-01-20,Bangalore,Unknown,5.0,"""Good Account ""","I am maintaining  Indian Bank savings account for more than 15 years. Their service is little bit slow because I found less of  ATM in Bangalore. When i was doing my studies, i opened this account for the scholarship purpose. I need to travel for 8kms to visit the branch and also  I need to maintain a minimum balance of Rs. 100 or else they will give 3 months time to hold some balance. After I lost mobile, I didn't use their mobile app and for transferring the money is easy from the app.",https://static.bankbazaar.com/images/common/bank-logo/ALL_BANKS.png,Blown Away!,0,i am maintaining indian bank savings account for more than 15 years their service is little bit slow because i found less of atm in bangalore when i was doing my studies i opened this account for the scholarship purpose i need to travel for 8kms to visit the branch and also i need to maintain a minimum balance of rs 100 or else they will give 3 months time to hold some balance after i lost mobile i didnt use their mobile app and for transferring the money is easy from the app,94,Satisfied
RAJ,2020-01-20,Bangalore,Kotak,5.0,"""Good Account""",I am  using Kotak Mahindra bank  mobile app for past 1.5 years since I opened the account their response is okay. No need to maintain any minimum balance in this account since its a salary account. I have not find any issue by using their debit card and yearly once they are giving offers for debit card.,https://static.bankbazaar.com/images/common/bank-logo/kotak.png,Blown Away!,0,i am using kotak mahindra bank mobile app for past 15 years since i opened the account their response is okay no need to maintain any minimum balance in this account since its a salary account i have not find any issue by using their debit card and yearly once they are giving offers for debit card,57,Satisfied
M,2020-01-20,Alleppey,SBI,3.0,"""Need to improve in service""","I am doing all my transactions through SBI . Its been 7 years I am holding this saving account. There is requirement for minimum balance , so I am keeping some balance on a monthly basis. The branch is near by to my residence and also the customer service need to improve.",https://static.bankbazaar.com/images/common/bank-logo/sbi-4.png,Satisfactory,0,i am doing all my transactions through sbi its been 7 years i am holding this saving account there is requirement for minimum balance so i am keeping some balance on a monthly basis the branch is near by to my residence and also the customer service need to improve,50,Average
M T,2020-01-20,Alleppey,HDFC Bank,5.0,"""Best salary account""","I have been holding salary account with HDFC bank for the past 3 months.  The customer service and response are  good.  If I call the customer care also, they responding properly. This is a zero balance account, so no need to maintain minimum balance.",https://static.bankbazaar.com/images/common/bank-logo/hdfc.png,Blown Away!,0,i have been holding salary account with hdfc bank for the past 3 months the customer service and response are good if i call the customer care also they responding properly this is a zero balance account so no need to maintain minimum balance,44,Satisfied
USHA,2020-01-20,Chennai,Axis Bank,5.0,"""Good one""",I am holding the salary account for last 3 years from AXIS bank. Their executive came to my office to given this account and they have provided me a cheque book and debit card after 2 days. Its a zero balance account to use. Bank experience was good and the branch  is not that much crowded. I am getting the notification immediately when I do a transaction.,https://static.bankbazaar.com/images/common/bank-logo/axis.png,Blown Away!,0,i am holding the salary account for last 3 years from axis bank their executive came to my office to given this account and they have provided me a cheque book and debit card after 2 days its a zero balance account to use bank experience was good and the branch is not that much crowded i am getting the notification immediately when i do a transaction,67,Satisfied
S BABARAM,2020-01-20,Thane,Unknown,5.0,"""Good Service""",I have Saraswat  Cooperative Bank  Salary account for the past 8 years.I am using net banking service as well as mobile banking service both are very user friendly .Each transaction is done very frequently .If have any queries need to contact customer service as well as branch.,https://static.bankbazaar.com/images/common/bank-logo/ALL_BANKS.png,Blown Away!,0,i have saraswat cooperative bank salary account for the past 8 yearsi am using net banking service as well as mobile banking service both are very user friendly each transaction is done very frequently if have any queries need to contact customer service as well as branch,47,Satisfied
PRAS,2020-01-20,Bangalore,Kotak,5.0,"""Good saving account """,I am holding KOTAK bank salary account for more than 3.5 years. No need to maintain a minimum balance amount. There is no SMS charges for this account. The best in this bank is mobile app and net banking both are user friendly to access. ATM and branches are near within a kilometers from my place. If I use other bank ATMs for N number of transaction there will be no charge. I use to get offers message from their end.,https://static.bankbazaar.com/images/common/bank-logo/kotak.png,Blown Away!,0,i am holding kotak bank salary account for more than 35 years no need to maintain a minimum balance amount there is no sms charges for this account the best in this bank is mobile app and net banking both are user friendly to access atm and branches are near within a kilometers from my place if i use other bank atms for n number of transaction there will be no charge i use to get offers message from their end,81,Satisfied
J,2020-01-20,Hyderabad,HDFC Bank,5.0,"""Best savings account""","Its been 4- 5 years, i am using HDFC bank account. Its a zero balance account for a salary account holder.um balance. They have provided me a debit card and also i got the cheque book. Customer service was good and also they given a domestic credit card.",https://static.bankbazaar.com/images/common/bank-logo/hdfc.png,Blown Away!,3,its been 4 5 years i am using hdfc bank account its a zero balance account for a salary account holderum balance they have provided me a debit card and also i got the cheque book customer service was good and also they given a domestic credit card,48,Satisfied
BHUVAN,2020-01-20,Bangalore,Unknown,5.0,"""Good Account""","I didn't get any issue with Syndicate bank account so i never contacted the customer care service even if i face any issue, i will visit the branch because its located nearby my place. From 5 years, I am holding this account. I am not using the internet banking. Even though its a salary account, i need to maintain a minimum balance of Rs. 500. In my branch, ATM will be in out of order or cash will not be there which needs to be improved.",https://static.bankbazaar.com/images/common/bank-logo/ALL_BANKS.png,Blown Away!,1,i didnt get any issue with syndicate bank account so i never contacted the customer care service even if i face any issue i will visit the branch because its located nearby my place from 5 years i am holding this account i am not using the internet banking even though its a salary account i need to maintain a minimum balance of rs 500 in my branch atm will be in out of order or cash will not be there which needs to be improved,86,Satisfied
JOSEPH,2020-01-20,Bangalore,Kotak,3.0,"""Need to improve customer service """,I have been using KOTAK MAHINDRA BANK saving account for more than 2-3 years. The branch services are good but if I contact there will be no proper response. No hidden charges for this account but charges only  for cheque book. I use to get offers message from their end.,https://static.bankbazaar.com/images/common/bank-logo/kotak.png,Satisfactory,0,i have been using kotak mahindra bank saving account for more than 23 years the branch services are good but if i contact there will be no proper response no hidden charges for this account but charges only for cheque book i use to get offers message from their end,50,Average
LA,2020-01-20,Hyderabad,Kotak,4.0,"""Good account """,I have opened a saving account with KOTAK bank for my personal need before 2 years ago. I use to get offer message from their end. Each and every transaction is safe and secured. Their service is good. The main benefit is no need to maintain amount in this account on monthly basis.,https://static.bankbazaar.com/images/common/bank-logo/kotak.png,Great!,0,i have opened a saving account with kotak bank for my personal need before 2 years ago i use to get offer message from their end each and every transaction is safe and secured their service is good the main benefit is no need to maintain amount in this account on monthly basis,53,Satisfied
KA,2020-01-20,Hyderabad,HDFC Bank,3.0,"""Good account """,I have been using salary account from HDFC bank for the past 7 years. No need to maintain a minimum balance account since its salary account. So far I have not felt any hidden charges from their end. ATM and branches services are good.   I use to get alert message on time.,https://static.bankbazaar.com/images/common/bank-logo/hdfc.png,Satisfactory,0,i have been using salary account from hdfc bank for the past 7 years no need to maintain a minimum balance account since its salary account so far i have not felt any hidden charges from their end atm and branches services are good i use to get alert message on time,52,Average
VENU,2020-01-19,Hyderabad,SBI,2.5,"""Average services""",I have a saving account with SBI for past 10 years. The yearly maintenance charges for debit card is around Rs.500. Minimum balance want to maintain is Rs.1500. Customer support cannot be connected easily. I am not getting any offers like personal loan which is drawback,https://static.bankbazaar.com/images/common/bank-logo/sbi-4.png,Just OK,0,i have a saving account with sbi for past 10 years the yearly maintenance charges for debit card is around rs500 minimum balance want to maintain is rs1500 customer support cannot be connected easily i am not getting any offers like personal loan which is drawback,46,Dissatisfied
G,2020-01-19,Bangalore,Unknown,3.0,"""Need to provide more offers""",I am holding saving account with CORPORATION BANK for the past 12 years. It is a zero balance account and no hidden charges are applicable. ATM and branches are far from my place. It is very rare to point out in my city. There is limit usage of this account. I have not received any offers message.,https://static.bankbazaar.com/images/common/bank-logo/ALL_BANKS.png,Satisfactory,0,i am holding saving account with corporation bank for the past 12 years it is a zero balance account and no hidden charges are applicable atm and branches are far from my place it is very rare to point out in my city there is limit usage of this account i have not received any offers message,57,Average
LI,2020-01-19,Bangalore,SBI,4.0,"""Need to decrease charge""",I have been holding SBI saving account for more than 15 years. Need to maintain a minimum balance of 1000 rupees if not sustain on monthly charges are applicable of high. I use to get remainder message to maintain an amount. SMS charges are applicable on annual basis of 200 rupees. Their service is good.,https://static.bankbazaar.com/images/common/bank-logo/sbi-4.png,Great!,0,i have been holding sbi saving account for more than 15 years need to maintain a minimum balance of 1000 rupees if not sustain on monthly charges are applicable of high i use to get remainder message to maintain an amount sms charges are applicable on annual basis of 200 rupees their service is good,55,Satisfied
DEEPAK,2020-01-18,Mumbai,HDFC Bank,4.0,"""Good account""",I am holding salary account with HDFC bank for more than a year. No need to maintain a minimum amount since its salary account. I had not faced any hidden charges.  I use to get alert message on time from their end.  ATM and branches service are  good.,https://static.bankbazaar.com/images/common/bank-logo/hdfc.png,Great!,0,i am holding salary account with hdfc bank for more than a year no need to maintain a minimum amount since its salary account i had not faced any hidden charges i use to get alert message on time from their end atm and branches service are good,48,Satisfied
ANONYMOUS,2020-01-18,Bangalore,Unknown,4.0,"""Excellent account""",South Bank service is really good and i don't find any issue on this account. I am using this account since last 17 years and i need to maintain a minimum balance of Rs. 1000. Its good to use the Internet banking facility and mobile app. They will respond properly to the customer. They won't take any hidden charges.,https://static.bankbazaar.com/images/common/bank-logo/ALL_BANKS.png,Great!,0,south bank service is really good and i dont find any issue on this account i am using this account since last 17 years and i need to maintain a minimum balance of rs 1000 its good to use the internet banking facility and mobile app they will respond properly to the customer they wont take any hidden charges,59,Satisfied
S K,2020-01-18,Bangalore,HDFC Bank,3.5,"""Need to improve the service""","I have been holding salary account from HDFC bank for the past 2 years. Sometimes they have done  cheque bounces for that they have charged  high  from my account hence I'm planning to change my salary account because they are taking so much amount from my account without any prior intimation. If i call the customer care also, they won't respond properly hence I'm fed up of this account.",https://static.bankbazaar.com/images/common/bank-logo/hdfc.png,Pretty good,0,i have been holding salary account from hdfc bank for the past 2 years sometimes they have done cheque bounces for that they have charged high from my account hence im planning to change my salary account because they are taking so much amount from my account without any prior intimation if i call the customer care also they wont respond properly hence im fed up of this account,69,Dissatisfied
VENKATACHALAM,2020-01-18,Namakkal,SBI,5.0,"""Good Support""","I have opened the salary account from State Bank of India on 8 years ago. Its a zero balance account since its a salary account. Their net banking facility is really good and i don't find any issue on that. Banking service is really good. They are not taking any kind of extra charges. They gave me a withdrawal limit of Rs. 40,000 per day from the ATM.",https://static.bankbazaar.com/images/common/bank-logo/sbi-4.png,Blown Away!,0,i have opened the salary account from state bank of india on 8 years ago its a zero balance account since its a salary account their net banking facility is really good and i dont find any issue on that banking service is really good they are not taking any kind of extra charges they gave me a withdrawal limit of rs 40000 per day from the atm,68,Satisfied
RAFIQ,2020-01-18,Navi mumbai,SBI,4.0,"""Good App""","SBI branch is nearby my office thats the reason i am operating this account. For depositing the money, it was hectic, they should have enough CDM's. They don't have proper ATM and the banking service is not good but their net banking facility is really good. Whenever i go for deposit through CDM, they are opening the center by 10am. Customer support doesn't help me any time in the branch so would suggest them to improve the service.",https://static.bankbazaar.com/images/common/bank-logo/sbi-4.png,Great!,0,sbi branch is nearby my office thats the reason i am operating this account for depositing the money it was hectic they should have enough cdms they dont have proper atm and the banking service is not good but their net banking facility is really good whenever i go for deposit through cdm they are opening the center by 10am customer support doesnt help me any time in the branch so would suggest them to improve the service,78,Satisfied
FATIMA,2020-01-18,Navi mumbai,Unknown,3.5,"""Good Banking Service""","I have started using YES bank salary account on one month before. Their app is not working properly because when i do my first payment, it took almost 24 hours hence they need to improve their app. They are sending the statements on time. I haven't tried the Internet banking facility. I spoke with the customer care person to know about the customer ID number and they were very helpful.",https://static.bankbazaar.com/images/common/bank-logo/ALL_BANKS.png,Pretty good,0,i have started using yes bank salary account on one month before their app is not working properly because when i do my first payment it took almost 24 hours hence they need to improve their app they are sending the statements on time i havent tried the internet banking facility i spoke with the customer care person to know about the customer id number and they were very helpful,70,Dissatisfied
P,2020-01-18,Bangalore,SBI,4.5,"""Best savings account""",I am doing all my transactions through SBI . Its been 2.5 years I am using  salary cum saving account. There is no requirement for minimum balance but am keeping some balance on a monthly basis. The branch is near by to my residence and also the  customer service was good.,https://static.bankbazaar.com/images/common/bank-logo/sbi-4.png,Excellent!,0,i am doing all my transactions through sbi its been 25 years i am using salary cum saving account there is no requirement for minimum balance but am keeping some balance on a monthly basis the branch is near by to my residence and also the customer service was good,50,Satisfied
IL,2020-01-18,New delhi,HDFC Bank,5.0,"""Good service""",I have opened a salary account from  HDFC bank for more than 4 years ago. No need to maintain a minimum balance account and no hidden charges as well. ATM charges are avail for each transaction.  Mobile app and net banking both are user friendly to access.,https://static.bankbazaar.com/images/common/bank-logo/hdfc.png,Blown Away!,0,i have opened a salary account from hdfc bank for more than 4 years ago no need to maintain a minimum balance account and no hidden charges as well atm charges are avail for each transaction mobile app and net banking both are user friendly to access,47,Satisfied
T KANAPARTHI,2020-01-18,Bangalore,Unknown,5.0,"""Best bank ever""","My salary account is maintained in YES bank nearly 3-4 years and till now there was no issues. The rate of interest is very less for the loans and there is no hidden charges,  more over its a good bank according to my experience. I am using  online service which is very good.",https://static.bankbazaar.com/images/common/bank-logo/ALL_BANKS.png,Blown Away!,0,my salary account is maintained in yes bank nearly 34 years and till now there was no issues the rate of interest is very less for the loans and there is no hidden charges more over its a good bank according to my experience i am using online service which is very good,53,Satisfied
P,2020-01-18,Coimbatore,SBI,4.0,"""Best savings account""","My salary account is maintained in State Bank of India nearly 28 years and till now there was no issues. The rate of interest is very less for the loans and there is no hidden charges. Moreover i am using the online service which is very good. Customer service was not good, need to improve.",https://static.bankbazaar.com/images/common/bank-logo/sbi-4.png,Great!,0,my salary account is maintained in state bank of india nearly 28 years and till now there was no issues the rate of interest is very less for the loans and there is no hidden charges moreover i am using the online service which is very good customer service was not good need to improve,55,Satisfied
KUCKIAN,2020-01-18,Mumbai,Kotak,5.0,"""Best Service""",I had opened my salary account from KOTAK  bank and  using for the past 3 years. The sales executive has came to my office to open this account. Net banking facility is easy to understand. Its a zero balance account. I never visited their branch for any kind of complaints.,https://static.bankbazaar.com/images/common/bank-logo/kotak.png,Blown Away!,5,i had opened my salary account from kotak bank and using for the past 3 years the sales executive has came to my office to open this account net banking facility is easy to understand its a zero balance account i never visited their branch for any kind of complaints,50,Satisfied
J,2020-01-18,Bangalore,Kotak,5.0,"""Best savings account""","Its been 10 years with Kotak Mahindra , This is my salary comes savings account which was provided by my company. The process was simple and bank person came to my office for documentation and the interest rate is good. Customer service and responsiveness was also good.",https://static.bankbazaar.com/images/common/bank-logo/kotak.png,Blown Away!,0,its been 10 years with kotak mahindra this is my salary comes savings account which was provided by my company the process was simple and bank person came to my office for documentation and the interest rate is good customer service and responsiveness was also good,46,Satisfied
BARATHIRAJA,2020-01-17,Coimbatore,Unknown,5.0,"""Good service provider""",Standard Chartered bank is providing good services because they are providing unlimited withdrawal from other ATMs. Its a zero balance account. I have visited their branch and the response was prompt. I don't find much ATMs and more branches in my area because only one branch is available in my location.,https://static.bankbazaar.com/images/common/bank-logo/ALL_BANKS.png,Blown Away!,0,standard chartered bank is providing good services because they are providing unlimited withdrawal from other atms its a zero balance account i have visited their branch and the response was prompt i dont find much atms and more branches in my area because only one branch is available in my location,51,Satisfied
R K D,2020-01-17,Bangalore,HDFC Bank,2.0,"""Not reliable service from HDFC""","I am having a savings account from HDFC and whenever I'm going to their branch for any kind of query they are delaying the process. They have changed my salary account to savings account without any information but they have charged me some amount also by saying its because of the non balance maintenance. When i complaint with the bank staff, they are not ready to help me out and they said its a RBI rule.",https://static.bankbazaar.com/images/common/bank-logo/hdfc.png,Expected more,1,i am having a savings account from hdfc and whenever im going to their branch for any kind of query they are delaying the process they have changed my salary account to savings account without any information but they have charged me some amount also by saying its because of the non balance maintenance when i complaint with the bank staff they are not ready to help me out and they said its a rbi rule,76,Dissatisfied
DEVARAJ,2020-01-17,Bangalore,SBI,3.5,"""Old school banking""","I have to go to their SBI branch for any kind of update in my profile and need to give a physical letter to be submitted in the branch. If i do it through online, i just a reference number alone but nothing will change unless or until giving the physical letter in the branch. More than 25 years, i am using this account. They have given lot of option in online but still human intervention is there.",https://static.bankbazaar.com/images/common/bank-logo/sbi-4.png,Pretty good,0,i have to go to their sbi branch for any kind of update in my profile and need to give a physical letter to be submitted in the branch if i do it through online i just a reference number alone but nothing will change unless or until giving the physical letter in the branch more than 25 years i am using this account they have given lot of option in online but still human intervention is there,78,Dissatisfied
DEVARAJ,2020-01-17,Bangalore,Citibank,5.0,"""Hassle free service""","There is no challenges in CITI bank wherever i go like other countries there is no change in their service. From CITI bank, I'm holding the salary account for 13 years. Its a zero balance account if i'm traveling to other countries hence they will allow the customer to access the over draft balance based on the salary. They don't charge anything for using of other bank ATM. They will allow us to the use any of the ATM across the globe.",https://static.bankbazaar.com/images/common/bank-logo/citibank.png,Blown Away!,2,there is no challenges in citi bank wherever i go like other countries there is no change in their service from citi bank im holding the salary account for 13 years its a zero balance account if im traveling to other countries hence they will allow the customer to access the over draft balance based on the salary they dont charge anything for using of other bank atm they will allow us to the use any of the atm across the globe,82,Satisfied
B C,2020-01-17,Pune,SBI,4.0,"""Need to improve in customer service""",SBI is a very good bank and their executive is not understanding the customer concern and not ready to help at any cast which they need to improve on. I have been using the savings account from past 8 years. It is a zero balance account so no need to maintain minimum balance.,https://static.bankbazaar.com/images/common/bank-logo/sbi-4.png,Great!,2,sbi is a very good bank and their executive is not understanding the customer concern and not ready to help at any cast which they need to improve on i have been using the savings account from past 8 years it is a zero balance account so no need to maintain minimum balance,53,Satisfied
NAGARAJU,2020-01-17,Bangalore,SBI,5.0,"""Good Account""","In SBI, they are not taking any kind of hidden charges. I use my salary account from SBI from the year of 2014. I need to maintain a minimum balance of Rs. 1000. Its convenient to use the net banking facility. For withdrawing the money, i visit the branch and they are giving good response.",https://static.bankbazaar.com/images/common/bank-logo/sbi-4.png,Blown Away!,0,in sbi they are not taking any kind of hidden charges i use my salary account from sbi from the year of 2014 i need to maintain a minimum balance of rs 1000 its convenient to use the net banking facility for withdrawing the money i visit the branch and they are giving good response,55,Satisfied
BAJAJ,2020-01-17,New delhi,Kotak,5.0,"""Good Account""","In Kotak mahindra bank, i hold my salary account and i am using this account for last 4 years. Its good to use the Internet banking and mobile app facility. I have visited their branch and the response is really good. I found the ATM is nearby  my residence. Sometimes I'm getting offers on debit card also.",https://static.bankbazaar.com/images/common/bank-logo/kotak.png,Blown Away!,0,in kotak mahindra bank i hold my salary account and i am using this account for last 4 years its good to use the internet banking and mobile app facility i have visited their branch and the response is really good i found the atm is nearby my residence sometimes im getting offers on debit card also,57,Satisfied
M S,2020-01-17,Bangalore,HDFC Bank,5.0,"""Best savings account""","I have been using my savings account with HDFC for more than 4.5years and its been very good experience.This is a zero balance account, because this is salary comes savings account.This is a domestic card and the customer service and responsiveness was good.",https://static.bankbazaar.com/images/common/bank-logo/hdfc.png,Blown Away!,0,i have been using my savings account with hdfc for more than 45years and its been very good experiencethis is a zero balance account because this is salary comes savings accountthis is a domestic card and the customer service and responsiveness was good,43,Satisfied
RAJIV,2020-01-17,Chennai,Kotak,4.0,"""Best savings account""","I have been using savings account with KOTAK for more than 2 years and its been very good experience. They are giving 6% interest rate for savings account and its okay. I'm using mobile banking good for checking balance and to do transactions. Their application is easy to access, no need to maintain minimum  balance, because this is salary comes saving account.",https://static.bankbazaar.com/images/common/bank-logo/kotak.png,Great!,0,i have been using savings account with kotak for more than 2 years and its been very good experience they are giving 6 interest rate for savings account and its okay im using mobile banking good for checking balance and to do transactions their application is easy to access no need to maintain minimum balance because this is salary comes saving account,62,Satisfied
MURTHI,2020-01-17,Hyderabad,HDFC Bank,5.0,"""Good Account""","In the year of 2016, i have opened the salary account with HDFC. Its a zero balance account. I have visited Bachupally branch in Hyderabad and the response was really good. The branch is located near to my office. I can find all the branches and ATMs in all the places and i am receiving the OTP immediately whenever I'm doing the transaction.",https://static.bankbazaar.com/images/common/bank-logo/hdfc.png,Blown Away!,2,in the year of 2016 i have opened the salary account with hdfc its a zero balance account i have visited bachupally branch in hyderabad and the response was really good the branch is located near to my office i can find all the branches and atms in all the places and i am receiving the otp immediately whenever im doing the transaction,63,Satisfied
P  SINGH,2020-01-17,New delhi,Unknown,5.0,"""Excellent Service""","I have Union Bank Of India Salary account for the past 9to 10 years.I am doing the transaction frequently  .There will be message alert for each transaction .I am using this account regularly ,if have any query and contact customer service will get good response.There was no fraudulent transaction happend so far .",https://static.bankbazaar.com/images/common/bank-logo/ALL_BANKS.png,Blown Away!,1,i have union bank of india salary account for the past 9to 10 yearsi am doing the transaction frequently there will be message alert for each transaction i am using this account regularly if have any query and contact customer service will get good responsethere was no fraudulent transaction happend so far,52,Satisfied
SAI,2020-01-16,Hyderabad,Citibank,5.0,"""Good account """,I am holding a salary account with CITI bank for more than 2 years. It is a zero balance account and no hidden charges are avail.  Offers message I use to get on time based on my eligibility. ATM and branches services are good.  Each and every transaction is safe and secured.,https://static.bankbazaar.com/images/common/bank-logo/citibank.png,Blown Away!,0,i am holding a salary account with citi bank for more than 2 years it is a zero balance account and no hidden charges are avail offers message i use to get on time based on my eligibility atm and branches services are good each and every transaction is safe and secured,52,Satisfied
SAINATH,2020-01-16,Hyderabad,SBI,5.0,"""Good account""",SBI service is good and I am glad to have an account here. I have opened an account on 3 years before. No need to maintain a minimum amount. There is no any hidden charges. ATM and branches are bit far away from my place.  So far I had not faced any charges for SMS alert and ATM withdrawals.,https://static.bankbazaar.com/images/common/bank-logo/sbi-4.png,Blown Away!,0,sbi service is good and i am glad to have an account here i have opened an account on 3 years before no need to maintain a minimum amount there is no any hidden charges atm and branches are bit far away from my place so far i had not faced any charges for sms alert and atm withdrawals,59,Satisfied
ST,2020-01-16,Chennai,Kotak,5.0,"""Need to decrease charge """,I am holding saving account with KOTAK bank for more than 3 years. Need to maintain a minimum balance of 5K. The charges are high of 300 rupees for non maintenance. SMS charge is also available of 15 rupees once in 3 or 6 months. I use to get offers message on time.,https://static.bankbazaar.com/images/common/bank-logo/kotak.png,Blown Away!,0,i am holding saving account with kotak bank for more than 3 years need to maintain a minimum balance of 5k the charges are high of 300 rupees for non maintenance sms charge is also available of 15 rupees once in 3 or 6 months i use to get offers message on time,53,Satisfied
UL,2020-01-16,Chennai,HDFC Bank,5.0,"""Good service """,I have opened a salary account  from HDFC bank. I have been holding this account for more than 5 years. Their service is prompt to the customer. I do get alert message on time whenever I do a transaction. ATM charges are avail if  I use more than 5 times in a month. I use to get offer message from bank end.,https://static.bankbazaar.com/images/common/bank-logo/hdfc.png,Blown Away!,0,i have opened a salary account from hdfc bank i have been holding this account for more than 5 years their service is prompt to the customer i do get alert message on time whenever i do a transaction atm charges are avail if i use more than 5 times in a month i use to get offer message from bank end,62,Satisfied
N S,2020-01-16,Hyderabad,SBI,5.0,"""Everyone must have the national bank account""","My savings account was taken from State bank of India and i opted this account for 7 years back. For the scholarship purpose, i opened this account. I have converted my student account into normal savings account so now i need to hold the balance amount of Rs. 1000. I don't use this account for last 2 years hence the account has been blocked.",https://static.bankbazaar.com/images/common/bank-logo/sbi-4.png,Blown Away!,0,my savings account was taken from state bank of india and i opted this account for 7 years back for the scholarship purpose i opened this account i have converted my student account into normal savings account so now i need to hold the balance amount of rs 1000 i dont use this account for last 2 years hence the account has been blocked,64,Satisfied
SH,2020-01-16,Hyderabad,HDFC Bank,5.0,"""User friendly account""",HDFC is giving many offers for the salary account holder. Its been 4.5 years since i am holding the salary account with them. Its a zero maintenance account. They are giving offers like based on my purchase they are providing some reward points.Even I receive offer for personal loan and vehicle loan based on my transactions.,https://static.bankbazaar.com/images/common/bank-logo/hdfc.png,Blown Away!,1,hdfc is giving many offers for the salary account holder its been 45 years since i am holding the salary account with them its a zero maintenance account they are giving offers like based on my purchase they are providing some reward pointseven i receive offer for personal loan and vehicle loan based on my transactions,56,Satisfied
SOM,2020-01-16,Bangalore,Axis Bank,5.0,"""Good service ""","I had opened a saving account with AXIS bank  on 10 years back for my personal need.  Mobile app is user friendly to access. But they have tied with courier service is not good. No proper update from their end. In this account need to maintain an amount of 10K, if not charges are high.",https://static.bankbazaar.com/images/common/bank-logo/axis.png,Blown Away!,0,i had opened a saving account with axis bank on 10 years back for my personal need mobile app is user friendly to access but they have tied with courier service is not good no proper update from their end in this account need to maintain an amount of 10k if not charges are high,55,Satisfied
ANONYMOUS,2020-01-16,Hyderabad,SBI,4.0,"""Good Bank Account""","In SBI, they are taking some un-wanted charges. From the year of 2012 onwards, i am having this salary account. I am maintaining a minimum balance of Rs. 3000. In branch, i opened this account and the response was good even though the branch was crowded but the staffs are very helpful.",https://static.bankbazaar.com/images/common/bank-logo/sbi-4.png,Great!,0,in sbi they are taking some unwanted charges from the year of 2012 onwards i am having this salary account i am maintaining a minimum balance of rs 3000 in branch i opened this account and the response was good even though the branch was crowded but the staffs are very helpful,52,Satisfied
ANONYMOUS,2020-01-16,Hyderabad,Unknown,5.0,"""Good Account""","I went to the Andhra bank to open my salary account from the year of 2016, i am using this account. There is no need of maintaining any balance on this account. I do use their net banking and mobile app facility which is quite comfortable to use.  Once i opened the account, they took 1 day to provide the debit card and net banking password but  it took 1 week for cheque book.",https://static.bankbazaar.com/images/common/bank-logo/ALL_BANKS.png,Blown Away!,5,i went to the andhra bank to open my salary account from the year of 2016 i am using this account there is no need of maintaining any balance on this account i do use their net banking and mobile app facility which is quite comfortable to use once i opened the account they took 1 day to provide the debit card and net banking password but it took 1 week for cheque book,74,Satisfied
MA,2020-01-16,Surat,HDFC Bank,4.0,"""Good account""",I have been holding a salary account with HDFC bank for more than 4 years. No need to maintain a minimum balance account and I have not faced any hidden charges with them. I use to get alert message or mail on time whenever I do a transaction. Overall their service is good.,https://static.bankbazaar.com/images/common/bank-logo/hdfc.png,Great!,0,i have been holding a salary account with hdfc bank for more than 4 years no need to maintain a minimum balance account and i have not faced any hidden charges with them i use to get alert message or mail on time whenever i do a transaction overall their service is good,53,Satisfied
ANONYMOUS,2020-01-16,Bangalore,Unknown,3.0,"""Time killing bank""","Opened my Standard Chartered bank savings account 7 years back. Since the branch was near to my home, i have chosen this bank. The bank is looking very posh but there is no proper customer care service and i need to wait for a long time. I haven't used the mobile app and Internet banking is quite okay to access.",https://static.bankbazaar.com/images/common/bank-logo/ALL_BANKS.png,Satisfactory,2,opened my standard chartered bank savings account 7 years back since the branch was near to my home i have chosen this bank the bank is looking very posh but there is no proper customer care service and i need to wait for a long time i havent used the mobile app and internet banking is quite okay to access,60,Average
A N,2020-01-16,Bangalore,Axis Bank,5.0,"""Good Account""","Its been around 6 years, i am holding this salary account from Axis bank and i have not faced any trouble on this account. They do provide offers for Axis bank debit card. Its a zero balance account. I used to visit the branch on a rarely basis and the response was good because the staff support was helpful.",https://static.bankbazaar.com/images/common/bank-logo/axis.png,Blown Away!,0,its been around 6 years i am holding this salary account from axis bank and i have not faced any trouble on this account they do provide offers for axis bank debit card its a zero balance account i used to visit the branch on a rarely basis and the response was good because the staff support was helpful,59,Satisfied
ANONYMOUS,2020-01-16,Coimbatore,Unknown,5.0,"""Good Account""",My salary account opened 1 year before and it was with Bank of Baroda. Bank sales executive came to my place to open this account. There is no minimum balance required and they have provided me a cheque book and debit card immediately. They are not taking any kind of hidden charges.,https://static.bankbazaar.com/images/common/bank-logo/ALL_BANKS.png,Blown Away!,0,my salary account opened 1 year before and it was with bank of baroda bank sales executive came to my place to open this account there is no minimum balance required and they have provided me a cheque book and debit card immediately they are not taking any kind of hidden charges,52,Satisfied
KIRAN,2020-01-14,Hyderabad,SBI,5.0,"""Need to decrease charge""",I have been holding a saving account  from SBI for more than 10 years. Need to maintain a minimum balance of 3K if not maintain an amount charges are applicable of 176 rupees. Till now I have not faced any hidden charges. I am using mobile app and it is user friendly to access. Whenever I do a transactions I use to get an alert messages from bank. SMS charges are avail on 6 months once the amount of 35 rupees.,https://static.bankbazaar.com/images/common/bank-logo/sbi-4.png,Blown Away!,0,i have been holding a saving account from sbi for more than 10 years need to maintain a minimum balance of 3k if not maintain an amount charges are applicable of 176 rupees till now i have not faced any hidden charges i am using mobile app and it is user friendly to access whenever i do a transactions i use to get an alert messages from bank sms charges are avail on 6 months once the amount of 35 rupees,81,Satisfied
KI,2020-01-14,Hyderabad,HDFC Bank,5.0,"""Need to decrease charge""","I have opened a salary account  from HDFC bank. I have been holding this account for more than 4 years. Their service is prompt to the customer and resolved the query on time. ATM charges are available, if I use the debit card more than 5 times in a month. I use to get offer message from bank end.",https://static.bankbazaar.com/images/common/bank-logo/hdfc.png,Blown Away!,2,i have opened a salary account from hdfc bank i have been holding this account for more than 4 years their service is prompt to the customer and resolved the query on time atm charges are available if i use the debit card more than 5 times in a month i use to get offer message from bank end,59,Satisfied
MO,2020-01-14,Hyderabad,SBI,3.5,"""Good service""",SBI service is good and I am happy to  have an account with them. For my personal need I have opened an account on 6 years before. Need to maintain a minimum amount of 3K if not charges are applicable. There is no hidden charges. But ATM and SMS charges are avail on quarterly basis.,https://static.bankbazaar.com/images/common/bank-logo/sbi-4.png,Pretty good,1,sbi service is good and i am happy to have an account with them for my personal need i have opened an account on 6 years before need to maintain a minimum amount of 3k if not charges are applicable there is no hidden charges but atm and sms charges are avail on quarterly basis,55,Dissatisfied
PA,2020-01-14,Hyderabad,Axis Bank,3.5,"""Need to decrease interest charge""",I have been holding salary account with AXIS bank for more than 7 months. After banking hour If I deposit money in ATM they are making some charges on monthly basis. Mobile app is good to use. ATM charges are avail on monthly basis.  Their service is good.,https://static.bankbazaar.com/images/common/bank-logo/axis.png,Pretty good,0,i have been holding salary account with axis bank for more than 7 months after banking hour if i deposit money in atm they are making some charges on monthly basis mobile app is good to use atm charges are avail on monthly basis their service is good,48,Dissatisfied
MUSALIGALLA,2020-01-14,Hindupur,HDFC Bank,4.0,"""Good account""",I have opened an account for a salary with HDFC bank on 5 years ago. Since it is a salary account no need to maintain a minimum balance. I use to get alert message on time whenever I do a transaction. It is user friendly to use mobile app and net banking service. So far I haven't faced any ATM charges.,https://static.bankbazaar.com/images/common/bank-logo/hdfc.png,Great!,0,i have opened an account for a salary with hdfc bank on 5 years ago since it is a salary account no need to maintain a minimum balance i use to get alert message on time whenever i do a transaction it is user friendly to use mobile app and net banking service so far i havent faced any atm charges,61,Satisfied
S,2020-01-14,Alleppey,SBI,5.0,"""Good saving account """,I am holding a salary  account  in SBI  for more than 20  years. There is no hidden charges in this bank. It is a  zero balance account. I am using mobile app and net banking both are  user friendly to access. I use to get an alert messages from bank whenever I do a transactions. ATMs and branches  services are good.  I use to get some offer messages from their end.,https://static.bankbazaar.com/images/common/bank-logo/sbi-4.png,Blown Away!,0,i am holding a salary account in sbi for more than 20 years there is no hidden charges in this bank it is a zero balance account i am using mobile app and net banking both are user friendly to access i use to get an alert messages from bank whenever i do a transactions atms and branches services are good i use to get some offer messages from their end,71,Satisfied
E V,2020-01-13,Bangalore,Unknown,4.0,"""Best savings account""",I have been holding an account for a saving with RBL for more than 2 years. This is a zero balance account and this is fully personal account. There is no hidden charges in this bank.  I am using mobile app and net banking both are user friendly to access. I am getting an alert messages from bank whenever I do a transactions service was good.,https://static.bankbazaar.com/images/common/bank-logo/ALL_BANKS.png,Great!,4,i have been holding an account for a saving with rbl for more than 2 years this is a zero balance account and this is fully personal account there is no hidden charges in this bank i am using mobile app and net banking both are user friendly to access i am getting an alert messages from bank whenever i do a transactions service was good,66,Satisfied
EDUPUGANTI  V,2020-01-13,Bangalore,Unknown,4.0,"""Best savings account""","In the year of 2014, i have started this savings account from CORPORATION. No need to maintain minimum balance on  this account. I  have selected their Internet banking facility is very user friendly.  They are not taking any kind of additional charges and the service was good.",https://static.bankbazaar.com/images/common/bank-logo/ALL_BANKS.png,Great!,1,in the year of 2014 i have started this savings account from corporation no need to maintain minimum balance on this account i have selected their internet banking facility is very user friendly they are not taking any kind of additional charges and the service was good,47,Satisfied
E,2020-01-13,Bangalore,Unknown,4.0,"""Best savings account""",This is a salary comes savings so no need to maintain minimum balance. I have been using this account with YES bank for more than 34 years and its been very good experience. They are giving 6% interest rate for savings account and its okay. I'm using mobile banking for checking balance and to do transactions. Their app is easy to access.,https://static.bankbazaar.com/images/common/bank-logo/ALL_BANKS.png,Great!,0,this is a salary comes savings so no need to maintain minimum balance i have been using this account with yes bank for more than 34 years and its been very good experience they are giving 6 interest rate for savings account and its okay im using mobile banking for checking balance and to do transactions their app is easy to access,62,Satisfied
RAJ,2020-01-13,New delhi,Axis Bank,5.0,"""Good Bank""",Its been one year with Axis Bank and their interest rate is really good. They are providing 7% for savings. Its easy to contact the customer service anytime. Its a zero balance account. Their net banking and mobile app is quite comfortable to access. I got a domestic debit card.,https://static.bankbazaar.com/images/common/bank-logo/axis.png,Blown Away!,0,its been one year with axis bank and their interest rate is really good they are providing 7 for savings its easy to contact the customer service anytime its a zero balance account their net banking and mobile app is quite comfortable to access i got a domestic debit card,50,Satisfied
PRAKASH G,2020-01-13,Visakhapatnam,Axis Bank,5.0,"""Excellent & Very good""","Its very excellent with Axis Bank and am using the salary account for more than 4 years. There was no extra charges for ATM withdrawal and I can send the money immediately through online banking, RTGS service is fine. The interest rate is negotiable only GST is higher around 18% for EMI conversion on credit card.",https://static.bankbazaar.com/images/common/bank-logo/axis.png,Blown Away!,5,its very excellent with axis bank and am using the salary account for more than 4 years there was no extra charges for atm withdrawal and i can send the money immediately through online banking rtgs service is fine the interest rate is negotiable only gst is higher around 18 for emi conversion on credit card,56,Satisfied
S S,2020-01-13,Pune,HDFC Bank,5.0,"""Excellent""","I have completed 8 years with HDFC BANK, my salary account is a zero balance. The charges are applicable for withdraw. There was no difficulties with net  banking. I have called the customer service and the response was happy. I got a domestic debit card.",https://static.bankbazaar.com/images/common/bank-logo/hdfc.png,Blown Away!,0,i have completed 8 years with hdfc bank my salary account is a zero balance the charges are applicable for withdraw there was no difficulties with net banking i have called the customer service and the response was happy i got a domestic debit card,45,Satisfied
RATHOD,2020-01-13,Pune,HDFC Bank,5.0,"""Good account """,I am holding saving account with HDFC bank for more than 5 years. It is saving comes salary account. No need to maintain a minimum balance account and no charges are avail. ATM and branches are avail. I am using both mobile app and net banking both are user friendly to access.,https://static.bankbazaar.com/images/common/bank-logo/hdfc.png,Blown Away!,0,i am holding saving account with hdfc bank for more than 5 years it is saving comes salary account no need to maintain a minimum balance account and no charges are avail atm and branches are avail i am using both mobile app and net banking both are user friendly to access,52,Satisfied
CARDOZA,2020-01-13,Mumbai,Unknown,5.0,"""Good saving account """,I have been holding salary account with KARNATAKA bank for more than 10 years. Need to maintain a minimum balance of 200 rupees.  There is no hidden charges in this account. ATM and branches services are good. Mobile app is good and I have opened net banking but yet to use it. ATM charges are avail of 177 rupees on yearly basis.,https://static.bankbazaar.com/images/common/bank-logo/ALL_BANKS.png,Blown Away!,2,i have been holding salary account with karnataka bank for more than 10 years need to maintain a minimum balance of 200 rupees there is no hidden charges in this account atm and branches services are good mobile app is good and i have opened net banking but yet to use it atm charges are avail of 177 rupees on yearly basis,62,Satisfied
M M,2020-01-12,Kolkata,Unknown,5.0,"""Best savings account""","ORIENTAL BANK OF COMMERCE is a very good bank, their executive is understanding the customer concern well and ready to help at any cost. I have been using the savings account for last  10 years. I am maintaining  minimum balance of 1000 rupees. I do get privilege till today.",https://static.bankbazaar.com/images/common/bank-logo/ALL_BANKS.png,Blown Away!,0,oriental bank of commerce is a very good bank their executive is understanding the customer concern well and ready to help at any cost i have been using the savings account for last 10 years i am maintaining minimum balance of 1000 rupees i do get privilege till today,49,Satisfied
SREELATHA,2020-01-12,Hyderabad,Punjab National Bank,4.0,"""Good""","My salary account is maintained in PNB Bank for nearly 10 years and till now there was no issues. The rate of interest not sure, moreover its a friendly bank according to my experience. I am using the online service which is very good, recently 1 year getting issue not getting message when i withdrawn cash , over all it is good service.",https://static.bankbazaar.com/images/common/bank-logo/punjab-national-bank.png,Great!,0,my salary account is maintained in pnb bank for nearly 10 years and till now there was no issues the rate of interest not sure moreover its a friendly bank according to my experience i am using the online service which is very good recently 1 year getting issue not getting message when i withdrawn cash over all it is good service,62,Satisfied
K M,2020-01-12,Hyderabad,Kotak,3.0,"""Need to improve in customer service""","In the year of 2019 may, opened my savings account. I have selected KOTAK because it is a salary account. Their ATM service is very less. It is very convenient to use their Internet banking facility, Google pay, phone pay. They are taking additional charges so much. Need to improve in customer service. I spoke to  6 different member in a week and also for net banking spoke to 2 people nicely.",https://static.bankbazaar.com/images/common/bank-logo/kotak.png,Satisfactory,0,in the year of 2019 may opened my savings account i have selected kotak because it is a salary account their atm service is very less it is very convenient to use their internet banking facility google pay phone pay they are taking additional charges so much need to improve in customer service i spoke to 6 different member in a week and also for net banking spoke to 2 people nicely,72,Average
ISHAAN  T,2020-01-12,Mohali,Kotak,4.5,"""Best savings account""","I have opened a savings account with KOTAK MAHINDRA before 1.5years. I have selected Kotak  because of the good service. This is a salary comes savings account, no need to maintain minimum balance. I am using USA transaction with this account, i can do transaction within a minute in this website. This bank has very less ATM center. I got an international card i can use in both India and abroad and its very convenient to use their Internet banking facility, mostly i use application only. They are not taking any kind of additional charges.",https://static.bankbazaar.com/images/common/bank-logo/kotak.png,Excellent!,0,i have opened a savings account with kotak mahindra before 15years i have selected kotak because of the good service this is a salary comes savings account no need to maintain minimum balance i am using usa transaction with this account i can do transaction within a minute in this website this bank has very less atm center i got an international card i can use in both india and abroad and its very convenient to use their internet banking facility mostly i use application only they are not taking any kind of additional charges,95,Satisfied
DHARANESH,2020-01-11,Bangalore,SBI,5.0,"""Excellent service""",I have State Bank Of India salary account almost 2 years .I am using net banking  service as well as mobile banking service both are very user friendly .I am using this servie for money trasfer and to check transaction details .Each and every transacton is safe and secure .There was no fraudulent transaction happend so far.,https://static.bankbazaar.com/images/common/bank-logo/sbi-4.png,Blown Away!,0,i have state bank of india salary account almost 2 years i am using net banking service as well as mobile banking service both are very user friendly i am using this servie for money trasfer and to check transaction details each and every transacton is safe and secure there was no fraudulent transaction happend so far,57,Satisfied
NAIR,2020-01-11,Mangalore,SBI,5.0,"""Good account """,I have been holding  a saving come salary account with SBI for more than 1.5 years. It is a zero balance account and so far I have not felt any hidden charges  for this account. ATM and branches are everywhere. I am not using mobile app yet. Each and every transaction is safe and secured.,https://static.bankbazaar.com/images/common/bank-logo/sbi-4.png,Blown Away!,0,i have been holding a saving come salary account with sbi for more than 15 years it is a zero balance account and so far i have not felt any hidden charges for this account atm and branches are everywhere i am not using mobile app yet each and every transaction is safe and secured,55,Satisfied
AI,2020-01-10,Chennai,Kotak,4.0,"""Good """,I have opened a salary account with KOTAK Bank for more than 2 years. No need to maintain a minimum balance and some hidden charges are avail on every 3 months regarding for cheque maintenance and ECS. They use to detect the amount of 119 rupees. Since I have been holding this account for many years but still now I haven't received any offer message.,https://static.bankbazaar.com/images/common/bank-logo/kotak.png,Great!,0,i have opened a salary account with kotak bank for more than 2 years no need to maintain a minimum balance and some hidden charges are avail on every 3 months regarding for cheque maintenance and ecs they use to detect the amount of 119 rupees since i have been holding this account for many years but still now i havent received any offer message,65,Satisfied
RAI,2020-01-10,Chennai,Canara Bank,4.0,"""Good """,I am holding a saving account with CANARA Bank for more than 15 years. So far I haven't received any offer message. No need to maintain a minimum balance and some hidden charges are avail on every 3 months regarding for cheque maintenance and ECS. They use to detect the amount of 80 rupees.,https://static.bankbazaar.com/images/common/bank-logo/canara-bank.png,Great!,1,i am holding a saving account with canara bank for more than 15 years so far i havent received any offer message no need to maintain a minimum balance and some hidden charges are avail on every 3 months regarding for cheque maintenance and ecs they use to detect the amount of 80 rupees,54,Satisfied
THULASI,2020-01-10,Chennai,SBI,5.0,"""Need to have more CDM's""","My salary account is associated with SBI for past 17 years which belongs to Defence Civilian and there is no specific advantage on this account. Only I get an offer for pre approved loan. There is no need to maintain for minimum balance. I went to the branch and done KYC updation by today, am satisfied with the response. The drawback is they don't have sufficient CDM and need to avoid extra charges.",https://static.bankbazaar.com/images/common/bank-logo/sbi-4.png,Blown Away!,0,my salary account is associated with sbi for past 17 years which belongs to defence civilian and there is no specific advantage on this account only i get an offer for pre approved loan there is no need to maintain for minimum balance i went to the branch and done kyc updation by today am satisfied with the response the drawback is they dont have sufficient cdm and need to avoid extra charges,73,Satisfied
ALAGARSAMY  M,2020-01-10,Dindigul,HDFC Bank,4.0,"""Need to decrease the rate of interest""","My salary account is in HDFC bank, I am holding this policy since 12 years. Once in 6 months there are charging Rs. 300 for card charges, so no need to maintain minimum balance. The customer service was good, interest rate is little bit high, need to work on interest.",https://static.bankbazaar.com/images/common/bank-logo/hdfc.png,Great!,0,my salary account is in hdfc bank i am holding this policy since 12 years once in 6 months there are charging rs 300 for card charges so no need to maintain minimum balance the customer service was good interest rate is little bit high need to work on interest,50,Satisfied
ARUNA  K,2020-01-10,Hyderabad,HDFC Bank,5.0,"""Best savings account""",I have been holding an account for a saving with HDFC bank for more than 2 years. There is no hidden charges in this bank. Being a salary account no need to maintain minimum balance. I am using mobile app and net banking both are user friendly to access. I am getting an alert messages from bank whenever I do a transactions.,https://static.bankbazaar.com/images/common/bank-logo/hdfc.png,Blown Away!,1,i have been holding an account for a saving with hdfc bank for more than 2 years there is no hidden charges in this bank being a salary account no need to maintain minimum balance i am using mobile app and net banking both are user friendly to access i am getting an alert messages from bank whenever i do a transactions,62,Satisfied
ABHISHEK,2020-01-10,Mumbai,HDFC Bank,5.0,"""Good service""","My company has provided a salary account from HDFC bank . I am using this account for the last 2 years. Its a zero balance maintenance account. Their mobile banking facility is good and easy to activate. I called the customer care service and their response is very good. I have done lots of transaction from this account. Whenever I called them, they guide me in a proper way.",https://static.bankbazaar.com/images/common/bank-logo/hdfc.png,Blown Away!,5,my company has provided a salary account from hdfc bank i am using this account for the last 2 years its a zero balance maintenance account their mobile banking facility is good and easy to activate i called the customer care service and their response is very good i have done lots of transaction from this account whenever i called them they guide me in a proper way,68,Satisfied
TH,2020-01-10,Raichur,Unknown,5.0,"""Good bank """,I am holding a saving account with SYNDICATE bank for the past 5 years. Need to maintain a minimum balance amount. Previous it was my salary account since I left the job now I am not using much this account. Net banking is user friendly.   Their service is good.,https://static.bankbazaar.com/images/common/bank-logo/ALL_BANKS.png,Blown Away!,0,i am holding a saving account with syndicate bank for the past 5 years need to maintain a minimum balance amount previous it was my salary account since i left the job now i am not using much this account net banking is user friendly their service is good,49,Satisfied
MOKASHI,2020-01-10,Raichur,SBI,5.0,"""Good """,I am holding saving account with SBI for more than 10 years. Need to maintain a minimum balance account. Some time hidden charges are avail and deduct some amount. ATM and branches are near. Net banking is user friendly to access. ATM charges are avail in this bank.,https://static.bankbazaar.com/images/common/bank-logo/sbi-4.png,Blown Away!,0,i am holding saving account with sbi for more than 10 years need to maintain a minimum balance account some time hidden charges are avail and deduct some amount atm and branches are near net banking is user friendly to access atm charges are avail in this bank,48,Satisfied
RAMMURTHY  SHASHI KIRAN,2020-01-09,Bangalore,HDFC Bank,5.0,"""Best service""",I am holding a salary account with HDFC bank for more than 5 years. There is no hidden charges in this bank. It is a zero balance account. I am using net banking and it is user friendly to access. I use to get an alert messages from bank whenever I do a transactions. ATM and branches are near to reach them directly.,https://static.bankbazaar.com/images/common/bank-logo/hdfc.png,Blown Away!,0,i am holding a salary account with hdfc bank for more than 5 years there is no hidden charges in this bank it is a zero balance account i am using net banking and it is user friendly to access i use to get an alert messages from bank whenever i do a transactions atm and branches are near to reach them directly,63,Satisfied
R,2020-01-09,Bangalore,SBI,2.0,"""Need to improve in customer service""","I will not recommend SBI account to anyone because I'm not satisfied with their banking services first of all the employers are providing late services to the customer. I have opened this account since 7 years. I  have to maintain minimum balance,  i don't mind to maintain, but i am maintaining  some balance. Need to improve in service.",https://static.bankbazaar.com/images/common/bank-logo/sbi-4.png,Expected more,1,i will not recommend sbi account to anyone because im not satisfied with their banking services first of all the employers are providing late services to the customer i have opened this account since 7 years i have to maintain minimum balance i dont mind to maintain but i am maintaining some balance need to improve in service,58,Dissatisfied
ANONYMOUS,2020-01-09,Hyderabad,Kotak,3.5,"""Excellent bank""",I have taken  Kotak Mahindra bank savings account 4 months ago hence I don't have much experience with this account. I opened this account through an online. Its a 811 account. I have activated all the digital bank facility and I applied the cheque facility through an online.  Already my documents have taken from the collection executive when he came to my home.,https://static.bankbazaar.com/images/common/bank-logo/kotak.png,Pretty good,1,i have taken kotak mahindra bank savings account 4 months ago hence i dont have much experience with this account i opened this account through an online its a 811 account i have activated all the digital bank facility and i applied the cheque facility through an online already my documents have taken from the collection executive when he came to my home,63,Dissatisfied
N T,2020-01-09,Hyderabad,Unknown,4.0,"""Excellent account """,I have opened the salary account from YES bank on 15 months ago and Its a zero balance account even though I'm maintaining some amount. Still now i have not faced any issues. Recently I called the customer care to inquire about interest rate on quarter basis.,https://static.bankbazaar.com/images/common/bank-logo/ALL_BANKS.png,Great!,0,i have opened the salary account from yes bank on 15 months ago and its a zero balance account even though im maintaining some amount still now i have not faced any issues recently i called the customer care to inquire about interest rate on quarter basis,47,Satisfied
ASHOK,2020-01-09,Pune,HDFC Bank,5.0,"""Very Good Account""",I have opened my account with HDFC bank on 12 years before and it was my salary account. Since I'm employee of this bank so  they have provided me a zero balance maintenance account. I'm not using net banking facility. Before 3 years some amount got deducted in my account regarding this I called the customer care and I went to the branch but the response was very bad because they were not helpful at all. They have used unwanted words to the customer.,https://static.bankbazaar.com/images/common/bank-logo/hdfc.png,Blown Away!,0,i have opened my account with hdfc bank on 12 years before and it was my salary account since im employee of this bank so they have provided me a zero balance maintenance account im not using net banking facility before 3 years some amount got deducted in my account regarding this i called the customer care and i went to the branch but the response was very bad because they were not helpful at all they have used unwanted words to the customer,84,Satisfied
ANONYMOUS,2020-01-09,Hubli,Punjab National Bank,5.0,"""Very Good bank""",I have taken savings account from Punjab National Bank almost 4 years before and it was my earlier company salary account later I left from the company. So  I'm doing only transaction from this account. It was a zero balance and  It was a hassle free account to use. I have not used an online banking and mobile application.,https://static.bankbazaar.com/images/common/bank-logo/punjab-national-bank.png,Blown Away!,4,i have taken savings account from punjab national bank almost 4 years before and it was my earlier company salary account later i left from the company so im doing only transaction from this account it was a zero balance and it was a hassle free account to use i have not used an online banking and mobile application,59,Satisfied
ANONYMOUS,2020-01-09,Hubli,SBI,5.0,"""Very Good Account""","SBI is a good account to use because my transactions are smoothly going on. Any issues, I'm not facing from the bank side. SBI net banking service is very good. I have visited the main branch in my city and the response was prompt. Charges are there for a NEFT and IMPS transactions.",https://static.bankbazaar.com/images/common/bank-logo/sbi-4.png,Blown Away!,0,sbi is a good account to use because my transactions are smoothly going on any issues im not facing from the bank side sbi net banking service is very good i have visited the main branch in my city and the response was prompt charges are there for a neft and imps transactions,53,Satisfied
ANONYMOUS,2020-01-09,Hubli,IDBI,5.0,"""Very Good Account""",I have taken the salary account from IDBI bank on one year before because my company is depositing the money in this bank. Its a zero balance account. They are not taking any extra charges. They are not providing any offers for debit card. The card transactions are smooth because I don't find any error in the POS machine.,https://static.bankbazaar.com/images/common/bank-logo/idbi.png,Blown Away!,0,i have taken the salary account from idbi bank on one year before because my company is depositing the money in this bank its a zero balance account they are not taking any extra charges they are not providing any offers for debit card the card transactions are smooth because i dont find any error in the pos machine,59,Satisfied
SHAMEENA,2020-01-09,Bangalore,Unknown,3.0,"""Need updation on the system""","Indian bank savings account  was opened almost 6 years before because the branch is located nearby my home but nowadays, I'm not doing much transaction from this account.  When I do a transactions, it shows server error sometimes. They do not have any proper customer care number to contact.",https://static.bankbazaar.com/images/common/bank-logo/ALL_BANKS.png,Satisfactory,3,indian bank savings account was opened almost 6 years before because the branch is located nearby my home but nowadays im not doing much transaction from this account when i do a transactions it shows server error sometimes they do not have any proper customer care number to contact,49,Average
SHAMEENA,2020-01-09,Bangalore,Unknown,5.0,"""Easy way to contact YES bank""","I have opened my salary account with YES bank almost 2 years before. I don't need to maintain any minimum balance from this account. I never tried the net banking facility. If any kind of issue, i call the customer care service and they will do rectify it immediately. Only once i have gone to their branch to change the mobile number and block the ATM and the response was good.",https://static.bankbazaar.com/images/common/bank-logo/ALL_BANKS.png,Blown Away!,0,i have opened my salary account with yes bank almost 2 years before i dont need to maintain any minimum balance from this account i never tried the net banking facility if any kind of issue i call the customer care service and they will do rectify it immediately only once i have gone to their branch to change the mobile number and block the atm and the response was good,71,Satisfied
AR,2020-01-09,Bangalore,SBI,3.5,"""Need to imrpove customer service ""","I have been using SBI saving come salary account for more than 7 years. Need to maintain a minimum balance of 5K. The customer service is not good and no proper response from their end. There is lot of hidden charges are applicable on quarterly basis, they use to deduct the amount  of up to 399 rupees. ATM and branches are avail at every where.",https://static.bankbazaar.com/images/common/bank-logo/sbi-4.png,Pretty good,0,i have been using sbi saving come salary account for more than 7 years need to maintain a minimum balance of 5k the customer service is not good and no proper response from their end there is lot of hidden charges are applicable on quarterly basis they use to deduct the amount of up to 399 rupees atm and branches are avail at every where,65,Dissatisfied
AYUSH,2020-01-09,Mumbai,HDFC Bank,5.0,"""Need to improve in customer service""",I have been holding an account for a saving with HDFC bank for more than 17 months. There is no hidden charges in this bank. Being a salary account no need to maintain minimum balance. I am using mobile app and net banking both are user friendly to access. I am getting an alert messages from bank whenever I do a transactions. ATMs and branches are near to reach them directly. Need to improve in service.,https://static.bankbazaar.com/images/common/bank-logo/hdfc.png,Blown Away!,5,i have been holding an account for a saving with hdfc bank for more than 17 months there is no hidden charges in this bank being a salary account no need to maintain minimum balance i am using mobile app and net banking both are user friendly to access i am getting an alert messages from bank whenever i do a transactions atms and branches are near to reach them directly need to improve in service,76,Satisfied
GH,2020-01-09,Noida,Unknown,5.0,"""Good bank which not deducted any extra charges""",I am holding  savings account from UCO bank and its a good nationalized bank. Its a zero balance maintenance account. I have not experienced of their net banking and mobile app facility. I used to visit their branch on a regular basis and the response was very nice.,https://static.bankbazaar.com/images/common/bank-logo/ALL_BANKS.png,Blown Away!,3,i am holding savings account from uco bank and its a good nationalized bank its a zero balance maintenance account i have not experienced of their net banking and mobile app facility i used to visit their branch on a regular basis and the response was very nice,48,Satisfied
SI,2020-01-09,Noida,Kotak,3.0,"""Average Banking service""",I have opened  811 savings account from Kotak Mahindra bank and my salary is getting credited into this account through NEFT transfer.  Almost 2 years before I took this account. I have not activated an  Internet banking and mobile app too. Response was really good in the branch. Its a zero balance account.,https://static.bankbazaar.com/images/common/bank-logo/kotak.png,Satisfactory,0,i have opened 811 savings account from kotak mahindra bank and my salary is getting credited into this account through neft transfer almost 2 years before i took this account i have not activated an internet banking and mobile app too response was really good in the branch its a zero balance account,53,Average
GUNASUNDARI,2020-01-09,Chennai,Unknown,3.0,"""Good Bank""","Indian Overseas Bank service is not that much good and they are charging for high of un- necessary things. Whenever i visit the branch, there was no response in the branch and they asked me to come after 2 days. I have been using this account for almost 8 years. I need to hold the minimum balance of Rs. 500.",https://static.bankbazaar.com/images/common/bank-logo/ALL_BANKS.png,Satisfactory,3,indian overseas bank service is not that much good and they are charging for high of un necessary things whenever i visit the branch there was no response in the branch and they asked me to come after 2 days i have been using this account for almost 8 years i need to hold the minimum balance of rs 500,60,Average
KUMAR,2020-01-08,Bangalore,Unknown,4.0,"""Need to improve the service""","I have opened the savings account from Vijaya bank and I took the account for almost 5 years back. The branch is located in the nearest place so I have selected this bank. There is no proper service, because by using the app I  couldn't avail anything till now. Branch is always having a heavy crowded. They are deducting some money on a monthly basis for SMS deduction and they have deducted Rs. 600 in this last quarter.",https://static.bankbazaar.com/images/common/bank-logo/ALL_BANKS.png,Great!,0,i have opened the savings account from vijaya bank and i took the account for almost 5 years back the branch is located in the nearest place so i have selected this bank there is no proper service because by using the app i couldnt avail anything till now branch is always having a heavy crowded they are deducting some money on a monthly basis for sms deduction and they have deducted rs 600 in this last quarter,78,Satisfied
KUMAR,2020-01-08,Bangalore,Unknown,5.0,"""They need to address the customer service""","DBS is  very nice bank to have a account with them. I can use any ATM to withdraw the money in the earlier days, there was no charges for that but  now they are deducting Rs. 20 Rs after  5 transactions from the other ATM. There is no ATM at all for this bank. I am using the mobile app facility and its very easy to access. When I forgot the login ID, it was asking my mail id when i enter the correct id, it says please enter the correct details. Regarding this issue, i could not contact their customer care service too.",https://static.bankbazaar.com/images/common/bank-logo/ALL_BANKS.png,Blown Away!,2,dbs is very nice bank to have a account with them i can use any atm to withdraw the money in the earlier days there was no charges for that but now they are deducting rs 20 rs after 5 transactions from the other atm there is no atm at all for this bank i am using the mobile app facility and its very easy to access when i forgot the login id it was asking my mail id when i enter the correct id it says please enter the correct details regarding this issue i could not contact their customer care service too,104,Satisfied
JAI,2020-01-08,Bangalore,Kotak,5.0,"""Good and Nice account""",Kotak Mahindra bank service is good and they need to address the customer in the online banking. I went to their branch to open the savings account but my salary is getting credited into this account. Its a zero balance account. They have provided the cheque book in 2 days and debit card in 3 working days.,https://static.bankbazaar.com/images/common/bank-logo/kotak.png,Blown Away!,0,kotak mahindra bank service is good and they need to address the customer in the online banking i went to their branch to open the savings account but my salary is getting credited into this account its a zero balance account they have provided the cheque book in 2 days and debit card in 3 working days,57,Satisfied
ASHISH,2020-01-08,Indore,SBI,5.0,"""Best bank""","I have opened my savings account  with SBI in the year of 2009. I have selected this bank because of the good service and I can find the ATM at anywhere. I have to maintain minimum balance of Rs. 15,000. Its convenient to use their Internet banking facility, but I am using YONO application . The branch experience is fine, they helped me a lot in many thing.",https://static.bankbazaar.com/images/common/bank-logo/sbi-4.png,Blown Away!,0,i have opened my savings account with sbi in the year of 2009 i have selected this bank because of the good service and i can find the atm at anywhere i have to maintain minimum balance of rs 15000 its convenient to use their internet banking facility but i am using yono application the branch experience is fine they helped me a lot in many thing,67,Satisfied
KIRAN,2020-01-08,Bangalore,Axis Bank,5.0,"""Good Account""",Opened my salary account in Axis Bank and using for almost 7 months and its a zero balance maintenance account. Their Internet banking facility and mobile app is nice to use. I have not visited their branch till now since i don't faced any issue till now. They are not taking any kind of un-necessary charges.,https://static.bankbazaar.com/images/common/bank-logo/axis.png,Blown Away!,0,opened my salary account in axis bank and using for almost 7 months and its a zero balance maintenance account their internet banking facility and mobile app is nice to use i have not visited their branch till now since i dont faced any issue till now they are not taking any kind of unnecessary charges,56,Satisfied
ANONYMOUS,2020-01-08,Mumbai,SBI,1.0,"""Need to improve the service""",Previously i was using the Savings account from State bank of India. I'm not satisfied with their services because i have given closure request twice but they haven't processed and they have sent me a debit card to my address which i have not received. I'm not maintaining any minimum balance since i have given the closure request.,https://static.bankbazaar.com/images/common/bank-logo/sbi-4.png,Really Bad,1,previously i was using the savings account from state bank of india im not satisfied with their services because i have given closure request twice but they havent processed and they have sent me a debit card to my address which i have not received im not maintaining any minimum balance since i have given the closure request,58,Dissatisfied
ANONYMOUS,2020-01-08,Bangalore,Unknown,5.0,"""Good Account""","Whenever i visited Corporation Bank branch, they will rectify my queries immediately. Bank staffs are guiding the customers very well. Earlier in my office, they have provided me a cheque from Corporation Bank, it got cleared immediately so that i have opened the savings account from Corporation Bank. I am not using their net banking facility and mobile app.",https://static.bankbazaar.com/images/common/bank-logo/ALL_BANKS.png,Blown Away!,0,whenever i visited corporation bank branch they will rectify my queries immediately bank staffs are guiding the customers very well earlier in my office they have provided me a cheque from corporation bank it got cleared immediately so that i have opened the savings account from corporation bank i am not using their net banking facility and mobile app,59,Satisfied
ANONYMOUS,2020-01-08,Bangalore,SBI,5.0,"""Good Account""",I have a savings account from State Bank of India and the staffs are very helpful and the manager is very friendly to the customer. I have been holding this account for a long time and i have not faced any issue. I need to maintain a minimum balance of Rs. 3000. They are not taking any un-necessary charges till now. I won't do much transaction from this account.,https://static.bankbazaar.com/images/common/bank-logo/sbi-4.png,Blown Away!,0,i have a savings account from state bank of india and the staffs are very helpful and the manager is very friendly to the customer i have been holding this account for a long time and i have not faced any issue i need to maintain a minimum balance of rs 3000 they are not taking any unnecessary charges till now i wont do much transaction from this account,69,Satisfied
T,2020-01-08,Madurai,Unknown,5.0,"""Friendly bank""","Opened my savings account with RBL bank. I am having this for more than 3  years and i am maintaining minimum balance as Rs. 1000. I have  visited their branch, service was good and they helping to solve queries in any branch. Overall it is good and also recommendable.",https://static.bankbazaar.com/images/common/bank-logo/ALL_BANKS.png,Blown Away!,2,opened my savings account with rbl bank i am having this for more than 3 years and i am maintaining minimum balance as rs 1000 i have visited their branch service was good and they helping to solve queries in any branch overall it is good and also recommendable,49,Satisfied
ANNALAKSHMI,2020-01-08,Bangalore,Kotak,4.0,"""Good Bank""",My salary account was opened from Kotak Mahindra bank. I went to the branch directly to open this account and the response was great from the employee side. I'm not using the Internet banking facility. Mobile app is convenient to use. They are not taking any kind of hidden charges.,https://static.bankbazaar.com/images/common/bank-logo/kotak.png,Great!,0,my salary account was opened from kotak mahindra bank i went to the branch directly to open this account and the response was great from the employee side im not using the internet banking facility mobile app is convenient to use they are not taking any kind of hidden charges,50,Satisfied
M S S,2020-01-08,Visakhapatnam,Unknown,5.0,"""Good service""","Bank of India account is good and I'm using it for the past 2 months . I have to maintain minimum balance of Rs. 500. Their online banking facility is fast to access. When i visited their branch, the response is excellent. They are not deducting any kind of hidden charges.",https://static.bankbazaar.com/images/common/bank-logo/ALL_BANKS.png,Blown Away!,8,bank of india account is good and im using it for the past 2 months i have to maintain minimum balance of rs 500 their online banking facility is fast to access when i visited their branch the response is excellent they are not deducting any kind of hidden charges,50,Satisfied
MADI,2020-01-08,Visakhapatnam,SBI,5.0,"""Best service""","I  have been utilizing SBI savings account since 10 years.  I need to maintain a minimum balance of Rs. 5000. I have activated the net banking and mobile app. There is no additional charges for the ATM withdrawals. Long back, i visited the branch and the service was good.",https://static.bankbazaar.com/images/common/bank-logo/sbi-4.png,Blown Away!,3,i have been utilizing sbi savings account since 10 years i need to maintain a minimum balance of rs 5000 i have activated the net banking and mobile app there is no additional charges for the atm withdrawals long back i visited the branch and the service was good,49,Satisfied
NARASIMHA,2020-01-07,Bangalore,IndusInd Bank,5.0,"""Satisfactory""",I am using Indusind Bank Salary account for the past 2 years .I am using net banking service  it is only used for money transfer. Even I can track transaction details through this service .There was no fraudulent transaction happened so far .If I contact customer service for any assistance  they are taking the responsibility and giving good response .,https://static.bankbazaar.com/images/common/bank-logo/indusind.png,Blown Away!,3,i am using indusind bank salary account for the past 2 years i am using net banking service it is only used for money transfer even i can track transaction details through this service there was no fraudulent transaction happened so far if i contact customer service for any assistance they are taking the responsibility and giving good response,59,Satisfied
ANONYMOUS,2020-01-07,Chennai,Unknown,4.0,"""Good Account""","Even if i withdraw from other ATM on a multiple times, RBL doesn't charge any amount. My friend told me that RBL savings account is good. Last month i have maintained the minimum balance of Rs. 10000 then they told me to keep only Rs. 5000. I can withdraw upto Rs. 50000 in a day from the ATM. The process was delayed for verification to provide the debit card.",https://static.bankbazaar.com/images/common/bank-logo/ALL_BANKS.png,Great!,2,even if i withdraw from other atm on a multiple times rbl doesnt charge any amount my friend told me that rbl savings account is good last month i have maintained the minimum balance of rs 10000 then they told me to keep only rs 5000 i can withdraw upto rs 50000 in a day from the atm the process was delayed for verification to provide the debit card,69,Satisfied
ANONYMOUS,2020-01-07,Chennai,SBI,4.0,"""Okay Account""",Earlier it was my salary account from SBI after that i have converted into savings account. They are deducting money un-necessarily from my account for not maintaining the minimum balance. There is no proper customer care service and many times I'm receiving a fake calls by asking the account number and OTP so I'm not using this account much.,https://static.bankbazaar.com/images/common/bank-logo/sbi-4.png,Great!,0,earlier it was my salary account from sbi after that i have converted into savings account they are deducting money unnecessarily from my account for not maintaining the minimum balance there is no proper customer care service and many times im receiving a fake calls by asking the account number and otp so im not using this account much,59,Satisfied
ANONYMOUS,2020-01-07,Chennai,HDFC Bank,4.0,"""Good Account""","From my company, they have provided me a salary account in last August with HDFC BANK. Its a zero balance maintenance account. Their mobile banking facility is good and easy to activate. I called the customer care service and their response is very good. I have done lots of transaction from this account. Whenever i called them, they guide me in a proper way.",https://static.bankbazaar.com/images/common/bank-logo/hdfc.png,Great!,0,from my company they have provided me a salary account in last august with hdfc bank its a zero balance maintenance account their mobile banking facility is good and easy to activate i called the customer care service and their response is very good i have done lots of transaction from this account whenever i called them they guide me in a proper way,64,Satisfied
ANONYMOUS,2020-01-07,Chennai,Unknown,4.0,"""Good Account""","5 months ago, i have taken the savings account from DBS bank. My friend has recommended me about this bank since its an International bank and i can access the account everywhere. There is no charges for other ATM withdrawals. I'm maintaining a minimum balance of Rs. 5000. I do use their Internet banking facility and its good to deal.",https://static.bankbazaar.com/images/common/bank-logo/ALL_BANKS.png,Great!,2,5 months ago i have taken the savings account from dbs bank my friend has recommended me about this bank since its an international bank and i can access the account everywhere there is no charges for other atm withdrawals im maintaining a minimum balance of rs 5000 i do use their internet banking facility and its good to deal,60,Satisfied
ATHI,2020-01-07,Chennai,Unknown,5.0,"""Service is good""","My friend has recommended me to open the salary account with Karur Vysya bank. I'm maintaining a minimum balance of Rs. 1000. I have not experienced net banking but their net banking facility is easy to use. On a rarely basis, i used to visit their branch and the response is nice.",https://static.bankbazaar.com/images/common/bank-logo/ALL_BANKS.png,Blown Away!,2,my friend has recommended me to open the salary account with karur vysya bank im maintaining a minimum balance of rs 1000 i have not experienced net banking but their net banking facility is easy to use on a rarely basis i used to visit their branch and the response is nice,52,Satisfied
S P,2020-01-07,Bangalore,HDFC Bank,5.0,"""Blindly go with HDFC in terms of service""","6 years before, i have opened the salary account from HDFC. It is a zero balance account. I didn't called the customer care service but they do have a separate mail service hence i have used it. If i use the net banking facility, there is a option called to mail box, through that i used to communicate with them regarding my queries. Whatever they are promised time like 48 hours, before that i get a genuine response and if i need any further assistance, they will call me if i mentioned in the mail.",https://static.bankbazaar.com/images/common/bank-logo/hdfc.png,Blown Away!,0,6 years before i have opened the salary account from hdfc it is a zero balance account i didnt called the customer care service but they do have a separate mail service hence i have used it if i use the net banking facility there is a option called to mail box through that i used to communicate with them regarding my queries whatever they are promised time like 48 hours before that i get a genuine response and if i need any further assistance they will call me if i mentioned in the mail,95,Satisfied
S KUMAR D,2020-01-07,Gurgaon,Unknown,5.0,"""Good bank""",I have Federal Bank account for the last 5 years. I have both salary and saving account. I am satisfied with the customer service and responsiveness.Their online service like internet banking is easy to use and it is very fast also overall doing good!,https://static.bankbazaar.com/images/common/bank-logo/ALL_BANKS.png,Blown Away!,8,i have federal bank account for the last 5 years i have both salary and saving account i am satisfied with the customer service and responsivenesstheir online service like internet banking is easy to use and it is very fast also overall doing good,44,Satisfied
ANONYMOUS,2020-01-07,Kolkata,HDFC Bank,5.0,"""Better Account""","I use my salary account with HDFC for almost 16 years. There is no need to maintain any minimum balance. Their net banking facility is very good and mobile app is better. I visited their branch and the response was prompt. They are not deducing any hidden charges. I can withdraw upto Rs. 10,000 in a day.",https://static.bankbazaar.com/images/common/bank-logo/hdfc.png,Blown Away!,0,i use my salary account with hdfc for almost 16 years there is no need to maintain any minimum balance their net banking facility is very good and mobile app is better i visited their branch and the response was prompt they are not deducing any hidden charges i can withdraw upto rs 10000 in a day,57,Satisfied
ANG,2020-01-07,Bangalore,SBI,5.0,"""Good bank""","I have been holding a saving account with SBI. I need to maintain a minimum balance of 5K, if not charges are applicable. There is some hidden charges are available on monthly basis of 120 rupees. Net banking service is good. I am not aware about ATM charges.",https://static.bankbazaar.com/images/common/bank-logo/sbi-4.png,Blown Away!,1,i have been holding a saving account with sbi i need to maintain a minimum balance of 5k if not charges are applicable there is some hidden charges are available on monthly basis of 120 rupees net banking service is good i am not aware about atm charges,48,Satisfied
ANONYMOUS,2020-01-07,Haridwar,SBI,4.0,"""They need to improve a lot""",I will not recommend SBI account to anyone because I'm not satisfied with their banking services first of all the employers are providing late services to the customer. I have opened the account 7 years before with the help of my father since I'm not aware of the banking system. I'm maintaining a minimum balance of Rs. 1000. I don't get the sufficient money from the ATM and the behavior of the employee needs to be changed.,https://static.bankbazaar.com/images/common/bank-logo/sbi-4.png,Great!,1,i will not recommend sbi account to anyone because im not satisfied with their banking services first of all the employers are providing late services to the customer i have opened the account 7 years before with the help of my father since im not aware of the banking system im maintaining a minimum balance of rs 1000 i dont get the sufficient money from the atm and the behavior of the employee needs to be changed,77,Satisfied
TOUT,2020-01-07,Bangalore,HDFC Bank,5.0,"""Good bank """,I am holding a salary  account  with HDFC  bank for more than 5 years. There is no hidden charges in this bank. It is a  zero balance account. I am using net banking and it is user friendly to access. I use to get an alert messages from bank whenever I do a transactions. ATMs and branches are near to reach them directly.,https://static.bankbazaar.com/images/common/bank-logo/hdfc.png,Blown Away!,0,i am holding a salary account with hdfc bank for more than 5 years there is no hidden charges in this bank it is a zero balance account i am using net banking and it is user friendly to access i use to get an alert messages from bank whenever i do a transactions atms and branches are near to reach them directly,63,Satisfied
B S,2020-01-07,Haridwar,HDFC Bank,5.0,"""Excellent service""",I use my salary account with HDFC for more than 1 year. Their net banking facility is good to use. I have visited my home branch and the response was really good. Its a salary account so no minimum balance required but  I'm maintaining a minimum balance of Rs. 10000. Their mobile app is convenient to access in all the places.,https://static.bankbazaar.com/images/common/bank-logo/hdfc.png,Blown Away!,0,i use my salary account with hdfc for more than 1 year their net banking facility is good to use i have visited my home branch and the response was really good its a salary account so no minimum balance required but im maintaining a minimum balance of rs 10000 their mobile app is convenient to access in all the places,61,Satisfied
MURUGAN,2020-01-07,Madurai,Unknown,3.0,"""Need to decrease interest charge""",I have opened a saving account with CITY UNION Bank on 2 years before. There is no need to maintain a minimum balance. But service charges are applicable of up to 300 rupees on monthly basis.  ATM and branches services are good.  Each and every transaction is safe and secured.,https://static.bankbazaar.com/images/common/bank-logo/ALL_BANKS.png,Satisfactory,0,i have opened a saving account with city union bank on 2 years before there is no need to maintain a minimum balance but service charges are applicable of up to 300 rupees on monthly basis atm and branches services are good each and every transaction is safe and secured,50,Average
KULANTHAIVEL,2020-01-07,Madurai,Canara Bank,5.0,"""Need to decrease interest charge""",I am holding salary account with Canara  bank for more than 6 years. There is some hidden charges are avail. No need to maintain a minimum balance on this account. I use to get alert message on time from bank for each transaction. There are service charge are applicable on monthly basis of 200 - 300 rupees which is high.,https://static.bankbazaar.com/images/common/bank-logo/canara-bank.png,Blown Away!,0,i am holding salary account with canara bank for more than 6 years there is some hidden charges are avail no need to maintain a minimum balance on this account i use to get alert message on time from bank for each transaction there are service charge are applicable on monthly basis of 200 300 rupees which is high,59,Satisfied
THIVA,2020-01-06,Thanjavur,HDFC Bank,5.0,"""Good Service""",I am holding a salary account with HDFC bank for more than 1 year. There is no hidden charges in this bank. It is a  minimum balance account. I am not using mobile app yet. I use to get an alert messages from bank whenever I do a transactions. ATMs and branches are near to reach them directly.,https://static.bankbazaar.com/images/common/bank-logo/hdfc.png,Blown Away!,0,i am holding a salary account with hdfc bank for more than 1 year there is no hidden charges in this bank it is a minimum balance account i am not using mobile app yet i use to get an alert messages from bank whenever i do a transactions atms and branches are near to reach them directly,58,Satisfied
KAR,2020-01-06,Thanjavur,Unknown,5.0,"""Good Service""",I am holding saving account with Bank of India for past 3 years. Previous it was salary account now changed to savings. Need to maintain a minimum of 500 rupees. SMS charges are applicable of up to 127 rupees on quarterly basis. ATM charges are applicable if I use the debit card for more than 5 times in a month.,https://static.bankbazaar.com/images/common/bank-logo/ALL_BANKS.png,Blown Away!,5,i am holding saving account with bank of india for past 3 years previous it was salary account now changed to savings need to maintain a minimum of 500 rupees sms charges are applicable of up to 127 rupees on quarterly basis atm charges are applicable if i use the debit card for more than 5 times in a month,60,Satisfied
DEEPIKA,2020-01-06,Hyderabad,HDFC Bank,5.0,"""Good bank""","I am using  HDFC bank saving account for almost 4 years. I have not faced any issues till now.  Since i have a salary account, so no need to maintain Its a zero balance account. There won't be any hidden charges. Customer service and responsiveness are  good.",https://static.bankbazaar.com/images/common/bank-logo/hdfc.png,Blown Away!,1,i am using hdfc bank saving account for almost 4 years i have not faced any issues till now since i have a salary account so no need to maintain its a zero balance account there wont be any hidden charges customer service and responsiveness are good,47,Satisfied
PAKA,2020-01-06,Hyderabad,SBI,4.0,"""Need to decrease interest charge""",I have been holding a saving account with SBI for more than 12 years. It is a zero balance account. There is some hidden charges are applicable. I am not using mobile app and net banking yet. ATM charges are applicable if I use more than 4 times in a month.  I would suggest to reduce charges for this account.,https://static.bankbazaar.com/images/common/bank-logo/sbi-4.png,Great!,0,i have been holding a saving account with sbi for more than 12 years it is a zero balance account there is some hidden charges are applicable i am not using mobile app and net banking yet atm charges are applicable if i use more than 4 times in a month i would suggest to reduce charges for this account,60,Satisfied
F D,2020-01-06,Pondicherry,HDFC Bank,5.0,"""Good Account""",Customer will get all kind of offers through messages from HDFC bank.  I can activate all the facilities through mobile app and online banking. They won't allow the customer to go other bank. Interest rate is less for an existing customer  when I compared to other banks. I have not faced any issue as of now.,https://static.bankbazaar.com/images/common/bank-logo/hdfc.png,Blown Away!,0,customer will get all kind of offers through messages from hdfc bank i can activate all the facilities through mobile app and online banking they wont allow the customer to go other bank interest rate is less for an existing customer when i compared to other banks i have not faced any issue as of now,56,Satisfied
K PATEL,2020-01-06,Ahmedabad,HDFC Bank,5.0,"""Excellent Service""",I have HDFC Bank Salary account which i am using for the past 3 years .I am using net banking service as well as mobile banking service  both are used for credit card bill payment and money transfer .There was no fraudulent transaction happend so far .Each transaction is safe and secure and if contact customer service for any assistance will get proper acknowledgement .,https://static.bankbazaar.com/images/common/bank-logo/hdfc.png,Blown Away!,0,i have hdfc bank salary account which i am using for the past 3 years i am using net banking service as well as mobile banking service both are used for credit card bill payment and money transfer there was no fraudulent transaction happend so far each transaction is safe and secure and if contact customer service for any assistance will get proper acknowledgement,64,Satisfied
AR,2020-01-06,Tirunelveli,Kotak,5.0,"""Transaction is smooth""",I have been holding a saving account with KOTAK bank for more than a year. I have to maintain a minimum balance of 10K in this account. Their service is good. But there is no much ATMs near my place. It is user friendly to access.  I use to get an alert message on time from their end.,https://static.bankbazaar.com/images/common/bank-logo/kotak.png,Blown Away!,0,i have been holding a saving account with kotak bank for more than a year i have to maintain a minimum balance of 10k in this account their service is good but there is no much atms near my place it is user friendly to access i use to get an alert message on time from their end,58,Satisfied
MAR,2020-01-06,Tirunelveli,SBI,5.0,"""Good bank """,I have been holding a saving account with SBI for more than 5 years. No need to maintain a minimum balance for this account and no hidden charges as well. ATM and branches services are good. I am using mobile app and net banking both are user friendly to access.,https://static.bankbazaar.com/images/common/bank-logo/sbi-4.png,Blown Away!,0,i have been holding a saving account with sbi for more than 5 years no need to maintain a minimum balance for this account and no hidden charges as well atm and branches services are good i am using mobile app and net banking both are user friendly to access,50,Satisfied
AV,2020-01-06,Tirunelveli,Axis Bank,4.5,"""Need to decrease interest charge """,I have opened a salary account from AXIS bank on 4 years before. It is zero balance account and there is some hidden charges are applicable for transaction purpose and it was high in this bank. I use to get offer message from bank end. ATM and branches are far to reach them directly.,https://static.bankbazaar.com/images/common/bank-logo/axis.png,Excellent!,0,i have opened a salary account from axis bank on 4 years before it is zero balance account and there is some hidden charges are applicable for transaction purpose and it was high in this bank i use to get offer message from bank end atm and branches are far to reach them directly,54,Satisfied
J J,2020-01-06,Thiruvananthapuram,HDFC Bank,5.0,"""Good Account""","Opened my salary account with HDFC bank and i have been using this account since 2016. They are not taking any hidden charges. Its good to use the Internet banking and mobile app facility. There is no need of maintaining any minimum balance. In the branch, response was good.",https://static.bankbazaar.com/images/common/bank-logo/hdfc.png,Blown Away!,0,opened my salary account with hdfc bank and i have been using this account since 2016 they are not taking any hidden charges its good to use the internet banking and mobile app facility there is no need of maintaining any minimum balance in the branch response was good,49,Satisfied
ANONYMOUS,2020-01-05,New delhi,Punjab National Bank,5.0,"""One of the old bank in India""",Earlier it was my salary account from Punjab National bank and now i have converted into savings account and the service is good since i hold the account for more than 15 years. Its quite convenient to use the  Internet banking facility. Response in the branch was really good.,https://static.bankbazaar.com/images/common/bank-logo/punjab-national-bank.png,Blown Away!,5,earlier it was my salary account from punjab national bank and now i have converted into savings account and the service is good since i hold the account for more than 15 years its quite convenient to use the internet banking facility response in the branch was really good,49,Satisfied
MURALIDHARAN,2020-01-05,Bangalore,SBI,5.0,"""Overall Good Account""","Above 25 years, i have been utilizing the benefits from SBI salary account. In this account, i need to maintain a minimum balance of Rs. 1000. I am not activated the net banking facility and mobile app. There is no additional charges for the ATM withdrawals. Very long back, i visited their branch and the response was very good.",https://static.bankbazaar.com/images/common/bank-logo/sbi-4.png,Blown Away!,0,above 25 years i have been utilizing the benefits from sbi salary account in this account i need to maintain a minimum balance of rs 1000 i am not activated the net banking facility and mobile app there is no additional charges for the atm withdrawals very long back i visited their branch and the response was very good,59,Satisfied
ANONYMOUS,2020-01-05,Bangalore,SBI,4.0,"""Time being account""","I opened the savings account from State bank of India and its been 2 years. In SBI, i need to maintain a minimum balance amount. I'm not using this account much because if i withdraw the money of minimum balance, they are charging some  amount. SBI banking services are average because their rules and regulations are not familiar with the new generation customer.",https://static.bankbazaar.com/images/common/bank-logo/sbi-4.png,Great!,0,i opened the savings account from state bank of india and its been 2 years in sbi i need to maintain a minimum balance amount im not using this account much because if i withdraw the money of minimum balance they are charging some amount sbi banking services are average because their rules and regulations are not familiar with the new generation customer,63,Satisfied
ANONYMS,2020-01-05,Bangalore,Canara Bank,4.0,"""Good Account""","From previous company, they have provided me a salary account from Canara bank and i hold this account for almost 2 years. Its a zero balance maintenance account and the benefits are compared to other bank its less. They are charging me a additional charges of Rs. 89 for SMS alerts, applying the cheque book. There is no free service request from Canara bank.",https://static.bankbazaar.com/images/common/bank-logo/canara-bank.png,Great!,1,from previous company they have provided me a salary account from canara bank and i hold this account for almost 2 years its a zero balance maintenance account and the benefits are compared to other bank its less they are charging me a additional charges of rs 89 for sms alerts applying the cheque book there is no free service request from canara bank,64,Satisfied
ANONYMS,2020-01-05,Bangalore,Kotak,5.0,"""100% trusted bank for a family""","From Kotak Mahindra bank, i have been using the salary account for 3.5 years. They are giving good services to the customer in terms of any services and charges. As i observed, Kotak is the first bank which gives higher interest rates based on the transaction in the savings account. They are giving more than 8% interest.",https://static.bankbazaar.com/images/common/bank-logo/kotak.png,Blown Away!,0,from kotak mahindra bank i have been using the salary account for 35 years they are giving good services to the customer in terms of any services and charges as i observed kotak is the first bank which gives higher interest rates based on the transaction in the savings account they are giving more than 8 interest,57,Satisfied
ANONYMOUS,2020-01-05,Hyderabad,Citibank,5.0,"""Good service""",I get buy 1 get 1 movie tickets offer in my CITI debit card. The minimum balance have to maintain is 1 lakh. I can convert into zero balance account giving the request to bank without any charges but there is a condition like I can use it for only one transaction. If it exceeds 5 transaction in a month then automatically changed to normal account. The penalty charges are very less so I am holding this account for past 6 years.,https://static.bankbazaar.com/images/common/bank-logo/citibank.png,Blown Away!,0,i get buy 1 get 1 movie tickets offer in my citi debit card the minimum balance have to maintain is 1 lakh i can convert into zero balance account giving the request to bank without any charges but there is a condition like i can use it for only one transaction if it exceeds 5 transaction in a month then automatically changed to normal account the penalty charges are very less so i am holding this account for past 6 years,82,Satisfied
A,2020-01-05,Bangalore,HDFC Bank,5.0,"""Ultra business mind""","I have a salary account with HDFC BANK and they have provided me an option for zero balance family account where I can add 3 members under my Id.  Initially need to pay Rs.5000 after the process, I can withdraw the amount. If my salary account becomes dormant then family members account type will be changed to normal with a minimum balance maintenance.",https://static.bankbazaar.com/images/common/bank-logo/hdfc.png,Blown Away!,0,i have a salary account with hdfc bank and they have provided me an option for zero balance family account where i can add 3 members under my id initially need to pay rs5000 after the process i can withdraw the amount if my salary account becomes dormant then family members account type will be changed to normal with a minimum balance maintenance,63,Satisfied
Mahashweta maity,2020-01-04,Kolkata,Unknown,0.5,"""Deduction of amount""",DCB Bank is Just a chitfund not a bank.. Without any concern takes away the money from sb account... Need to complain for the same 100 times ..then they again pay back the amount after 3/4 months.. without any interest.never do any business with this bank..,https://static.bankbazaar.com/images/common/bank-logo/ALL_BANKS.png,Unacceptable,3,dcb bank is just a chitfund not a bank without any concern takes away the money from sb account need to complain for the same 100 times then they again pay back the amount after 34 months without any interestnever do any business with this bank,46,Dissatisfied
ANUJ,2020-01-04,New delhi,Unknown,4.0,"""Best  Service""",I have Karuyr Vysya Bank Saving account which i am using for the past 6 years .My salary will be credited to this account. I will be getting message alert as well as email for all transactions .If I contact customer service for any assistance will be getting good acknowledgement.,https://static.bankbazaar.com/images/common/bank-logo/ALL_BANKS.png,Great!,1,i have karuyr vysya bank saving account which i am using for the past 6 years my salary will be credited to this account i will be getting message alert as well as email for all transactions if i contact customer service for any assistance will be getting good acknowledgement,50,Satisfied
S K P,2020-01-04,Visakhapatnam,HDFC Bank,5.0,"""Best in industry""","Using my HDFC saving account for almost 5 years. I have not faced any issues till now. Its a zero balance account. There won't be any hidden charges. , i never get charged for any other ATM withdrawal. I have  visited HDFC branch till now service is good. I called their customer care and the response is so good.",https://static.bankbazaar.com/images/common/bank-logo/hdfc.png,Blown Away!,3,using my hdfc saving account for almost 5 years i have not faced any issues till now its a zero balance account there wont be any hidden charges i never get charged for any other atm withdrawal i have visited hdfc branch till now service is good i called their customer care and the response is so good,58,Satisfied
VIK,2020-01-04,Lucknow,Punjab National Bank,5.0,"""Excellent Service""","I have Punjab National Bank Salary account for the past 12 years.I am using net banking service as well as mobile banking service.I am using this service for money transfer ,recharge and for credit card bill payment .I am satisfied with the banking service.Each transaction is very safe and secured always.",https://static.bankbazaar.com/images/common/bank-logo/punjab-national-bank.png,Blown Away!,1,i have punjab national bank salary account for the past 12 yearsi am using net banking service as well as mobile banking servicei am using this service for money transfer recharge and for credit card bill payment i am satisfied with the banking serviceeach transaction is very safe and secured always,51,Satisfied
A,2020-01-04,New delhi,Unknown,3.0,"""Good """,I am holding a salary account  with   INDIAN OVERSEAS Bank for more than 7 years. There is no any hidden charges in this bank. It is a  zero balance account. I am using mobile app and net banking both are user friendly to access. I use to get an alert messages from bank whenever I do a transactions.,https://static.bankbazaar.com/images/common/bank-logo/ALL_BANKS.png,Satisfactory,2,i am holding a salary account with indian overseas bank for more than 7 years there is no any hidden charges in this bank it is a zero balance account i am using mobile app and net banking both are user friendly to access i use to get an alert messages from bank whenever i do a transactions,58,Average
ARI,2020-01-04,New delhi,Axis Bank,5.0,"""Good ""","I have been holding a saving account with AXIS bank for more than 3 years. Need to maintain a minimum balance of 5K. Sometime hidden charges are applicable, yearly  once they  use to charge.  ATM charges are applicable, if I used for more than 5 times in a month.",https://static.bankbazaar.com/images/common/bank-logo/axis.png,Blown Away!,0,i have been holding a saving account with axis bank for more than 3 years need to maintain a minimum balance of 5k sometime hidden charges are applicable yearly once they use to charge atm charges are applicable if i used for more than 5 times in a month,49,Satisfied
N NARASIMHA,2020-01-04,Bangalore,SBI,2.0,"""Not Satisfied""",I have SBI saving account which i am using for the past 4 years .I will be getting message alert for all transactions .customer service is also average and each transaction is safe and secure .Banking service is also average and  not undergone any difficulties on using this account .,https://static.bankbazaar.com/images/common/bank-logo/sbi-4.png,Expected more,0,i have sbi saving account which i am using for the past 4 years i will be getting message alert for all transactions customer service is also average and each transaction is safe and secure banking service is also average and not undergone any difficulties on using this account,49,Dissatisfied
N  NARASIMHA,2020-01-04,Bangalore,Unknown,5.0,"""Excellent Service""","I have Federal Bank saving account recently. I am only using  their net banking service on this account .If have any query, i will reach to contact customer service and getting good response .Each and every transaction is safe and secure .Everything is good on this bank account so far.",https://static.bankbazaar.com/images/common/bank-logo/ALL_BANKS.png,Blown Away!,5,i have federal bank saving account recently i am only using their net banking service on this account if have any query i will reach to contact customer service and getting good response each and every transaction is safe and secure everything is good on this bank account so far,50,Satisfied
MHATRE,2020-01-03,Mumbai,Axis Bank,5.0,"""Good Account""","From Axis bank, i am holding my salary account and its a zero balance account. They haven't deducted any kind of hidden charges. I can withdraw upto Rs. 50000 in a day from the ATM.  Response in the branch was really good. When i contacted the customer care, the response is good and its easy to connect with them.",https://static.bankbazaar.com/images/common/bank-logo/axis.png,Blown Away!,3,from axis bank i am holding my salary account and its a zero balance account they havent deducted any kind of hidden charges i can withdraw upto rs 50000 in a day from the atm response in the branch was really good when i contacted the customer care the response is good and its easy to connect with them,59,Satisfied
S DOULA,2020-01-03,Bangalore,Canara Bank,3.0,"""Good Service""",I am using Canara bank salary account and will be getting only message alert for my transaction. Customer service is also good and getting good response .I have not faced any fraudulent transaction so far and am getting prompt reply from customer support whenever i reach them for queries.,https://static.bankbazaar.com/images/common/bank-logo/canara-bank.png,Satisfactory,0,i am using canara bank salary account and will be getting only message alert for my transaction customer service is also good and getting good response i have not faced any fraudulent transaction so far and am getting prompt reply from customer support whenever i reach them for queries,49,Average
ANONYMOUS,2020-01-03,Visakhapatnam,SBI,4.0,"""Good Service""","My salary account is with State bank of India and i have opened it 6 years back in the year of 2013. Its a zero balance account. Its good to use the Internet banking facility and mobile app. At the time of opening the account, i have visited the branch and the response was fine. They took almost 1 week to provide the cheque book, debit card, net banking facility.",https://static.bankbazaar.com/images/common/bank-logo/sbi-4.png,Great!,0,my salary account is with state bank of india and i have opened it 6 years back in the year of 2013 its a zero balance account its good to use the internet banking facility and mobile app at the time of opening the account i have visited the branch and the response was fine they took almost 1 week to provide the cheque book debit card net banking facility,70,Satisfied
Y T P,2020-01-03,Bangalore,Unknown,5.0,"""Very Good Bank""",Bharath Co-operative Savings Account is a very good bank because whenever i visit their branch for any clarifications they will rectify clearly and they confirm that whether customer understand the answer. They are giving a interest rate every three months once based on the quarterly balance maintenance. I won't withdraw the money from other bank ATM hence I'm not aware of those charges.,https://static.bankbazaar.com/images/common/bank-logo/ALL_BANKS.png,Blown Away!,0,bharath cooperative savings account is a very good bank because whenever i visit their branch for any clarifications they will rectify clearly and they confirm that whether customer understand the answer they are giving a interest rate every three months once based on the quarterly balance maintenance i wont withdraw the money from other bank atm hence im not aware of those charges,63,Satisfied
POOJARI,2020-01-03,Bangalore,Unknown,5.0,"""Good Account""","In my native place, ATM and branch is available so that i have chosen Vijaya bank as my savings account. When i keep the balance of some amount in this account, monthly they are giving some interest rate. Staffs are giving good response in the branch. No hidden charges will be deducted on this account.",https://static.bankbazaar.com/images/common/bank-logo/ALL_BANKS.png,Blown Away!,0,in my native place atm and branch is available so that i have chosen vijaya bank as my savings account when i keep the balance of some amount in this account monthly they are giving some interest rate staffs are giving good response in the branch no hidden charges will be deducted on this account,55,Satisfied
THUKRA,2020-01-03,Bangalore,SBI,5.0,"""Good Account """,Earlier i was opened my State Bank of India as an savings account after that i have converted into salary account. Monthly i am maintaining a some balance of Rs. 5000 even though the required amount is Rs. 3000. I have been using this account for just 1 year. Its good to use their Internet banking facility. I can find ATMs in all the places.,https://static.bankbazaar.com/images/common/bank-logo/sbi-4.png,Blown Away!,0,earlier i was opened my state bank of india as an savings account after that i have converted into salary account monthly i am maintaining a some balance of rs 5000 even though the required amount is rs 3000 i have been using this account for just 1 year its good to use their internet banking facility i can find atms in all the places,65,Satisfied
M P,2020-01-03,Hyderabad,HDFC Bank,5.0,"""Nice Account""",Its been more than 3 years since i have a salary account with HDFC. I do visit the HDFC branch so many times and the response was good. Its quite comfortable to use their net banking facility. They are not deducting any kind of hidden charges.,https://static.bankbazaar.com/images/common/bank-logo/hdfc.png,Blown Away!,1,its been more than 3 years since i have a salary account with hdfc i do visit the hdfc branch so many times and the response was good its quite comfortable to use their net banking facility they are not deducting any kind of hidden charges,46,Satisfied
D S M,2020-01-03,Chennai,IndusInd Bank,3.0,"""Good Account""","10 days before, In my new company they have provided me a salary account with Indusind bank. I have not used this account that much. Its a zero balance account. Online banking facility is bit low compared to others. When i have given request for cheque book , its getting closed automatically. Mobile app is not easy to access and its getting buffer for a long time.",https://static.bankbazaar.com/images/common/bank-logo/indusind.png,Satisfactory,4,10 days before in my new company they have provided me a salary account with indusind bank i have not used this account that much its a zero balance account online banking facility is bit low compared to others when i have given request for cheque book its getting closed automatically mobile app is not easy to access and its getting buffer for a long time,66,Average
D S M,2020-01-03,Chennai,HDFC Bank,5.0,"""Good Bank""","1 year ago, my company has provided me a salary account from HDFC bank. Its a hassle free account to use. Its a zero balance account. HDFC net banking and mobile app is superb. I have not visited their branch till now and never interacted with their call centre people till now.",https://static.bankbazaar.com/images/common/bank-logo/hdfc.png,Blown Away!,0,1 year ago my company has provided me a salary account from hdfc bank its a hassle free account to use its a zero balance account hdfc net banking and mobile app is superb i have not visited their branch till now and never interacted with their call centre people till now,52,Satisfied
SWAMY,2020-01-02,Bangalore,SBI,4.0,"""Good saving account ""","SBI is providing a good service.  I have been holding a saving account for more than a year. Need to maintain a minimum balance of 5K.  If I go to any place in Karnataka, I could find many ATM's.  I use to get alert message on time from bank end for each transaction.",https://static.bankbazaar.com/images/common/bank-logo/sbi-4.png,Great!,0,sbi is providing a good service i have been holding a saving account for more than a year need to maintain a minimum balance of 5k if i go to any place in karnataka i could find many atms i use to get alert message on time from bank end for each transaction,53,Satisfied
RANGA,2020-01-02,Bangalore,Axis Bank,4.0,"""Good """,I am holding a salary  account  with  AXIS  bank for more than 3  years. There is no hidden charges in this bank. It is a  zero balance account. I am using mobile app and it is user friendly to access. I use to get an alert messages from bank whenever I do a transactions.  Each transaction is secured.,https://static.bankbazaar.com/images/common/bank-logo/axis.png,Great!,0,i am holding a salary account with axis bank for more than 3 years there is no hidden charges in this bank it is a zero balance account i am using mobile app and it is user friendly to access i use to get an alert messages from bank whenever i do a transactions each transaction is secured,58,Satisfied
KIRAN,2020-01-02,Bangalore,Kotak,2.0,"""Need to decrease charge """,I have opened a saving account  for a personal use with KOTAK Mahindra Bank and I am using it for more than one year. Need to maintain a minimum balance of 10K charges are high. Am not doing much transaction in this account and keep on getting update from bank end to do some transaction.  There is no hidden charges.,https://static.bankbazaar.com/images/common/bank-logo/kotak.png,Expected more,1,i have opened a saving account for a personal use with kotak mahindra bank and i am using it for more than one year need to maintain a minimum balance of 10k charges are high am not doing much transaction in this account and keep on getting update from bank end to do some transaction there is no hidden charges,60,Dissatisfied
P  DEB,2020-01-02,Agartala,SBI,5.0,"""Best  Service""",I have State Bank Of India Salary account which i am using for the past 10 years only.There will be message alert for all transactions.Each and every transaction is safe and secure .If have any query and try to contact customer  service will be getting good response .There was no fraudulent transaction undergone so far.,https://static.bankbazaar.com/images/common/bank-logo/sbi-4.png,Blown Away!,0,i have state bank of india salary account which i am using for the past 10 years onlythere will be message alert for all transactionseach and every transaction is safe and secure if have any query and try to contact customer service will be getting good response there was no fraudulent transaction undergone so far,55,Satisfied
KUMAR,2020-01-02,Bangalore,Canara Bank,4.0,"""Good bank ""","I am holding saving account with CANARA bank for more than 4 years. In my city there are many ATMs are avail, so far they have not charged any amount. It is zero balance account. There is some hidden charges, so on yearly basis amount was deducted of  18 rupees.",https://static.bankbazaar.com/images/common/bank-logo/canara-bank.png,Great!,0,i am holding saving account with canara bank for more than 4 years in my city there are many atms are avail so far they have not charged any amount it is zero balance account there is some hidden charges so on yearly basis amount was deducted of 18 rupees,50,Satisfied
RAJ,2020-01-02,Bangalore,SBI,5.0,"""Good Account""","Around 2014, i have opened the savings account from State bank of India and not had any savings account till then since the branch was near to my home i have selected this bank. There is no need of maintaining any minimum balance. I'm comfortable in using their Internet banking facility. I went to their branch and the staff response was fine while opening this account.",https://static.bankbazaar.com/images/common/bank-logo/sbi-4.png,Blown Away!,0,around 2014 i have opened the savings account from state bank of india and not had any savings account till then since the branch was near to my home i have selected this bank there is no need of maintaining any minimum balance im comfortable in using their internet banking facility i went to their branch and the staff response was fine while opening this account,66,Satisfied
RAJ,2020-01-02,Bangalore,HDFC Bank,5.0,"""Good Account""","Using my HDFC salary account for almost 4 years. I have not faced any issues till now. Its a zero balance account. There won't be any hidden charges. Since i will do an online transactions a lot, i never get charged for any other ATM withdrawal. I have not visited HDFC branch till now. I called their customer care and the response is so good.",https://static.bankbazaar.com/images/common/bank-logo/hdfc.png,Blown Away!,0,using my hdfc salary account for almost 4 years i have not faced any issues till now its a zero balance account there wont be any hidden charges since i will do an online transactions a lot i never get charged for any other atm withdrawal i have not visited hdfc branch till now i called their customer care and the response is so good,65,Satisfied
S K,2020-01-02,Kota,SBI,4.0,"""Need to improve the services""","I have savings account from State Bank of India. The branch is located nearby my home, so that i have chosen them. I'm not maintaining any balance in this account since i'm not using this account much. I have not tried their online banking and mobile app. Branch response in SBI is average and the staffs are not that much helpful because they are taking too much time.",https://static.bankbazaar.com/images/common/bank-logo/sbi-4.png,Great!,0,i have savings account from state bank of india the branch is located nearby my home so that i have chosen them im not maintaining any balance in this account since im not using this account much i have not tried their online banking and mobile app branch response in sbi is average and the staffs are not that much helpful because they are taking too much time,68,Satisfied
S K,2020-01-02,Kota,Punjab National Bank,4.0,"""Really good service""","6 years ago, i have selected Punjab National bank for my savings account without any specific reason. Its a zero balance account. I was using the Internet banking and mobile app but nowadays I'm not doing much transaction from this account. I never visited their branch till now.",https://static.bankbazaar.com/images/common/bank-logo/punjab-national-bank.png,Great!,0,6 years ago i have selected punjab national bank for my savings account without any specific reason its a zero balance account i was using the internet banking and mobile app but nowadays im not doing much transaction from this account i never visited their branch till now,48,Satisfied
KUMAR,2020-01-02,Kota,Unknown,3.0,"""Easy to handle. ""","I have opened salary account in the year of 2005 from Bank of India. To open this  account, their sales executive came to my office and he immediately provided me cheque book and debit card. Whenever i contacted the customer care for general enquiry and complaints, they have server issue to check the details most of the times.",https://static.bankbazaar.com/images/common/bank-logo/ALL_BANKS.png,Satisfactory,3,i have opened salary account in the year of 2005 from bank of india to open this account their sales executive came to my office and he immediately provided me cheque book and debit card whenever i contacted the customer care for general enquiry and complaints they have server issue to check the details most of the times,58,Average
SAN,2020-01-02,Jodhpur,Unknown,4.0,"""Good service""",I have been holding saving account with FEDERAL bank for more than 3 years. I need to maintain a minimum balance of 3K and even there is no charges for non-maintenance. Each and every transaction is safe and secured.  Their service is fine.  Mobile app and net banking services are good.,https://static.bankbazaar.com/images/common/bank-logo/ALL_BANKS.png,Great!,8,i have been holding saving account with federal bank for more than 3 years i need to maintain a minimum balance of 3k and even there is no charges for nonmaintenance each and every transaction is safe and secured their service is fine mobile app and net banking services are good,51,Satisfied
M,2020-01-02,Bangalore,Unknown,5.0,"""Good service""",I have a salary account with Dena bank for past 8 years. Minimum balance should be Rs.1000. If I use other bank ATMs for cash withdrawal it is chargeable. Their ATM's are not sufficient only one is available near my office. The Bank executive response is good and I have not faced any issue till now.,https://static.bankbazaar.com/images/common/bank-logo/ALL_BANKS.png,Blown Away!,4,i have a salary account with dena bank for past 8 years minimum balance should be rs1000 if i use other bank atms for cash withdrawal it is chargeable their atms are not sufficient only one is available near my office the bank executive response is good and i have not faced any issue till now,56,Satisfied
GODULA,2020-01-02,Jodhpur,HDFC Bank,3.0,"""Need to improve mobile app & net banking service """,I am holding  a salary account with HDFC bank for more than 1 year where I need to maintain a minimum balance. There is no any hidden charges. Internet banking and mobile app is not user friendly to access.  I use to get alert message on time from bank for each transaction.,https://static.bankbazaar.com/images/common/bank-logo/hdfc.png,Satisfactory,0,i am holding a salary account with hdfc bank for more than 1 year where i need to maintain a minimum balance there is no any hidden charges internet banking and mobile app is not user friendly to access i use to get alert message on time from bank for each transaction,52,Average
RAG,2019-12-31,Ghaziabad,HDFC Bank,4.0,"""Good account ""","I am holding a salary account with HDFC Bank for more than 3 years. Their service is not good in response. I have been holding account for more than 3 and half years.  It is a zero balance account. I am using mobile app and net banking both are user friendly to access. ATM charges are applicable, if its more than 5 times need to pay 25 rupees.",https://static.bankbazaar.com/images/common/bank-logo/hdfc.png,Great!,0,i am holding a salary account with hdfc bank for more than 3 years their service is not good in response i have been holding account for more than 3 and half years it is a zero balance account i am using mobile app and net banking both are user friendly to access atm charges are applicable if its more than 5 times need to pay 25 rupees,68,Satisfied
VADIVELU,2019-12-31,Bangalore,IndusInd Bank,5.0,"""Good Account""",If i asked for any request they are responding properly from Indusind bank. Opened my salary account 2 years before. I need to maintain a minimum balance of Rs. 1000. I have not faced any issue on their Internet banking facility. I went to their branch once to get the bank statement and they have given me a prompt response.,https://static.bankbazaar.com/images/common/bank-logo/indusind.png,Blown Away!,2,if i asked for any request they are responding properly from indusind bank opened my salary account 2 years before i need to maintain a minimum balance of rs 1000 i have not faced any issue on their internet banking facility i went to their branch once to get the bank statement and they have given me a prompt response,60,Satisfied
DEVARAPALLI,2019-12-31,Bangalore,Axis Bank,3.0,"""Good saving account """,I have opened a salary account with AXIS bank just 6 months before.  No need a maintain a minimum balance account and there is no any additional charges for this account. Each and every transaction is safe and secured. Mobile app and net banking both are user friendly to access.  Some time ATM charges are applicable.,https://static.bankbazaar.com/images/common/bank-logo/axis.png,Satisfactory,0,i have opened a salary account with axis bank just 6 months before no need a maintain a minimum balance account and there is no any additional charges for this account each and every transaction is safe and secured mobile app and net banking both are user friendly to access some time atm charges are applicable,56,Average
PATOND,2019-12-31,Nagpur,Canara Bank,4.0,"""Very consumer friendly bank""","5 years back, i took the savings account from Canara bank. It was a simple system of communication and the service is simple. They are always organized with the customer. I need to hold a balance amount of Rs. 1000. I have visited their branch on a regular basis and the response was very nice.",https://static.bankbazaar.com/images/common/bank-logo/canara-bank.png,Great!,0,5 years back i took the savings account from canara bank it was a simple system of communication and the service is simple they are always organized with the customer i need to hold a balance amount of rs 1000 i have visited their branch on a regular basis and the response was very nice,55,Satisfied
PATOND,2019-12-31,Nagpur,Unknown,4.0,"""Normal bank""","3 years ago, i opened the salary account from Central Bank of India. My organization has a tie up with this bank. I went to their branch to take this account. I need to maintain a minimum balance of Rs. 2000. There is no hidden charges. As per RBI rules, they are deducting charges for the other things.",https://static.bankbazaar.com/images/common/bank-logo/ALL_BANKS.png,Great!,2,3 years ago i opened the salary account from central bank of india my organization has a tie up with this bank i went to their branch to take this account i need to maintain a minimum balance of rs 2000 there is no hidden charges as per rbi rules they are deducting charges for the other things,58,Satisfied
ANONYMOUS,2019-12-31,Karnal,HDFC Bank,3.0,"""They need to improve the ambiance""","HDFC banking service is average there is a digitalization but not fully. There is a communication with the customer. Their customer service needs to improve a lot. Actually I'm in village so nearby my place, HDFC branch was available so that i have selected this account. I am maintaining a minimum balance of Rs. 5000 since its a rural area account. Their infrastructure is like a Government bank. In most of the branches, water facility is not available and the floors are not  properly maintained. They should maintain clean and hygiene.",https://static.bankbazaar.com/images/common/bank-logo/hdfc.png,Satisfactory,1,hdfc banking service is average there is a digitalization but not fully there is a communication with the customer their customer service needs to improve a lot actually im in village so nearby my place hdfc branch was available so that i have selected this account i am maintaining a minimum balance of rs 5000 since its a rural area account their infrastructure is like a government bank in most of the branches water facility is not available and the floors are not properly maintained they should maintain clean and hygiene,91,Average
S K,2019-12-31,Karnal,SBI,5.0,"""They have to improve their customer service and staff behavi""","My salary account was opened from State Bank of India. There was no proper customer care service in SBI. If i want to call the call centre number or in the branch, there will be a lack in customer service. Actually they are not giving proper response because they don't want to interact with the customer much. Right now i'm using the net banking facility hence I'm transferring the money to other bank account and I'm not using this account that much. In every branch, the staffs are behaving very rude with the customer which they need to improve.",https://static.bankbazaar.com/images/common/bank-logo/sbi-4.png,Blown Away!,0,my salary account was opened from state bank of india there was no proper customer care service in sbi if i want to call the call centre number or in the branch there will be a lack in customer service actually they are not giving proper response because they dont want to interact with the customer much right now im using the net banking facility hence im transferring the money to other bank account and im not using this account that much in every branch the staffs are behaving very rude with the customer which they need to improve,99,Satisfied
ANONYMOUS,2019-12-31,Kolkata,Axis Bank,4.0,"""Good Salary account""","8 years ago, i have selected Axis bank for my salary account since my company offered me. Their sales executive came to my office to open this account. Its a zero balance account. Their net banking facility is really good. Many times i have interacted with the customer care service regarding many reasons, the response was very good all the time. They have an offer many times in online banking and the executive visit to my office on a regular basis to show off of their new products. It would be fine, if they improve the transaction timings.",https://static.bankbazaar.com/images/common/bank-logo/axis.png,Great!,0,8 years ago i have selected axis bank for my salary account since my company offered me their sales executive came to my office to open this account its a zero balance account their net banking facility is really good many times i have interacted with the customer care service regarding many reasons the response was very good all the time they have an offer many times in online banking and the executive visit to my office on a regular basis to show off of their new products it would be fine if they improve the transaction timings,98,Satisfied
ANONYMOUS,2019-12-30,Chennai,Axis Bank,4.5,"""Best class account""","Am holding the salary account from Axis bank which am using it for almost 3 years. There is no benefits available on this account. Its a zero balance. Their net banking facility is really good. When i visited their branch, the response is also good. They are not providing any offer for debit card purchase but transaction reflects immediately on the app. In Axis bank, they are charging some consolidated charges.",https://static.bankbazaar.com/images/common/bank-logo/axis.png,Excellent!,0,am holding the salary account from axis bank which am using it for almost 3 years there is no benefits available on this account its a zero balance their net banking facility is really good when i visited their branch the response is also good they are not providing any offer for debit card purchase but transaction reflects immediately on the app in axis bank they are charging some consolidated charges,71,Satisfied
KSHIRSAGAR,2019-12-30,Mumbai,HDFC Bank,3.5,"""Good bank""","In the year of 2009, i had salary account from HDFC and i have made the transaction with the account for 2 year after that i have not used it because i left the job from the company and started new business. It was a zero balance account. Their online banking facility was really good.",https://static.bankbazaar.com/images/common/bank-logo/hdfc.png,Pretty good,0,in the year of 2009 i had salary account from hdfc and i have made the transaction with the account for 2 year after that i have not used it because i left the job from the company and started new business it was a zero balance account their online banking facility was really good,55,Dissatisfied
SAMIR,2019-12-30,Mumbai,Unknown,2.0,"""Account holders are from Punjab and Maharastra bank""","I have a savings account from Punjab and Maharastra bank. Suddenly they have sent me message in mid night stating that my service is going to be barred from the next day because the bank directors made some fraudulent activity. In that i had a balance of more than Rs. 5 lakhs and I'm unable to withdraw the same now. They have stated that they will give  money but it will take some time. RBI also already assured that i get a money back. Because of this issue, i suffered a lot.",https://static.bankbazaar.com/images/common/bank-logo/ALL_BANKS.png,Expected more,26,i have a savings account from punjab and maharastra bank suddenly they have sent me message in mid night stating that my service is going to be barred from the next day because the bank directors made some fraudulent activity in that i had a balance of more than rs 5 lakhs and im unable to withdraw the same now they have stated that they will give money but it will take some time rbi also already assured that i get a money back because of this issue i suffered a lot,92,Dissatisfied
M  ULLAH,2019-12-30,Hyderabad,SBI,4.0,"""Good Service""",I have State Bank Of India Salary account for the past 5 years. I am using net banking service for mostly for credit cards bill payment and for money transfer rarely .customer service is not upto the mark and there was no drawbacks faced on using this account .,https://static.bankbazaar.com/images/common/bank-logo/sbi-4.png,Great!,0,i have state bank of india salary account for the past 5 years i am using net banking service for mostly for credit cards bill payment and for money transfer rarely customer service is not upto the mark and there was no drawbacks faced on using this account,48,Satisfied
SRINIVAS,2019-12-30,Vizianagaram,Unknown,4.0,"""Good Bank account""",Opened my savings account from Andhra bank and i have chosen this account 1 year ago its because of the gold loan purpose. Staff response was really quick. They took 1 day to provide the debit card and cheque book because i got it from their bank itself. I need to hold  a minimum amount of Rs. 500.  The branch has normal crowd and the staffs are attending the customer very fast overall its nice.,https://static.bankbazaar.com/images/common/bank-logo/ALL_BANKS.png,Great!,1,opened my savings account from andhra bank and i have chosen this account 1 year ago its because of the gold loan purpose staff response was really quick they took 1 day to provide the debit card and cheque book because i got it from their bank itself i need to hold a minimum amount of rs 500 the branch has normal crowd and the staffs are attending the customer very fast overall its nice,75,Satisfied
ANONYMOUS,2019-12-30,Vizianagaram,SBI,4.0,"""Okay Account""",SBI is a good bank for opening a savings account. I use this account for almost 6 years. Their sales executive came to my place to open this account. I am maintaining a minimum balance of Rs. 2000. I have not experienced of their mobile app but their online user interface is fine. They are not deducting any hidden charges.,https://static.bankbazaar.com/images/common/bank-logo/sbi-4.png,Great!,0,sbi is a good bank for opening a savings account i use this account for almost 6 years their sales executive came to my place to open this account i am maintaining a minimum balance of rs 2000 i have not experienced of their mobile app but their online user interface is fine they are not deducting any hidden charges,60,Satisfied
ANONYMOUS,2019-12-30,Vizianagaram,HDFC Bank,4.5,"""Good bank""","Last 4 years ago, i have opened the salary account with HDFC and the service is really good. Their net banking facility is really good and I'm not using any mobile app. They have not deducted me any hidden charges. There is no charges for the fund transfer facility.",https://static.bankbazaar.com/images/common/bank-logo/hdfc.png,Excellent!,0,last 4 years ago i have opened the salary account with hdfc and the service is really good their net banking facility is really good and im not using any mobile app they have not deducted me any hidden charges there is no charges for the fund transfer facility,49,Satisfied
B  MURMU,2019-12-30,Bangalore,Unknown,5.0,"""Excellent Service""",I have Bank Of India Saving account for the past 6 years .There will be message alert for each transaction is done frequently . I have not faced any drawbacks so far .There was no fraudulent transaction happened so far .If contact customer service will get immediate response.,https://static.bankbazaar.com/images/common/bank-logo/ALL_BANKS.png,Blown Away!,3,i have bank of india saving account for the past 6 years there will be message alert for each transaction is done frequently i have not faced any drawbacks so far there was no fraudulent transaction happened so far if contact customer service will get immediate response,47,Satisfied
B MURMU,2019-12-30,Bangalore,Axis Bank,5.0,"""Excellent Service""",I am using Axis Bank Salary account for the past 4 years .I am using net banking service as well as mobile banking service both are very user friendly and these service is easy to operate for money transfer and also for utility bill payment .Customer service is also pretty good.,https://static.bankbazaar.com/images/common/bank-logo/axis.png,Blown Away!,0,i am using axis bank salary account for the past 4 years i am using net banking service as well as mobile banking service both are very user friendly and these service is easy to operate for money transfer and also for utility bill payment customer service is also pretty good,51,Satisfied
ANONYMOUS,2019-12-30,Bangalore,Canara Bank,3.0,"""Better bank""",Canara is a Government undertaken bank so that i have opted the savings account with them. I went to the branch to opened this account and the response was better because i haven't got any help from the staffs. Opened this account 7 years before. I use the Internet banking and mobile app facility as well.,https://static.bankbazaar.com/images/common/bank-logo/canara-bank.png,Satisfactory,5,canara is a government undertaken bank so that i have opted the savings account with them i went to the branch to opened this account and the response was better because i havent got any help from the staffs opened this account 7 years before i use the internet banking and mobile app facility as well,56,Average
ANONYMOUS,2019-12-30,Bangalore,Unknown,4.0,"""Better Account""",Vijaya Bank sales executive came to my office to open the salary account for me. They have provided me a debit after 1 month only. There is no charges for the ATM withdrawals. There is no need of maintaining any minimum balance. I can find the ATMs in all the places and the debit card is more secure to use.,https://static.bankbazaar.com/images/common/bank-logo/ALL_BANKS.png,Great!,0,vijaya bank sales executive came to my office to open the salary account for me they have provided me a debit after 1 month only there is no charges for the atm withdrawals there is no need of maintaining any minimum balance i can find the atms in all the places and the debit card is more secure to use,60,Satisfied
NATHAN,2019-12-29,Chennai,Axis Bank,5.0,"""Good saving account ""","I am holding a savings account AXIS bank for more than 6 years. There is some hidden charges and on quarterly basis, use to pay amount of Rs.700. I need to maintain a minimum balance of 900 rupees, if not charges are high. I am using net banking and it is user friendly to access.",https://static.bankbazaar.com/images/common/bank-logo/axis.png,Blown Away!,0,i am holding a savings account axis bank for more than 6 years there is some hidden charges and on quarterly basis use to pay amount of rs700 i need to maintain a minimum balance of 900 rupees if not charges are high i am using net banking and it is user friendly to access,55,Satisfied
MANJUNATH,2019-12-29,Chennai,Unknown,5.0,"""Good account""",I am having a salary account with Bank Of India for the past 10 years. Need to maintain a minimum balance of 1000 rupees. If not maintain charges are applicable which is nominal.  There is some hidden charges are avail on quarterly  basis of 200 rupees. I am using net banking and ATM charges are applicable.,https://static.bankbazaar.com/images/common/bank-logo/ALL_BANKS.png,Blown Away!,2,i am having a salary account with bank of india for the past 10 years need to maintain a minimum balance of 1000 rupees if not maintain charges are applicable which is nominal there is some hidden charges are avail on quarterly basis of 200 rupees i am using net banking and atm charges are applicable,56,Satisfied
A S K,2019-12-29,Chennai,Axis Bank,5.0,"""Perfect banking""","1 year before, took the savings account from Axis bank. It was deposit account its because of the credit card purpose chosen this bank. I need to maintain a minimum balance of Rs. 10000 if I'm not maintaining the same, they will charge upto Rs. 600 every month. I am not using the online banking but mobile app is easy to use. There is an extra charges for the fund transfer.",https://static.bankbazaar.com/images/common/bank-logo/axis.png,Blown Away!,0,1 year before took the savings account from axis bank it was deposit account its because of the credit card purpose chosen this bank i need to maintain a minimum balance of rs 10000 if im not maintaining the same they will charge upto rs 600 every month i am not using the online banking but mobile app is easy to use there is an extra charges for the fund transfer,71,Satisfied
S K,2019-12-29,Chennai,SBI,5.0,"""Good Account""",I have a savings account from SBI and my salary is getting credited into the same account now. I opened the account 5 years before since the branch is nearby my home. The service is good in their branch. Its a zero balance account. I can withdraw upto Rs. 20000 from the ATM per day.,https://static.bankbazaar.com/images/common/bank-logo/sbi-4.png,Blown Away!,0,i have a savings account from sbi and my salary is getting credited into the same account now i opened the account 5 years before since the branch is nearby my home the service is good in their branch its a zero balance account i can withdraw upto rs 20000 from the atm per day,55,Satisfied
ABDUL MAJITH,2019-12-29,Bangalore,Unknown,4.0,"""Just okay""","I am doing all my transaction through this FEDERAL Bank. Its been 6 years , salary come savings account. There is requirement to maintain a  minimum balance but after changing salary account, no need to maintain minimum balance. Customer service and response was okay.",https://static.bankbazaar.com/images/common/bank-logo/ALL_BANKS.png,Great!,3,i am doing all my transaction through this federal bank its been 6 years salary come savings account there is requirement to maintain a minimum balance but after changing salary account no need to maintain minimum balance customer service and response was okay,43,Satisfied
HATHINISHA,2019-12-29,Bangalore,IndusInd Bank,5.0,"""Superior bank""",I am holding savings account with INDUSIND for more than 11 years. I am using net banking and it is user friendly to access. I use to get offers message from bank end. Need to maintain a minimum balance of Rs.1 lakhs. Customer service and responsiveness was good.,https://static.bankbazaar.com/images/common/bank-logo/indusind.png,Blown Away!,2,i am holding savings account with indusind for more than 11 years i am using net banking and it is user friendly to access i use to get offers message from bank end need to maintain a minimum balance of rs1 lakhs customer service and responsiveness was good,48,Satisfied
A V K,2019-12-29,Bangalore,Unknown,2.0,"""Need to improve the services""","Syndicate bank service is not good because their service is very slow. If i go to the bank to withdraw the cash, it will take almost 1 hour. In my native, branch is located nearby so that i have chosen this bank. I need to maintain a minimum balance of Rs. 1000. I have not activated the Internet banking and mobile app.",https://static.bankbazaar.com/images/common/bank-logo/ALL_BANKS.png,Expected more,0,syndicate bank service is not good because their service is very slow if i go to the bank to withdraw the cash it will take almost 1 hour in my native branch is located nearby so that i have chosen this bank i need to maintain a minimum balance of rs 1000 i have not activated the internet banking and mobile app,62,Dissatisfied
A V K,2019-12-29,Bangalore,Unknown,4.5,"""Excellent banking service""",I have been using the Karur Vysya bank salary account since 2011. I am maintaining a minimum balance of Rs. 10000.  I am using their net banking facility and its comfortable to use but i have not tried their mobile app. Response is good in their branch and the staffs are very kind and helpful.,https://static.bankbazaar.com/images/common/bank-logo/ALL_BANKS.png,Excellent!,0,i have been using the karur vysya bank salary account since 2011 i am maintaining a minimum balance of rs 10000 i am using their net banking facility and its comfortable to use but i have not tried their mobile app response is good in their branch and the staffs are very kind and helpful,55,Satisfied
DEY,2019-12-29,Kolkata,HDFC Bank,1.0,"""Headache account""","Even though I'm a corporate account holder with HDFC bank, there is no use because I didn't get any single benefits from this bank even though I'm associated with the bank from 2014. Still the account is active but i am not doing any transactions.  Whenever i call to the customer care, the response is not good from the executive.",https://static.bankbazaar.com/images/common/bank-logo/hdfc.png,Really Bad,0,even though im a corporate account holder with hdfc bank there is no use because i didnt get any single benefits from this bank even though im associated with the bank from 2014 still the account is active but i am not doing any transactions whenever i call to the customer care the response is not good from the executive,60,Dissatisfied
DEY,2019-12-29,Kolkata,Axis Bank,4.5,"""Easy to access""","By the end of 2017, i have opened the salary account with Axis bank. Its easy to opened the account since i have completed everything through online. I applied the cheque book separately and there is no charges for that and they have sent me a debit card in 4 days. Its a zero balance account. Their Internet banking and mobile app is really good.",https://static.bankbazaar.com/images/common/bank-logo/axis.png,Excellent!,0,by the end of 2017 i have opened the salary account with axis bank its easy to opened the account since i have completed everything through online i applied the cheque book separately and there is no charges for that and they have sent me a debit card in 4 days its a zero balance account their internet banking and mobile app is really good,65,Satisfied
S K D,2019-12-29,Kolkata,SBI,2.0,"""Good Account for senior citizen""",I am not happy with the services provided by State Bank of India because they are charging me a lots of hidden charges that i don't like due to this i have closed the account 2 years ago. I was holding the account for 3 years and previously it was a student account when i opened it after that it has converted into normal savings account with the minimum balance amount of Rs. 5000.,https://static.bankbazaar.com/images/common/bank-logo/sbi-4.png,Expected more,1,i am not happy with the services provided by state bank of india because they are charging me a lots of hidden charges that i dont like due to this i have closed the account 2 years ago i was holding the account for 3 years and previously it was a student account when i opened it after that it has converted into normal savings account with the minimum balance amount of rs 5000,74,Dissatisfied
TAL,2019-12-28,Hyderabad,SBI,4.0,"""Good Service""",I am holding a saving account  with SBI for more than 4 years. There is no hidden charges in this bank. It is a  zero balance account. I am using net banking and it is user friendly to access. I use to get an alert messages from bank whenever I do a transactions. ATMs and branches are far away to reach them directly. No atm charges are avail.,https://static.bankbazaar.com/images/common/bank-logo/sbi-4.png,Great!,0,i am holding a saving account with sbi for more than 4 years there is no hidden charges in this bank it is a zero balance account i am using net banking and it is user friendly to access i use to get an alert messages from bank whenever i do a transactions atms and branches are far away to reach them directly no atm charges are avail,68,Satisfied
KRISHNA,2019-12-28,Hyderabad,Kotak,4.0,"""Need to provide more atms and branches""",I am holding a salary account with KOTAK Bank for the past 11 months. Since it is salary account no need to maintain a minimum balance account.ATM and branches are far away to reach them. I am using only net banking and it is user friendly to access. If I use this card for shopping I use to get some vouchers.,https://static.bankbazaar.com/images/common/bank-logo/kotak.png,Great!,0,i am holding a salary account with kotak bank for the past 11 months since it is salary account no need to maintain a minimum balance accountatm and branches are far away to reach them i am using only net banking and it is user friendly to access if i use this card for shopping i use to get some vouchers,61,Satisfied
NATH,2019-12-28,Hyderabad,Axis Bank,5.0,"""Good Saving Account""",I have opened a saving account with AXIS bank on 6 years before. So I need to maintain a minimum balance amount of 5K. There is no any hidden charges. ATM and branches are near to reach them directly.  I am using mobile app and net banking both are user friendly.,https://static.bankbazaar.com/images/common/bank-logo/axis.png,Blown Away!,0,i have opened a saving account with axis bank on 6 years before so i need to maintain a minimum balance amount of 5k there is no any hidden charges atm and branches are near to reach them directly i am using mobile app and net banking both are user friendly,51,Satisfied
KUMAR,2019-12-28,Chennai,Axis Bank,5.0,"""Good account """,I am holding a salary account  with AXIS bank for more than 5 years. No need to maintain a minimum balance account  and there is no any hidden charges. I am using mobile app and net banking both are user friendly to access. So far I have not faced any ATM charges .,https://static.bankbazaar.com/images/common/bank-logo/axis.png,Blown Away!,0,i am holding a salary account with axis bank for more than 5 years no need to maintain a minimum balance account and there is no any hidden charges i am using mobile app and net banking both are user friendly to access so far i have not faced any atm charges,52,Satisfied
GARAD,2019-12-28,Hyderabad,Kotak,4.0,"""Good one""",Chosen my savings account from Kotak mahindra bank because there is no charges for maintaining the account. They have not charged me anything yet. I have done only less number of transaction from this account  usually i used to withdraw the money. Kotak was my earlier company salary account which i left now.,https://static.bankbazaar.com/images/common/bank-logo/kotak.png,Great!,0,chosen my savings account from kotak mahindra bank because there is no charges for maintaining the account they have not charged me anything yet i have done only less number of transaction from this account usually i used to withdraw the money kotak was my earlier company salary account which i left now,53,Satisfied
GARAD,2019-12-28,Hyderabad,Citibank,4.0,"""Good Account""","Almost an year, i am holding the salary account from CITI bank and I'm not aware of the debit card offers. Since i don't face any issue there is no requirement of contacting the customer care. Its a zero fee maintenance account. I never visited the branch. We have an ATM machine in our building but outside ATMs are not available that much.",https://static.bankbazaar.com/images/common/bank-logo/citibank.png,Great!,0,almost an year i am holding the salary account from citi bank and im not aware of the debit card offers since i dont face any issue there is no requirement of contacting the customer care its a zero fee maintenance account i never visited the branch we have an atm machine in our building but outside atms are not available that much,63,Satisfied
ANONYMOUS,2019-12-28,Bangalore,Canara Bank,5.0,"""Can improve the speed of server""","In Canara bank, hidden charges are there and their net banking is always slow because the server won't work most of the times. They are deducting some amount for transactions. Its been more than 5years with this savings account. When i opened the account, this is the only bank who offered zero balance maintenance so that i have selected this bank. Its easy to understand the mobile app but user interface is very slow.",https://static.bankbazaar.com/images/common/bank-logo/canara-bank.png,Blown Away!,2,in canara bank hidden charges are there and their net banking is always slow because the server wont work most of the times they are deducting some amount for transactions its been more than 5years with this savings account when i opened the account this is the only bank who offered zero balance maintenance so that i have selected this bank its easy to understand the mobile app but user interface is very slow,74,Satisfied
ANONYMOUS,2019-12-28,Bangalore,HDFC Bank,5.0,"""Good bank for salary account""","In HDFC bank, they are providing so many benefits regarding the salary account like personal loan, two wheeler loan. Their net banking facility is so fast when i compared to other bank. Mobile app also working fine.  They are not deducting any kind of hidden charges and they are not giving any offers for debit cards. For past 3 years, i have been using this account.",https://static.bankbazaar.com/images/common/bank-logo/hdfc.png,Blown Away!,0,in hdfc bank they are providing so many benefits regarding the salary account like personal loan two wheeler loan their net banking facility is so fast when i compared to other bank mobile app also working fine they are not deducting any kind of hidden charges and they are not giving any offers for debit cards for past 3 years i have been using this account,66,Satisfied
S,2019-12-28,Mumbai,Unknown,5.0,"""Best bank""",I am not doing all my transactions through Bank of India. Its been 7years with this savings account. There is no requirement for minimum balance also hold a visa debit card and there is no annual charges. This is a domestic debit card which I can use only in India.,https://static.bankbazaar.com/images/common/bank-logo/ALL_BANKS.png,Blown Away!,6,i am not doing all my transactions through bank of india its been 7years with this savings account there is no requirement for minimum balance also hold a visa debit card and there is no annual charges this is a domestic debit card which i can use only in india,50,Satisfied
DHA,2019-12-28,Chennai,SBI,2.0,"""Need to decrease charge""","I am holding a saving account with SBI for more than 2 years. Need to maintain a minimum balance of 5K. There is some  hidden charges which is high when compare to other bank. I am yet to use their mobile app. I use to get an alert message on time whenever I do a transaction. ATM charges are applicable, if I do a transaction more than 4 times in a month.",https://static.bankbazaar.com/images/common/bank-logo/sbi-4.png,Expected more,0,i am holding a saving account with sbi for more than 2 years need to maintain a minimum balance of 5k there is some hidden charges which is high when compare to other bank i am yet to use their mobile app i use to get an alert message on time whenever i do a transaction atm charges are applicable if i do a transaction more than 4 times in a month,72,Dissatisfied
DHA,2019-12-28,Chennai,Axis Bank,5.0,"""Good ""","AXIS Bank is doing a good service. I have been holding a saving account for 5 years. First my branch was at Veppery, there I need to maintain a minimum balance of 10K which was high due to this reason I have changed my branch to nearby place with a minimum balance of 2,500 rupees which am okay. Their net banking is user friendly to access. There is some consolidated charges plus GST.",https://static.bankbazaar.com/images/common/bank-logo/axis.png,Blown Away!,0,axis bank is doing a good service i have been holding a saving account for 5 years first my branch was at veppery there i need to maintain a minimum balance of 10k which was high due to this reason i have changed my branch to nearby place with a minimum balance of 2500 rupees which am okay their net banking is user friendly to access there is some consolidated charges plus gst,73,Satisfied
ANONYMOUS,2019-12-27,Chennai,Unknown,3.0,"""Opening the account its very ease""","I have opened the savings account from State bank of Mysore on 10 years ago. When I was transferring the money to other account, its not getting transferred to the concern person hence net banking got locked.  Bank people were responded very nicely. Its because of the non usage, the account got automatically blocked.",https://static.bankbazaar.com/images/common/bank-logo/ALL_BANKS.png,Satisfactory,0,i have opened the savings account from state bank of mysore on 10 years ago when i was transferring the money to other account its not getting transferred to the concern person hence net banking got locked bank people were responded very nicely its because of the non usage the account got automatically blocked,54,Average
RAMESH,2019-12-27,Bangalore,Unknown,5.0,"""Good Service""",I am holding a salary account with ANDHRA BANK for past 2 years. Need to maintain a minimum balance of 1K. There is no hidden charges in this account. I am using net banking and mobile app both are user friendly to access. There is ATM charges are applicable if I do transactions more than 5 times in a month.,https://static.bankbazaar.com/images/common/bank-logo/ALL_BANKS.png,Blown Away!,1,i am holding a salary account with andhra bank for past 2 years need to maintain a minimum balance of 1k there is no hidden charges in this account i am using net banking and mobile app both are user friendly to access there is atm charges are applicable if i do transactions more than 5 times in a month,60,Satisfied
VINOD,2019-12-27,Bangalore,Unknown,5.0,"""Good Service""",I am holding a saving account with UNION BANK OF INDIA. It is a minimum balance to maintain of 500 rupees. There is no any charges are applicable. I am using mobile app and net banking both are user friendly to access. ATM charges are applicable of 25 rupees if I use more than 5 times in a month.,https://static.bankbazaar.com/images/common/bank-logo/ALL_BANKS.png,Blown Away!,1,i am holding a saving account with union bank of india it is a minimum balance to maintain of 500 rupees there is no any charges are applicable i am using mobile app and net banking both are user friendly to access atm charges are applicable of 25 rupees if i use more than 5 times in a month,59,Satisfied
G J,2019-12-27,Bangalore,Kotak,4.0,"""Good Account""",My friend has suggested me to open a savings account from Kotak Mahindra bank. I need to maintain a minimum balance of Rs. 10000. I went to the bank to open this account and they have provided me a debit card immediately. Bank account is safe and secure.,https://static.bankbazaar.com/images/common/bank-logo/kotak.png,Great!,0,my friend has suggested me to open a savings account from kotak mahindra bank i need to maintain a minimum balance of rs 10000 i went to the bank to open this account and they have provided me a debit card immediately bank account is safe and secure,48,Satisfied
MOHAMED,2019-12-27,Bangalore,SBI,4.0,"""Good Service """,I am holding salary account with SBI more than 7 years. It is a zero balance account. I never had any hidden charges. I use to get alert message on time from this bank regarding transaction. Mobile app and net banking both are user friendly to access. ATM charges are applicable.,https://static.bankbazaar.com/images/common/bank-logo/sbi-4.png,Great!,0,i am holding salary account with sbi more than 7 years it is a zero balance account i never had any hidden charges i use to get alert message on time from this bank regarding transaction mobile app and net banking both are user friendly to access atm charges are applicable,51,Satisfied
MOHAN,2019-12-27,Chennai,SBI,4.0,"""Many ATMs in SBI""",Opened my savings account from State bank of India and i have been using this account for more than 3 years. They have more number of ATMs available all over the city and its a good nationalized bank so that i have chosen this bank. Its easy to deposit the cash through their machines when other bank does not have this many cash deposit machines.,https://static.bankbazaar.com/images/common/bank-logo/sbi-4.png,Great!,0,opened my savings account from state bank of india and i have been using this account for more than 3 years they have more number of atms available all over the city and its a good nationalized bank so that i have chosen this bank its easy to deposit the cash through their machines when other bank does not have this many cash deposit machines,65,Satisfied
RAJ,2019-12-27,Chennai,HDFC Bank,4.0,"""Useful bank""",Its been more than 3 years since i hold the salary account from HDFC. They are not deducting any kind of hidden charges. There is no additional charges for IMPS and RTGS charges but they will charge according mentioned on their website. The website is easy to access. Its a zero balance account to use. I usually don't call the customer care people.,https://static.bankbazaar.com/images/common/bank-logo/hdfc.png,Great!,0,its been more than 3 years since i hold the salary account from hdfc they are not deducting any kind of hidden charges there is no additional charges for imps and rtgs charges but they will charge according mentioned on their website the website is easy to access its a zero balance account to use i usually dont call the customer care people,63,Satisfied
HARA,2019-12-27,Kolkata,Axis Bank,5.0,"""Good """,I am holding a salary account with AXIS Bank more than 4 years. No need to maintain a minimum balance amount. I have not received any alert message yet whenever I do a transaction. Their service is good.  Each and every transaction is safe and secured.,https://static.bankbazaar.com/images/common/bank-logo/axis.png,Blown Away!,0,i am holding a salary account with axis bank more than 4 years no need to maintain a minimum balance amount i have not received any alert message yet whenever i do a transaction their service is good each and every transaction is safe and secured,46,Satisfied
YADU,2019-12-27,Chennai,Unknown,4.0,"""Best savings account""",I am using Karur Vysya  Savings account for the past 3 years.Their net banking service as well as mobile banking services are very much comfortable and it is used for money transfer only.There was no difficulties faced so far on using this account .This service was quite average according to me and it is a zero balance account.,https://static.bankbazaar.com/images/common/bank-logo/ALL_BANKS.png,Great!,0,i am using karur vysya savings account for the past 3 yearstheir net banking service as well as mobile banking services are very much comfortable and it is used for money transfer onlythere was no difficulties faced so far on using this account this service was quite average according to me and it is a zero balance account,58,Satisfied
Y. G,2019-12-27,Chennai,Kotak,3.0,"""Best savings account""","I am using  savings account with  KOTAK which have opened before 1.5 month and their branch is available near to my home hence i have chosen this bank. I am not using online service , mobile application in this bank. It is a zero balance account which am happy.",https://static.bankbazaar.com/images/common/bank-logo/kotak.png,Satisfactory,0,i am using savings account with kotak which have opened before 15 month and their branch is available near to my home hence i have chosen this bank i am not using online service mobile application in this bank it is a zero balance account which am happy,48,Average
MOORTHY,2019-12-27,Chennai,HDFC Bank,5.0,"""Excellent service ""","I am holding salary account with HDFC Bank for more than 10 years. It is a zero balance account with no hidden charges. I use to get alert message on time whenever I do a transaction. ATM is near but branches are far of 10-15 km away from my place. ATM charges are applicable, if I do a transaction more than 5-6 times in a month. I use to get offers messages from bank.",https://static.bankbazaar.com/images/common/bank-logo/hdfc.png,Blown Away!,0,i am holding salary account with hdfc bank for more than 10 years it is a zero balance account with no hidden charges i use to get alert message on time whenever i do a transaction atm is near but branches are far of 1015 km away from my place atm charges are applicable if i do a transaction more than 56 times in a month i use to get offers messages from bank,74,Satisfied
ANONYMOUS,2019-12-27,Hyderabad,HDFC Bank,5.0,"""Excellent Service""","HDFC banking service is excellent. Its a zero balance account. I have used the savings account for more than 8 years when i moved to different city, i closed this account. Their user interface is very nice. The bank transaction and online banking everything was smooth. They are treating the customer very nicely. When I am going to the branch, they are giving a proper information.",https://static.bankbazaar.com/images/common/bank-logo/hdfc.png,Blown Away!,1,hdfc banking service is excellent its a zero balance account i have used the savings account for more than 8 years when i moved to different city i closed this account their user interface is very nice the bank transaction and online banking everything was smooth they are treating the customer very nicely when i am going to the branch they are giving a proper information,66,Satisfied
ANONYMOUS,2019-12-27,Hyderabad,Unknown,3.0,"""Overall, Good banking experience""","In Karnataka bank, the service is good because whenever I'm calling the manager, he used to give a proper information. If they didn't pick the call also, they will give call back to the customer. Sometimes, i face a issue while transferring the money like server issue. The branch is very near to my home, if i got any problem i directly go to the branch.",https://static.bankbazaar.com/images/common/bank-logo/ALL_BANKS.png,Satisfactory,1,in karnataka bank the service is good because whenever im calling the manager he used to give a proper information if they didnt pick the call also they will give call back to the customer sometimes i face a issue while transferring the money like server issue the branch is very near to my home if i got any problem i directly go to the branch,66,Average
WASIM,2019-12-26,Kolkata,Axis Bank,5.0,"""Very Good Service""",I have Axis Bank saving account for the past 5 to 6 years .I am using net banking service as well as mobile banking service both are used for money transfer and also to track the transaction details .If contact customer service for any query will get quick response and  i am comfortable with  banking service.,https://static.bankbazaar.com/images/common/bank-logo/axis.png,Blown Away!,0,i have axis bank saving account for the past 5 to 6 years i am using net banking service as well as mobile banking service both are used for money transfer and also to track the transaction details if contact customer service for any query will get quick response and i am comfortable with banking service,56,Satisfied
ANONYMOUS,2019-12-26,Chennai,SBI,5.0,"""Need to improve the branch service""","I need to get the token for investing the money in SBI and the staffs are very low in working. If i deposit the money through their machine, they are charging Rs. 25 for every deposit. Even though its a Central Government based bank, they need to improve the services. In the branch, the staffs are arrogant due to this, I'm not visiting the branch nowadays. I asked them to opened the zero balance account but they asked me to maintain  Rs. 500 from this account.",https://static.bankbazaar.com/images/common/bank-logo/sbi-4.png,Blown Away!,0,i need to get the token for investing the money in sbi and the staffs are very low in working if i deposit the money through their machine they are charging rs 25 for every deposit even though its a central government based bank they need to improve the services in the branch the staffs are arrogant due to this im not visiting the branch nowadays i asked them to opened the zero balance account but they asked me to maintain rs 500 from this account,86,Satisfied
ANONYMOUS,2019-12-26,Chennai,Kotak,5.0,"""Good Savings account""","I opened my savings account from Kotak Mahindra bank earlier i faced lots of problem to get the ATM card. They said i can use the virtual debit card facility. For providing the physical debit card, they have asked me some service charges like Rs. 350. They have given me a offer like if i open the account and hold the balance of Rs. 35000, they will provide the credit card.",https://static.bankbazaar.com/images/common/bank-logo/kotak.png,Blown Away!,0,i opened my savings account from kotak mahindra bank earlier i faced lots of problem to get the atm card they said i can use the virtual debit card facility for providing the physical debit card they have asked me some service charges like rs 350 they have given me a offer like if i open the account and hold the balance of rs 35000 they will provide the credit card,71,Satisfied
P K,2019-12-26,Chennai,HDFC Bank,5.0,"""Good banking services""","HDFC service is good and the branch is located nearby and if i visited the branch for any kind of issue, they will rectify immediately. The process is very fast. They are not taking any charges for any deposits. I opened the account in the year of 2012 but i was doing transaction from the year of 2015. It was a zero balance account.",https://static.bankbazaar.com/images/common/bank-logo/hdfc.png,Blown Away!,0,hdfc service is good and the branch is located nearby and if i visited the branch for any kind of issue they will rectify immediately the process is very fast they are not taking any charges for any deposits i opened the account in the year of 2012 but i was doing transaction from the year of 2015 it was a zero balance account,64,Satisfied
BINOSMAN,2019-12-26,Hyderabad,SBI,5.0,"""Good Service""","I have State Bank Of India Salary account for the past 9years .There are message alert for each transaction ,service is very good and not yet contacted customer service so far.Banking service is also good and there was no difficulties faced so far .I am satisfied with the overall service .",https://static.bankbazaar.com/images/common/bank-logo/sbi-4.png,Blown Away!,0,i have state bank of india salary account for the past 9years there are message alert for each transaction service is very good and not yet contacted customer service so farbanking service is also good and there was no difficulties faced so far i am satisfied with the overall service,50,Satisfied
MUKESH,2019-12-26,Jaipur,SBI,4.0,"""Bank need to improve their services""","From the time, SBI was offering a zero balance account so i have opened this account. There is no need of maintaining any minimum balance. I never faced any problem from this bank. I have visited their branch in my home town and the response also good but the waiting time is high which can be improved.",https://static.bankbazaar.com/images/common/bank-logo/sbi-4.png,Great!,1,from the time sbi was offering a zero balance account so i have opened this account there is no need of maintaining any minimum balance i never faced any problem from this bank i have visited their branch in my home town and the response also good but the waiting time is high which can be improved,57,Satisfied
N,2019-12-24,Bangalore,HDFC Bank,4.5,"""Very good""",I have HDFC saving account for the past  8- 10 years. .I am using net banking service as well as mobile banking service both are used for money transfer and user friendly .Customer service is also very good and if need to track any transaction can be taken though online. This is a salary comes salary savings account no need to maintain minimum balance.,https://static.bankbazaar.com/images/common/bank-logo/hdfc.png,Excellent!,0,i have hdfc saving account for the past 8 10 years i am using net banking service as well as mobile banking service both are used for money transfer and user friendly customer service is also very good and if need to track any transaction can be taken though online this is a salary comes salary savings account no need to maintain minimum balance,64,Satisfied
N S,2019-12-24,Bangalore,SBI,4.0,"""Good""","SBI is charging for card maintenance and sms. I don't get any benefits from SBI and it is  not a  zero balance, am maintaining Rs. 5k. In branch, employees are responding  very good. Last time i went to their branch to apply the debit card manually which can be done online. In case of PPF and savings only i use to call customer service.",https://static.bankbazaar.com/images/common/bank-logo/sbi-4.png,Great!,0,sbi is charging for card maintenance and sms i dont get any benefits from sbi and it is not a zero balance am maintaining rs 5k in branch employees are responding very good last time i went to their branch to apply the debit card manually which can be done online in case of ppf and savings only i use to call customer service,64,Satisfied
APPAY,2019-12-24,Chennai,Unknown,3.0,"""Good """,I am holding a savings account  with KARUR VYSYA BANK  for more than 3 years. There is no hidden charges in this bank. Need to maintain a minimum balance of 1K. I am using mobile app and net banking both are user friendly to access. ATMs and branches are bit far away from my place.,https://static.bankbazaar.com/images/common/bank-logo/ALL_BANKS.png,Satisfactory,0,i am holding a savings account with karur vysya bank for more than 3 years there is no hidden charges in this bank need to maintain a minimum balance of 1k i am using mobile app and net banking both are user friendly to access atms and branches are bit far away from my place,55,Average
AP,2019-12-24,Chennai,SBI,2.0,"""Need to decrease charge ""","I am having a saving account with SBI for more than 10 years. This was my first account, so I agreed to maintain a minimum balance of 3K but now it is complicated because if I not maintain the amount,  on monthly basis charges are applicable and it is high.  There is no any hidden charges.",https://static.bankbazaar.com/images/common/bank-logo/sbi-4.png,Expected more,0,i am having a saving account with sbi for more than 10 years this was my first account so i agreed to maintain a minimum balance of 3k but now it is complicated because if i not maintain the amount on monthly basis charges are applicable and it is high there is no any hidden charges,56,Dissatisfied
RA,2019-12-24,Chennai,Unknown,5.0,"""Good """,I am holding a saving account  with  INDIAN OVERSEAS BANK  for more than 3 years. There is no hidden charges. It is a  minimum balance account to maintain of 1000 rupees. I am using mobile app and net banking both are user friendly to access. It is useful for money transfer and secure for each transaction.,https://static.bankbazaar.com/images/common/bank-logo/ALL_BANKS.png,Blown Away!,0,i am holding a saving account with indian overseas bank for more than 3 years there is no hidden charges it is a minimum balance account to maintain of 1000 rupees i am using mobile app and net banking both are user friendly to access it is useful for money transfer and secure for each transaction,56,Satisfied
RAVI,2019-12-24,Chennai,Unknown,5.0,"""Good """,For the past 4 years I am holding a saving account with CITY UNION Bank. Their service is good. It is a zero balance account. Mobile app and net banking services are good. ATM charges are applicable if I done a transaction more than 5 times in a month.,https://static.bankbazaar.com/images/common/bank-logo/ALL_BANKS.png,Blown Away!,1,for the past 4 years i am holding a saving account with city union bank their service is good it is a zero balance account mobile app and net banking services are good atm charges are applicable if i done a transaction more than 5 times in a month,49,Satisfied
R V,2019-12-24,Hyderabad,SBI,3.0,"""Operations team and customer care need to be improved""","I don't get any benefits from SBI but this is a zero balance maintenance account. In branch, no employees are not responding properly. Last time i went to their branch to apply the debit card manually. Even though less number of customers in the bank, they took 3 hours to provide the debit card. Whenever i call the call centre people not giving prompt response.",https://static.bankbazaar.com/images/common/bank-logo/sbi-4.png,Satisfactory,1,i dont get any benefits from sbi but this is a zero balance maintenance account in branch no employees are not responding properly last time i went to their branch to apply the debit card manually even though less number of customers in the bank they took 3 hours to provide the debit card whenever i call the call centre people not giving prompt response,65,Average
R V,2019-12-24,Hyderabad,Kotak,5.0,"""Online banking is good when i compare with others""",Kotak Mahindra bank service is good and the bank was located near to my native place so that i have chosen them and i already recommend this bank to some of my friends. I need to maintain a minimum balance of Rs. 10000 but they are not taken any hidden charges as of now. I went to the branch directly to open the account and they have completed the process very fast.,https://static.bankbazaar.com/images/common/bank-logo/kotak.png,Blown Away!,1,kotak mahindra bank service is good and the bank was located near to my native place so that i have chosen them and i already recommend this bank to some of my friends i need to maintain a minimum balance of rs 10000 but they are not taken any hidden charges as of now i went to the branch directly to open the account and they have completed the process very fast,72,Satisfied
VEDULLAPALLI,2019-12-24,Hyderabad,Unknown,5.0,"""World's best bank""","Last 1 year, i have my salary account from Digi and its a basic account hence i don't get any benefits from this account. There is no minimum balance required. Internet banking facility is really good. Branch response was good but only one branch is available in the entire city.",https://static.bankbazaar.com/images/common/bank-logo/ALL_BANKS.png,Blown Away!,1,last 1 year i have my salary account from digi and its a basic account hence i dont get any benefits from this account there is no minimum balance required internet banking facility is really good branch response was good but only one branch is available in the entire city,50,Satisfied
SAN,2019-12-24,Hyderabad,IDBI,3.5,"""Good""",I am holding a joint savings account with IDBI Bank. I have been using more than 2 years. It is a zero balance account. There are some charges applicable of monthly 200 rupees. If I do a  transaction of 3 to 4K only  I get alert message from bank end.,https://static.bankbazaar.com/images/common/bank-logo/idbi.png,Pretty good,1,i am holding a joint savings account with idbi bank i have been using more than 2 years it is a zero balance account there are some charges applicable of monthly 200 rupees if i do a transaction of 3 to 4k only i get alert message from bank end,50,Dissatisfied
M  REDDY,2019-12-24,Hyderabad,HDFC Bank,5.0,"""Excellent Service""",I am holding a salary account  with  HDFC bank  for more than 6 months. There is no hidden charges in this bank and no need to maintain a minimum balance account. I am not using mobile app yet. I use to get an alert messages from bank whenever I do a transactions. Their service is good.,https://static.bankbazaar.com/images/common/bank-logo/hdfc.png,Blown Away!,1,i am holding a salary account with hdfc bank for more than 6 months there is no hidden charges in this bank and no need to maintain a minimum balance account i am not using mobile app yet i use to get an alert messages from bank whenever i do a transactions their service is good,56,Satisfied
A  YADAV,2019-12-23,Ghaziabad,HDFC Bank,5.0,"""Good Service""",I have HDFC Bank Saving account for more than 3 years only.I am using net banking service as well as mobile banking service both are used for money transfer and credit card bill payment .According to me both the service was quite user friendly Each transaction will be safe and secure always.,https://static.bankbazaar.com/images/common/bank-logo/hdfc.png,Blown Away!,1,i have hdfc bank saving account for more than 3 years onlyi am using net banking service as well as mobile banking service both are used for money transfer and credit card bill payment according to me both the service was quite user friendly each transaction will be safe and secure always,52,Satisfied
S KUMAR,2019-12-23,Bangalore,SBI,5.0,"""User Friendly""","I have SBI Salary account for the past 7 years .I am using net banking service as well as mobile banking service it s mostly  for money transfer ,shopping as well as recharge.Customer service is also good if contact for any assitance  .Each and every transaction is safe and secure .",https://static.bankbazaar.com/images/common/bank-logo/sbi-4.png,Blown Away!,0,i have sbi salary account for the past 7 years i am using net banking service as well as mobile banking service it s mostly for money transfer shopping as well as rechargecustomer service is also good if contact for any assitance each and every transaction is safe and secure,50,Satisfied
SANDY,2019-12-23,Chennai,HDFC Bank,5.0,"""Good Account""","Earlier i had a salary account with HDFC once i left the company, it has converted into savings account hence i need to hold a minimum amount of Rs. 5000. I never visited their branch so far. I could find the ATMs in all the locations. Overall, I'm happy about the services.",https://static.bankbazaar.com/images/common/bank-logo/hdfc.png,Blown Away!,0,earlier i had a salary account with hdfc once i left the company it has converted into savings account hence i need to hold a minimum amount of rs 5000 i never visited their branch so far i could find the atms in all the locations overall im happy about the services,52,Satisfied
SANDY,2019-12-23,Chennai,Unknown,5.0,"""Very Good Bank""",My current salary account is in Standard chartered bank and i'm using this account for past 1 year. There is no need of maintaining any minimum balance. Its good to use the mobile app and net banking. There is no branch available in my location and overall only one branch is there in my city which is difficult.,https://static.bankbazaar.com/images/common/bank-logo/ALL_BANKS.png,Blown Away!,2,my current salary account is in standard chartered bank and im using this account for past 1 year there is no need of maintaining any minimum balance its good to use the mobile app and net banking there is no branch available in my location and overall only one branch is there in my city which is difficult,58,Satisfied
LAXMAN,2019-12-23,New delhi,HDFC Bank,5.0,"""Excellent Service""",I have HDFC Bank saving account for the past 3 years .I am using net banking service as well as mobile banking service both are used for money transfer  and also for recharge .Customer service is also very good and if need to track any transaction can  be taken though online .,https://static.bankbazaar.com/images/common/bank-logo/hdfc.png,Blown Away!,0,i have hdfc bank saving account for the past 3 years i am using net banking service as well as mobile banking service both are used for money transfer and also for recharge customer service is also very good and if need to track any transaction can be taken though online,51,Satisfied
ANONYMOUS,2019-12-23,Coimbatore,Kotak,5.0,"""The bank which try to estabilish in the market""",Recently i have opened the 811 savings account from Kotak Mahindra bank. The follow up was good and its a zero balance account. They said i can give a call once i receive a alert message from them regarding the new account. They are giving proper intimation to the customer. They are handling all the customers very well.,https://static.bankbazaar.com/images/common/bank-logo/kotak.png,Blown Away!,2,recently i have opened the 811 savings account from kotak mahindra bank the follow up was good and its a zero balance account they said i can give a call once i receive a alert message from them regarding the new account they are giving proper intimation to the customer they are handling all the customers very well,58,Satisfied
ABABU,2019-12-23,Hyderabad,SBI,5.0,"""Excellent Service""","I have SBI Salary account which  i am using for the past 7 years. I am using net banking service as well as mobile banking service . Its good for money transfer ,credit card bill payment and recharge  through the app and am much comfortable .I can track all the transaction through online whenever required.",https://static.bankbazaar.com/images/common/bank-logo/sbi-4.png,Blown Away!,0,i have sbi salary account which i am using for the past 7 years i am using net banking service as well as mobile banking service its good for money transfer credit card bill payment and recharge through the app and am much comfortable i can track all the transaction through online whenever required,54,Satisfied
D,2019-12-23,Coimbatore,SBI,5.0,"""Best service""",I have SBI saving account for more than 7 years .Customer service is also good and if contact for any query will be getting quick response .I am using net banking service as well as mobile banking service both are very user friendly .I am satisfied with the the overall service so far .,https://static.bankbazaar.com/images/common/bank-logo/sbi-4.png,Blown Away!,0,i have sbi saving account for more than 7 years customer service is also good and if contact for any query will be getting quick response i am using net banking service as well as mobile banking service both are very user friendly i am satisfied with the the overall service so far,53,Satisfied
BABU,2019-12-23,Hyderabad,SBI,5.0,"""Excellent Service""","I have State Bank of India Saving account for the past 4 years .There was no  fraudulent transaction faced so far, each transaction is safe and secured in SBI .This account is very useful and as I can track the transaction through message alert.",https://static.bankbazaar.com/images/common/bank-logo/sbi-4.png,Blown Away!,0,i have state bank of india saving account for the past 4 years there was no fraudulent transaction faced so far each transaction is safe and secured in sbi this account is very useful and as i can track the transaction through message alert,44,Satisfied
B N P,2019-12-23,Kolkata,Kotak,4.0,"""Banking service is not good""","I am holding savings account with KOTAK bank for more than 5 years. I am using net banking and it is user friendly to access. This is a zero balance account i no need to maintain minimum balance. I am not getting any alert messages, because my mobile has stolen. Customer service is average and interest charges is very much higher compare with other bank and also they charging Rs. 200 as a card charges after i complaint they reimbursed.",https://static.bankbazaar.com/images/common/bank-logo/kotak.png,Great!,0,i am holding savings account with kotak bank for more than 5 years i am using net banking and it is user friendly to access this is a zero balance account i no need to maintain minimum balance i am not getting any alert messages because my mobile has stolen customer service is average and interest charges is very much higher compare with other bank and also they charging rs 200 as a card charges after i complaint they reimbursed,80,Satisfied
VALLAP,2019-12-23,Hyderabad,SBI,4.0,"""Nice banking""","I have opened savings account from SBI and their service is nice. I have been using for past 1.5 years. Need to maintain a minimum balance of Rs. 1000. They are not taking any kind of hidden charges. Their online banking facility is really nice. Overall, I'm quite satisfied.",https://static.bankbazaar.com/images/common/bank-logo/sbi-4.png,Great!,0,i have opened savings account from sbi and their service is nice i have been using for past 15 years need to maintain a minimum balance of rs 1000 they are not taking any kind of hidden charges their online banking facility is really nice overall im quite satisfied,49,Satisfied
K  SHAIK,2019-12-22,Hyderabad,SBI,3.0,"""Average Service""",I have SBI  saving account for past 10 years . I use to get alert message for every usage. Each and every transaction will be safe and secured. There was no difficulties faced so far .Banking service is very average and so far not undergone any difficulties on using this account .,https://static.bankbazaar.com/images/common/bank-logo/sbi-4.png,Satisfactory,0,i have sbi saving account for past 10 years i use to get alert message for every usage each and every transaction will be safe and secured there was no difficulties faced so far banking service is very average and so far not undergone any difficulties on using this account,50,Average
REVATHY,2019-12-22,Chennai,Axis Bank,3.0,"""Need to decrease charges""","I am holding salary account with AXIS BANK for more than 3 years. There are many charges are applicable for this account like ATM and consolidated charge. It is zero balance account. I use to get alert message on time, but when the amount credited I wont get any message from bank. I have not contact their service yet.",https://static.bankbazaar.com/images/common/bank-logo/axis.png,Satisfactory,1,i am holding salary account with axis bank for more than 3 years there are many charges are applicable for this account like atm and consolidated charge it is zero balance account i use to get alert message on time but when the amount credited i wont get any message from bank i have not contact their service yet,59,Average
R,2019-12-22,Jaipur,Kotak,4.0,"""Good Service""","I have Kotak  Mahindra Bank  Saving account which i am using for almost 1 month only.I am using net banking service as well as mobile banking service both are used for money transfer,recharge and for credit card bill payment .Both the service was very much   comfortable .I am not visiting bank for  any query since service was good .",https://static.bankbazaar.com/images/common/bank-logo/kotak.png,Great!,0,i have kotak mahindra bank saving account which i am using for almost 1 month onlyi am using net banking service as well as mobile banking service both are used for money transferrecharge and for credit card bill payment both the service was very much comfortable i am not visiting bank for any query since service was good,58,Satisfied
R  SINGH,2019-12-22,Jaipur,Unknown,5.0,"""Excellent Service""","I have Bank Of India Saving account which i am using for more than 10 years.I am using net banking service as well as mobile banking service both are used for money transfer,recharge and for credit card bill payment .Both the service was user friendly and comfortable .I am not visiting bank  can track all details thorough online itself.",https://static.bankbazaar.com/images/common/bank-logo/ALL_BANKS.png,Blown Away!,7,i have bank of india saving account which i am using for more than 10 yearsi am using net banking service as well as mobile banking service both are used for money transferrecharge and for credit card bill payment both the service was user friendly and comfortable i am not visiting bank can track all details thorough online itself,59,Satisfied
LA,2019-12-22,Coimbatore,SBI,4.0,"""Need to decrease charges""",I am holding a saving account with SBI for past 7 years. But I am not using much often this account. Need to maintain a minimum balance amount of thousands rupees and there is no hidden charges. I am not getting much offers from this bank. I am using only net banking and is good to use.,https://static.bankbazaar.com/images/common/bank-logo/sbi-4.png,Great!,0,i am holding a saving account with sbi for past 7 years but i am not using much often this account need to maintain a minimum balance amount of thousands rupees and there is no hidden charges i am not getting much offers from this bank i am using only net banking and is good to use,57,Satisfied
RA,2019-12-22,Coimbatore,Axis Bank,5.0,"""Need to decrease interest charges""","I am holding savings account with AXIS bank for more than 4 years. I am using net banking and it is user friendly to access. I use to get offers message from bank end. Need to maintain a minimum balance of 5K, if not charges are applicable which was high in this bank. I use to get alert message on time.",https://static.bankbazaar.com/images/common/bank-logo/axis.png,Blown Away!,0,i am holding savings account with axis bank for more than 4 years i am using net banking and it is user friendly to access i use to get offers message from bank end need to maintain a minimum balance of 5k if not charges are applicable which was high in this bank i use to get alert message on time,61,Satisfied
TRA,2019-12-22,Coimbatore,IDBI,5.0,"""Good Service""","I am holding salary account with IDBI BANK for more than 5 years. Need to maintain a minimum balance of 3K not taking any charge for not maintain a balance amount. One time I faced a problem, when I try to do transaction amount was debited but not been disbursed so raised a complaint to their service within 7 days amount got refunded. ATM charges are applicable crossed more than 5 times in a month.",https://static.bankbazaar.com/images/common/bank-logo/idbi.png,Blown Away!,2,i am holding salary account with idbi bank for more than 5 years need to maintain a minimum balance of 3k not taking any charge for not maintain a balance amount one time i faced a problem when i try to do transaction amount was debited but not been disbursed so raised a complaint to their service within 7 days amount got refunded atm charges are applicable crossed more than 5 times in a month,75,Satisfied
BODDU,2019-12-22,Hyderabad,SBI,5.0,"""Satisfactory""",I have SBI saving account for more than 10 years .Customer service is also good and if contact for any query will be getting quick response .I am using net banking service as well as mobile banking service both are very user friendly .I am satisfied with the the overall service so far .,https://static.bankbazaar.com/images/common/bank-logo/sbi-4.png,Blown Away!,0,i have sbi saving account for more than 10 years customer service is also good and if contact for any query will be getting quick response i am using net banking service as well as mobile banking service both are very user friendly i am satisfied with the the overall service so far,53,Satisfied
KESHAV,2019-12-22,Navi mumbai,Unknown,4.0,"""Good Service""","I am using Bank Of India Saving account for the past 6 to 7 years.I will be getting only message alert for each and every transaction .There was no drawbacks faced by using this account . All transactions will be safe and secured ,If contact customer service for any query will get proper response.",https://static.bankbazaar.com/images/common/bank-logo/ALL_BANKS.png,Great!,5,i am using bank of india saving account for the past 6 to 7 yearsi will be getting only message alert for each and every transaction there was no drawbacks faced by using this account all transactions will be safe and secured if contact customer service for any query will get proper response,53,Satisfied
SANKET,2019-12-22,Navi mumbai,SBI,1.0,"""Average Service""",I am having SBI saving account for the past 11 years .Customer service and banking service both are average .I am not getting  proper response if contact to the customer service. I am not comfortable with the overall banking service from their end.,https://static.bankbazaar.com/images/common/bank-logo/sbi-4.png,Really Bad,2,i am having sbi saving account for the past 11 years customer service and banking service both are average i am not getting proper response if contact to the customer service i am not comfortable with the overall banking service from their end,43,Dissatisfied
AMIT,2019-12-21,Pune,Unknown,5.0,"""Best  Service""",I have Bank Of Maharashtra Salary account  from the year of 2008.This account I am having for past 11years. I am using net banking service as well as mobile banking service both are very good. I am using this  service for money transfer .Customer service was good and there was no difficulties faced so far.,https://static.bankbazaar.com/images/common/bank-logo/ALL_BANKS.png,Blown Away!,9,i have bank of maharashtra salary account from the year of 2008this account i am having for past 11years i am using net banking service as well as mobile banking service both are very good i am using this service for money transfer customer service was good and there was no difficulties faced so far,55,Satisfied
P  SAW,2019-12-21,Gurgaon,HDFC Bank,5.0,"""Good Service""",I have HDFC Bank Salary account which i am using for the past 10 years .I am using net banking service as well as mobile banking service it is used for credit card bill payment and money transfer .I have not faced any issues so far on using this account .There was no fraudulent transaction happened so far,https://static.bankbazaar.com/images/common/bank-logo/hdfc.png,Blown Away!,0,i have hdfc bank salary account which i am using for the past 10 years i am using net banking service as well as mobile banking service it is used for credit card bill payment and money transfer i have not faced any issues so far on using this account there was no fraudulent transaction happened so far,58,Satisfied
AVULA,2019-12-21,Hyderabad,HDFC Bank,5.0,"""BEST""",I have opened my salary account from HDFC BANK and i am holding this account for last 4 years. Its a zero balance account. There is no extra charges for the fund transfer facility. They are not giving any good offers for debit card. I visited uppal and hytex city branch service was good.,https://static.bankbazaar.com/images/common/bank-logo/hdfc.png,Blown Away!,0,i have opened my salary account from hdfc bank and i am holding this account for last 4 years its a zero balance account there is no extra charges for the fund transfer facility they are not giving any good offers for debit card i visited uppal and hytex city branch service was good,54,Satisfied
K,2019-12-21,Chennai,Canara Bank,4.0,"""Good bank""","I have been using the savings account from CANARA BANK for more than 14 years. At earlier i have used online banking and mobile app facility both are very good. I have visited their branch for dropping the money or general inquiry and the response was fine. Minimum balance I am maintaining Rs.1,000 so there is a no card charges.",https://static.bankbazaar.com/images/common/bank-logo/canara-bank.png,Great!,3,i have been using the savings account from canara bank for more than 14 years at earlier i have used online banking and mobile app facility both are very good i have visited their branch for dropping the money or general inquiry and the response was fine minimum balance i am maintaining rs1000 so there is a no card charges,60,Satisfied
KARTHICK  R,2019-12-21,Chennai,Kotak,5.0,"""Best savings acount""","I am holding salary account with KOTAK BANK  for more than 3 years. I am not getting any issue for account transfer and  mobile banking. This bank is always best . No need to maintain a minimum balance on this account. ATM charges are 245 rs yearly, if I exceed more than 4 transactions then charges are apply.",https://static.bankbazaar.com/images/common/bank-logo/kotak.png,Blown Away!,0,i am holding salary account with kotak bank for more than 3 years i am not getting any issue for account transfer and mobile banking this bank is always best no need to maintain a minimum balance on this account atm charges are 245 rs yearly if i exceed more than 4 transactions then charges are apply,57,Satisfied
T,2019-12-21,Hyderabad,Kotak,4.0,"""Good card""","Its been more than 1 year I am having a salary account from KOTAK BANK. Its a zero balance account because salary comes savings. Its clear to use the Internet banking and mobile app. There is no additional charges for other bank ATM withdrawals. When i visited the branch, the service was good. This is a domestic card.",https://static.bankbazaar.com/images/common/bank-logo/kotak.png,Great!,0,its been more than 1 year i am having a salary account from kotak bank its a zero balance account because salary comes savings its clear to use the internet banking and mobile app there is no additional charges for other bank atm withdrawals when i visited the branch the service was good this is a domestic card,58,Satisfied
DIVYANG J,2019-12-21,Ahmedabad,HDFC Bank,5.0,"""Best savings account""","I have opened the savings account with HDFC BANK. This is a salary cums savings account. The executive came to my office to open this account, there is no additional charges in this bank. I use the Internet banking facility. This is a domestic card there is a no charges.",https://static.bankbazaar.com/images/common/bank-logo/hdfc.png,Blown Away!,0,i have opened the savings account with hdfc bank this is a salary cums savings account the executive came to my office to open this account there is no additional charges in this bank i use the internet banking facility this is a domestic card there is a no charges,50,Satisfied
J C,2019-12-20,Bangalore,Unknown,5.0,"""Good Service""","I opened salary account from Oriental Bank of Commerce since my company is maintaining the account with them. I need to hold the minimum balance of Rs. 1000. Mobile app facility is good. In the branch, response was prompt. I could find the ATMs and branches in all the places. My debit card transactions are smooth.",https://static.bankbazaar.com/images/common/bank-logo/ALL_BANKS.png,Blown Away!,0,i opened salary account from oriental bank of commerce since my company is maintaining the account with them i need to hold the minimum balance of rs 1000 mobile app facility is good in the branch response was prompt i could find the atms and branches in all the places my debit card transactions are smooth,56,Satisfied
ANONYMOUS,2019-12-20,Bangalore,Unknown,4.0,"""Good Account""","Almost 10 years ago, opened my savings account from Corporation because its near to my home. I have not faced any troubles till now. They are giving the notification regarding the transaction through mail and mobile SMS. They have deducted debit card charges yearly once and the amount was nominal. They have provided me a debit card immediately once i opened the account.",https://static.bankbazaar.com/images/common/bank-logo/ALL_BANKS.png,Great!,0,almost 10 years ago opened my savings account from corporation because its near to my home i have not faced any troubles till now they are giving the notification regarding the transaction through mail and mobile sms they have deducted debit card charges yearly once and the amount was nominal they have provided me a debit card immediately once i opened the account,63,Satisfied
ANONYMOUS,2019-12-20,Bangalore,Unknown,3.5,"""Okay Account""",Vijaya bank account service is okay because i am not made that much transactions. I do use this account for a pension purpose. I am holding the minimum balance of Rs. 500. The mobile app facility is okay and i have not experienced of the Internet banking. I visited their branch to open this account and the response was okay. The staffs are very helpful.,https://static.bankbazaar.com/images/common/bank-logo/ALL_BANKS.png,Pretty good,0,vijaya bank account service is okay because i am not made that much transactions i do use this account for a pension purpose i am holding the minimum balance of rs 500 the mobile app facility is okay and i have not experienced of the internet banking i visited their branch to open this account and the response was okay the staffs are very helpful,65,Dissatisfied
ANONYMOUS,2019-12-20,Bangalore,Axis Bank,4.0,"""Good Account""","I have chosen the savings account from Axis bank on 6 years before. Because my friend was working in this bank, hence my previous employer salary account was automatically converted into savings account. I am maintaining the minimum balance of Rs. 10,000. I had no hassles in using this account.",https://static.bankbazaar.com/images/common/bank-logo/axis.png,Great!,0,i have chosen the savings account from axis bank on 6 years before because my friend was working in this bank hence my previous employer salary account was automatically converted into savings account i am maintaining the minimum balance of rs 10000 i had no hassles in using this account,50,Satisfied
R M,2019-12-20,Bangalore,Kotak,4.0,"""Good Account""",I am using my salary account from Kotak Mahindra bank. Their app is okay because I can find all options. Their sales executive came to my office to open this account. Its a zero balance account and I never gone to their branch so far. There is no extra charges for other ATM withdrawals.,https://static.bankbazaar.com/images/common/bank-logo/kotak.png,Great!,0,i am using my salary account from kotak mahindra bank their app is okay because i can find all options their sales executive came to my office to open this account its a zero balance account and i never gone to their branch so far there is no extra charges for other atm withdrawals,54,Satisfied
RAJU,2019-12-20,New delhi,HDFC Bank,5.0,"""Excellent Service""","I have HDFC Bank Salary account which i am using for the past 5 years only.I am using net banking service as well as mobile banking service both are very user friendly .This service is used for NEFT ,credit card bill payment and for money transfer .Customer service s also  good and satisfied .",https://static.bankbazaar.com/images/common/bank-logo/hdfc.png,Blown Away!,0,i have hdfc bank salary account which i am using for the past 5 years onlyi am using net banking service as well as mobile banking service both are very user friendly this service is used for neft credit card bill payment and for money transfer customer service s also good and satisfied,53,Satisfied
SATUJI,2019-12-20,Gandhinagar,Unknown,5.0,"""Excellent Service""",I have Union Bank Of India Salary account for the past 12 years .Each transaction details will be shared though message alert only.No need to maintain any minimum balance amount on this account since salary account can be accessed zero balance.Customer service is pretty good and getting proper response .,https://static.bankbazaar.com/images/common/bank-logo/ALL_BANKS.png,Blown Away!,3,i have union bank of india salary account for the past 12 years each transaction details will be shared though message alert onlyno need to maintain any minimum balance amount on this account since salary account can be accessed zero balancecustomer service is pretty good and getting proper response,49,Satisfied
ANONYMOUS,2019-12-20,Chennai,Unknown,4.5,"""Good one""","From DBS bank, i have opened my savings account because the bank was suggested by my colleagues. Its easy to do the fund transfer through their Internet banking. Its a zero balance account. There is no additional cost for IMPS and NEFT transactions. They are maintaining the rules in a disciplinary way.",https://static.bankbazaar.com/images/common/bank-logo/ALL_BANKS.png,Excellent!,0,from dbs bank i have opened my savings account because the bank was suggested by my colleagues its easy to do the fund transfer through their internet banking its a zero balance account there is no additional cost for imps and neft transactions they are maintaining the rules in a disciplinary way,52,Satisfied
ANONYMOUS,2019-12-20,Chennai,SBI,4.0,"""SBI is better""","Opened my savings account from State bank of India and i hold this account for more than 5 years ago. I faced lots of issues and everything got resolved by bank. As per the RBI rules, i need to maintain  a minimum balance of Rs. 1000. I had no issue with the Internet banking and mobile app facility.",https://static.bankbazaar.com/images/common/bank-logo/sbi-4.png,Great!,0,opened my savings account from state bank of india and i hold this account for more than 5 years ago i faced lots of issues and everything got resolved by bank as per the rbi rules i need to maintain a minimum balance of rs 1000 i had no issue with the internet banking and mobile app facility,58,Satisfied
K,2019-12-20,Chennai,Unknown,4.0,"""good service""","I hold the salary account with INDIAN BANK more than 10 year. Interest rate is calculated quarterly, interest is too low. mobile application is user friendly, if server issue happen it takes at least one day to get rectified.. Atms are very sufficient and funds are available always.",https://static.bankbazaar.com/images/common/bank-logo/ALL_BANKS.png,Great!,0,i hold the salary account with indian bank more than 10 year interest rate is calculated quarterly interest is too low mobile application is user friendly if server issue happen it takes at least one day to get rectified atms are very sufficient and funds are available always,48,Satisfied
ANONYMOUS,2019-12-20,Chennai,Unknown,5.0,"""Good Bank""","From my company, they have provided me a salary account from Indian Bank. I have been using the net banking facility which is good. The card facilities are good but they are not providing any offers. Its a zero balance account. There was enough number of staffs are available to provide me a proper support whenever i visit the branch.",https://static.bankbazaar.com/images/common/bank-logo/ALL_BANKS.png,Blown Away!,0,from my company they have provided me a salary account from indian bank i have been using the net banking facility which is good the card facilities are good but they are not providing any offers its a zero balance account there was enough number of staffs are available to provide me a proper support whenever i visit the branch,60,Satisfied
MOUMITA,2019-12-20,Kolkata,SBI,5.0,"""good service""","I have a saving account with SBI for more than10 years, It is a student account. Minimum balance want to maintain is Rs.5000. There are standard charges applied in Debit card. The ATM are very sufficient. I am using Net banking which is so easy for transaction.",https://static.bankbazaar.com/images/common/bank-logo/sbi-4.png,Blown Away!,1,i have a saving account with sbi for more than10 years it is a student account minimum balance want to maintain is rs5000 there are standard charges applied in debit card the atm are very sufficient i am using net banking which is so easy for transaction,47,Satisfied
MANO,2019-12-20,Bangalore,SBI,5.0,"""Nice one""","There was a reason for choosing the SBI bank because its undertaken by Government. Its a zero balance account. Debit card usage is good and i don't find any hassles. In SBI, i hold a salary account for more than 8 years. They are not taking any hidden charges. If i use the more than 3 transaction from other bank ATM, it will be chargeable.",https://static.bankbazaar.com/images/common/bank-logo/sbi-4.png,Blown Away!,1,there was a reason for choosing the sbi bank because its undertaken by government its a zero balance account debit card usage is good and i dont find any hassles in sbi i hold a salary account for more than 8 years they are not taking any hidden charges if i use the more than 3 transaction from other bank atm it will be chargeable,65,Satisfied
ANONYMOUS,2019-12-20,Mumbai,Unknown,1.0,"""If apply for salary account, just go for it. ""","My previous employer was providing me salary account from Standard Chartered bank. Even though i have salary account, they were not ready  to provide the credit card once i applied also, it got rejected twice. When i asked the customer care, they were not helpful. They have a very protocol because when someone was trying to purchase by using the card by doing some hacks and immediately i received a call standard chartered bank and they asked me to re-apply the card.",https://static.bankbazaar.com/images/common/bank-logo/ALL_BANKS.png,Really Bad,1,my previous employer was providing me salary account from standard chartered bank even though i have salary account they were not ready to provide the credit card once i applied also it got rejected twice when i asked the customer care they were not helpful they have a very protocol because when someone was trying to purchase by using the card by doing some hacks and immediately i received a call standard chartered bank and they asked me to reapply the card,82,Dissatisfied
ANONYMOUS,2019-12-20,Mumbai,Kotak,5.0,"""Process was long""",I haven't used Kotak Mahindra bank salary account much since i hold the account just for one month. I have introduced to new bank by employer since i have changed the job. Its a zero balance account. The executive came to my office to collect all the details. I do use the Internet banking and mobile app facility. Account opening takes a lots of time because they have a strict security protocol,https://static.bankbazaar.com/images/common/bank-logo/kotak.png,Blown Away!,5,i havent used kotak mahindra bank salary account much since i hold the account just for one month i have introduced to new bank by employer since i have changed the job its a zero balance account the executive came to my office to collect all the details i do use the internet banking and mobile app facility account opening takes a lots of time because they have a strict security protocol,72,Satisfied
ANONYMOUS,2019-12-19,Bangalore,SBI,4.0,"""Good Bank""","State Bank of India debit card facility is too good. I opened this account for almost 10 years before because in my native, only SBI branch was available. Very useful options for  using the debit card in POS machine. Customer care facilities are also prompt in service and the staffs are very friendly.",https://static.bankbazaar.com/images/common/bank-logo/sbi-4.png,Great!,0,state bank of india debit card facility is too good i opened this account for almost 10 years before because in my native only sbi branch was available very useful options for using the debit card in pos machine customer care facilities are also prompt in service and the staffs are very friendly,53,Satisfied
ANONYMOUS,2019-12-19,Bangalore,Kotak,4.0,"""Good Account""","Since its a zero balance account from Kotak mahindra bank hence no need of maintaining a minimum balance account so that i have opened the 811 savings account through their website. After that the executive visited my place to collect the documents. I never done any single transaction from this account so far. After 1 week, they have sent a cheque book and debit card to my residential address.",https://static.bankbazaar.com/images/common/bank-logo/kotak.png,Great!,0,since its a zero balance account from kotak mahindra bank hence no need of maintaining a minimum balance account so that i have opened the 811 savings account through their website after that the executive visited my place to collect the documents i never done any single transaction from this account so far after 1 week they have sent a cheque book and debit card to my residential address,69,Satisfied
N K,2019-12-19,Bangalore,Unknown,4.0,"""Better Account""",I have a Salary account with Karnataka bank They have not offered me any complimentary gift. Its a zero balance account. I have not tried to use their net banking facility but mobile app is easy to use. They are charging Rs. 25 for other bank ATM withdrawals. They are not providing any kind of offer for debit card. I have not approached their customer care till now.,https://static.bankbazaar.com/images/common/bank-logo/ALL_BANKS.png,Great!,1,i have a salary account with karnataka bank they have not offered me any complimentary gift its a zero balance account i have not tried to use their net banking facility but mobile app is easy to use they are charging rs 25 for other bank atm withdrawals they are not providing any kind of offer for debit card i have not approached their customer care till now,68,Satisfied
SARVADE,2019-12-19,Hyderabad,SBI,5.0,"""Not the best one""",I need to stand in the long queue in the SBI branch. Chosen my savings account from SBI because the bank is located near to my home. In the beginning it was a zero balance account now they have changed that i need to maintain a minimum balance of Rs. 3000. I don't use the net banking facility of SBI. Staff response was average.,https://static.bankbazaar.com/images/common/bank-logo/sbi-4.png,Blown Away!,0,i need to stand in the long queue in the sbi branch chosen my savings account from sbi because the bank is located near to my home in the beginning it was a zero balance account now they have changed that i need to maintain a minimum balance of rs 3000 i dont use the net banking facility of sbi staff response was average,64,Satisfied
SARVADE,2019-12-19,Hyderabad,HDFC Bank,5.0,"""Excellent service""",I am maintaining my salary account with HDFC and i use their services for past 1.5 years. There is no need of visiting the branch in HDFC since all the services are available in online. They are not deducting any kind of charges. I do not use much of the net banking facility. Already I'm suggesting this account to my friends as well.,https://static.bankbazaar.com/images/common/bank-logo/hdfc.png,Blown Away!,0,i am maintaining my salary account with hdfc and i use their services for past 15 years there is no need of visiting the branch in hdfc since all the services are available in online they are not deducting any kind of charges i do not use much of the net banking facility already im suggesting this account to my friends as well,63,Satisfied
R K,2019-12-19,Coimbatore,Unknown,5.0,"""Good Account""",I have been using the City Union Bank salary account for last 4 years. I need to maintain a minimum balance of Rs. 5000. Its really good to use their online banking facility. I never visited the website. They are not taking any kind of hidden charges. Response in the branch was really good.,https://static.bankbazaar.com/images/common/bank-logo/ALL_BANKS.png,Blown Away!,0,i have been using the city union bank salary account for last 4 years i need to maintain a minimum balance of rs 5000 its really good to use their online banking facility i never visited the website they are not taking any kind of hidden charges response in the branch was really good,54,Satisfied
S,2019-12-19,Faridabad,Unknown,5.0,"""Best bank""","I am holding the salary account with KARNATAKA bank for the past 4 years. I am using debit card the annual charge is Rs.400 . If I make more than 5 transaction, they  wont charge. In ATM, each 5 transactions are free in other bank and same Bank. Customer service was good.",https://static.bankbazaar.com/images/common/bank-logo/ALL_BANKS.png,Blown Away!,1,i am holding the salary account with karnataka bank for the past 4 years i am using debit card the annual charge is rs400 if i make more than 5 transaction they wont charge in atm each 5 transactions are free in other bank and same bank customer service was good,51,Satisfied
SULEMAN,2019-12-19,Pune,Axis Bank,5.0,"""Best  Service""","I have Axis Bank Salary account for the past 7 years. I am using net banking and mobile banking service both are used for money transfer, recharge and for credit card bill payment. I have got the direct number of customer care .I am comfortable with the service so far .",https://static.bankbazaar.com/images/common/bank-logo/axis.png,Blown Away!,0,i have axis bank salary account for the past 7 years i am using net banking and mobile banking service both are used for money transfer recharge and for credit card bill payment i have got the direct number of customer care i am comfortable with the service so far,50,Satisfied
PALSARAK,2019-12-19,Coimbatore,SBI,5.0,"""Good Account to use""","I have opened my savings account from State bank of India. I am maintaining the account for almost 30 years. Its a zero balance account. I have not experienced their net banking facility and mobile app but overall, i'm happy about the services.",https://static.bankbazaar.com/images/common/bank-logo/sbi-4.png,Blown Away!,0,i have opened my savings account from state bank of india i am maintaining the account for almost 30 years its a zero balance account i have not experienced their net banking facility and mobile app but overall im happy about the services,43,Satisfied
ANONYMOUS,2019-12-18,Chennai,Unknown,5.0,"""Good Account""","I have opened the savings account from Indian Bank. I'm not using this account much hence I'm holding only the required minimum balance amount. In my native place, i have opened this account.  I am not experienced of their Internet banking and mobile app.",https://static.bankbazaar.com/images/common/bank-logo/ALL_BANKS.png,Blown Away!,0,i have opened the savings account from indian bank im not using this account much hence im holding only the required minimum balance amount in my native place i have opened this account i am not experienced of their internet banking and mobile app,44,Satisfied
ANONYMOUS,2019-12-18,Chennai,Axis Bank,5.0,"""Service is good but more hidden charges""","Axis bank is charging consulting charges for the withdrawal and deposit if i do more than 4 times in a month that too i am able to use this option with in 9 AM to 4 PM if i do any transaction post that, they are charging a money of Rs. 500 excluding GST charges. The reason for holding an account with this bank, I'm receiving Axis cheque from my client which will be processed in 4 hours. Earlier the minimum balance charge was Rs. 3000 and now they have increased upto Rs. 5000.",https://static.bankbazaar.com/images/common/bank-logo/axis.png,Blown Away!,0,axis bank is charging consulting charges for the withdrawal and deposit if i do more than 4 times in a month that too i am able to use this option with in 9 am to 4 pm if i do any transaction post that they are charging a money of rs 500 excluding gst charges the reason for holding an account with this bank im receiving axis cheque from my client which will be processed in 4 hours earlier the minimum balance charge was rs 3000 and now they have increased upto rs 5000,94,Satisfied
ANONYMOUS,2019-12-18,Hyderabad,Axis Bank,5.0,"""Safe guarding my bread and butter money""","Recently, i have opened the salary account from Axis bank. The executive came to my office to open this account. For the fund transfer, there is no additional charges. In Axis bank, they are charging Rs. 21 for the SMS notification charges which can be avoided since its a salary account.  Its easy to use the Internet banking facility.",https://static.bankbazaar.com/images/common/bank-logo/axis.png,Blown Away!,0,recently i have opened the salary account from axis bank the executive came to my office to open this account for the fund transfer there is no additional charges in axis bank they are charging rs 21 for the sms notification charges which can be avoided since its a salary account its easy to use the internet banking facility,59,Satisfied
KUMAR,2019-12-18,Chennai,HDFC Bank,4.0,"""Good service""","I  am holding the salary account with HDFC bank for past 8 years. I am using debit card the annual charge is Rs.850. If I make more than 5 IMPS transaction,they charge around Rs.7. In ATM, each 5 transactions are free in other and same Bank ATM further they will charge around Rs.23.75.",https://static.bankbazaar.com/images/common/bank-logo/hdfc.png,Great!,1,i am holding the salary account with hdfc bank for past 8 years i am using debit card the annual charge is rs850 if i make more than 5 imps transactionthey charge around rs7 in atm each 5 transactions are free in other and same bank atm further they will charge around rs2375,53,Satisfied
ALI,2019-12-17,Hyderabad,Axis Bank,5.0,"""Very Good Account""",I am using Axis bank savings account for last 3 years. They are not taking any kind of hidden charges. I need to maintain a minimum balance of Rs. 10000. Actually my friend suggested me that bank is good compared to other private banks. The employee will understand each and every need of the customer in the branch. Net banking facility is really good.,https://static.bankbazaar.com/images/common/bank-logo/axis.png,Blown Away!,0,i am using axis bank savings account for last 3 years they are not taking any kind of hidden charges i need to maintain a minimum balance of rs 10000 actually my friend suggested me that bank is good compared to other private banks the employee will understand each and every need of the customer in the branch net banking facility is really good,64,Satisfied
BHASKAR,2019-12-17,Agra,SBI,5.0,"""Excellent Service""",I have State Bank Of India saving account for the past9 years .I am using net banking service  and mobile banking service for shopping and money transfer .Customer service is also good  and not faced any fraudulent transaction so far.Each and every transaction is safe and secure.,https://static.bankbazaar.com/images/common/bank-logo/sbi-4.png,Blown Away!,0,i have state bank of india saving account for the past9 years i am using net banking service and mobile banking service for shopping and money transfer customer service is also good and not faced any fraudulent transaction so fareach and every transaction is safe and secure,47,Satisfied
CHRISTOBER,2019-12-17,Chennai,HDFC Bank,5.0,"""Good Bank ""","Its been more than 8 years since i am having a salary account from HDFC. Its a zero balance account. Its clear to use the Internet banking and mobile app. There is no additional charges for other bank ATM withdrawals. When i visited the branch, the service was good.",https://static.bankbazaar.com/images/common/bank-logo/hdfc.png,Blown Away!,0,its been more than 8 years since i am having a salary account from hdfc its a zero balance account its clear to use the internet banking and mobile app there is no additional charges for other bank atm withdrawals when i visited the branch the service was good,49,Satisfied
S Reddy,2019-12-17,Bangalore,HDFC Bank,4.0,"""Good Service""",I am using HDFC Bank Salary account for the past 4 years .I am using net banking service it is used for credit card bill payment .Customer service is also good and there was no difficulties faced and banking service is much comfortable .There was no fraudulent transaction happened so far.,https://static.bankbazaar.com/images/common/bank-logo/hdfc.png,Great!,0,i am using hdfc bank salary account for the past 4 years i am using net banking service it is used for credit card bill payment customer service is also good and there was no difficulties faced and banking service is much comfortable there was no fraudulent transaction happened so far,51,Satisfied
ANONYMOUS,2019-12-17,Madurai,Axis Bank,5.0,"""Very Good Service""",Opened the salary account 6 years back with Axis bank. The service has been really good. I need to maintain a minimum balance of Rs. 2000. There is an additional charges for transferring the money via IMPS and RTGS account. They are deducting the money if i withdraw the money from other ATMs.,https://static.bankbazaar.com/images/common/bank-logo/axis.png,Blown Away!,0,opened the salary account 6 years back with axis bank the service has been really good i need to maintain a minimum balance of rs 2000 there is an additional charges for transferring the money via imps and rtgs account they are deducting the money if i withdraw the money from other atms,53,Satisfied
ANONYMOUS,2019-12-17,Coimbatore,Kotak,5.0,"""Excellent Service""","2 years back, i have opened the savings account from Kotak Mahindra bank because i have a demat account with them. I need to maintain a minimum balance of Rs. 25000. I'm using their net banking facility and the options are easily understandable. They don't deduct any charges even if i withdraw the money from other bank ATMs.",https://static.bankbazaar.com/images/common/bank-logo/kotak.png,Blown Away!,0,2 years back i have opened the savings account from kotak mahindra bank because i have a demat account with them i need to maintain a minimum balance of rs 25000 im using their net banking facility and the options are easily understandable they dont deduct any charges even if i withdraw the money from other bank atms,58,Satisfied
ANONYMOUS,2019-12-17,Coimbatore,HDFC Bank,4.0,"""Nice banking""",Opened my savings account from HDFC and i have chosen this bank before 5 years. Since its a private and the service will be good. I need to maintain a minimum balance of Rs. 5000. They are not taking any kind of hidden charges. Branch service is good and the staffs are very kind and co-operative. I can withdraw upto Rs. 5 lakh on a daily basis.,https://static.bankbazaar.com/images/common/bank-logo/hdfc.png,Great!,0,opened my savings account from hdfc and i have chosen this bank before 5 years since its a private and the service will be good i need to maintain a minimum balance of rs 5000 they are not taking any kind of hidden charges branch service is good and the staffs are very kind and cooperative i can withdraw upto rs 5 lakh on a daily basis,67,Satisfied
FELI,2019-12-17,Bangalore,Unknown,5.0,"""Good Service""",I have Vijaya Bank saving account for the past 12 years .I am using mobile bankig service it is used for money transfer and this is very much user friendly .Customer service is also good and getting good response .Each and every transaction will be safe and secure .I am satisfied with the overall banking service .,https://static.bankbazaar.com/images/common/bank-logo/ALL_BANKS.png,Blown Away!,0,i have vijaya bank saving account for the past 12 years i am using mobile bankig service it is used for money transfer and this is very much user friendly customer service is also good and getting good response each and every transaction will be safe and secure i am satisfied with the overall banking service,56,Satisfied
AMBI,2019-12-17,Bangalore,HDFC Bank,4.0,"""Good Account""","Holding HDFC salary account for last 10 years but i didn't faced any single issue. I have visited their branch once and the staffs are very helpful. Its very good to access the online banking facility. Its a zero balance salary account. There is no requirement of contacting the customer care if i have any, i directly visit their branch. I won't recommend this bank for savings account because minimum balance maintenance charges very high.",https://static.bankbazaar.com/images/common/bank-logo/hdfc.png,Great!,0,holding hdfc salary account for last 10 years but i didnt faced any single issue i have visited their branch once and the staffs are very helpful its very good to access the online banking facility its a zero balance salary account there is no requirement of contacting the customer care if i have any i directly visit their branch i wont recommend this bank for savings account because minimum balance maintenance charges very high,75,Satisfied
ANONYMOUS,2019-12-17,Mohali,SBI,2.0,"""Needs to be improved""","Earlier i had a savings account from SBI and i do not like their services. Because whenever i go to their branch for any kind of services, i need to wait for a long time. Even their staff response was very rude. I haven't interacted with the call center people over the phone.",https://static.bankbazaar.com/images/common/bank-logo/sbi-4.png,Expected more,0,earlier i had a savings account from sbi and i do not like their services because whenever i go to their branch for any kind of services i need to wait for a long time even their staff response was very rude i havent interacted with the call center people over the phone,53,Dissatisfied
ANONYMS,2019-12-17,Mohali,Axis Bank,5.0,"""Excellent Service""","Axis bank service is excellent. The employees are very fast in service and their customer care was educative, they are always ready to provide the prompt response. I use their net banking which is good. I don't need to wait in a long queue whenever i visit their branch since its my salary account, there is no minimum balance required. They are not taking any hidden charges till now.",https://static.bankbazaar.com/images/common/bank-logo/axis.png,Blown Away!,0,axis bank service is excellent the employees are very fast in service and their customer care was educative they are always ready to provide the prompt response i use their net banking which is good i dont need to wait in a long queue whenever i visit their branch since its my salary account there is no minimum balance required they are not taking any hidden charges till now,69,Satisfied
A  SINGHAL,2019-12-17,Meerut,SBI,4.0,"""Good Service""",I am using State Bank Of India Saving account for more than 15 years .I am using net banking service as well as mobile banking service both are very user friendly and it is used for any payments and also for transaction it is used .Every transaction will be safe and secure .,https://static.bankbazaar.com/images/common/bank-logo/sbi-4.png,Great!,1,i am using state bank of india saving account for more than 15 years i am using net banking service as well as mobile banking service both are very user friendly and it is used for any payments and also for transaction it is used every transaction will be safe and secure,52,Satisfied
NAGARAJAN,2019-12-16,Chennai,HDFC Bank,5.0,"""Good to use""","For more than 5 years,  i'm holding the salary account from HDFC. Its a hassle free account to use. Its a zero balance account. Customer care service is good.  The website is easy to access and i can do the transactions without any hassle. They are not deducting any kind of additional charges for NEFT and IMPS Transactions.",https://static.bankbazaar.com/images/common/bank-logo/hdfc.png,Blown Away!,0,for more than 5 years im holding the salary account from hdfc its a hassle free account to use its a zero balance account customer care service is good the website is easy to access and i can do the transactions without any hassle they are not deducting any kind of additional charges for neft and imps transactions,58,Satisfied
H SETHI,2019-12-16,Gurgaon,Kotak,5.0,"""Goo""",I have Kotak Mahindra Bank Salary account which i am using recently and their net banking service & mobile banking service very much comfortable to access .Mostly am using this service for money transfer  and overall banking service is fine.,https://static.bankbazaar.com/images/common/bank-logo/kotak.png,Blown Away!,0,i have kotak mahindra bank salary account which i am using recently and their net banking service mobile banking service very much comfortable to access mostly am using this service for money transfer and overall banking service is fine,39,Satisfied
HARAN,2019-12-16,Chennai,Unknown,4.0,"""Average Service""",I am using Karur Vysya Bank Salary account for the past 6 years .I am using net banking service as well as mobile banking service both are very much comfortable and it is used for money transfer only.There was no difficulties faced so far on using this account .This service was quite average according to me.,https://static.bankbazaar.com/images/common/bank-logo/ALL_BANKS.png,Great!,1,i am using karur vysya bank salary account for the past 6 years i am using net banking service as well as mobile banking service both are very much comfortable and it is used for money transfer onlythere was no difficulties faced so far on using this account this service was quite average according to me,56,Satisfied
TRUPTHI,2019-12-16,Bangalore,Axis Bank,4.0,"""Nice Account""",Holding my salary account from Axis bank and i use it for last 8 years. Its a zero balance account. I am experienced of their net banking facility and mobile app and its good. I have visited their branch 4 years back and they provided me a prompt response. There is no hidden charges deducted so far.,https://static.bankbazaar.com/images/common/bank-logo/axis.png,Great!,0,holding my salary account from axis bank and i use it for last 8 years its a zero balance account i am experienced of their net banking facility and mobile app and its good i have visited their branch 4 years back and they provided me a prompt response there is no hidden charges deducted so far,57,Satisfied
SHATH,2019-12-16,Kolkata,IDBI,5.0,"""Best  Service""","I have IDBI saving account for the past 7 years .I am using net banking service as well as mobile banking service both are very much user friendly and it is used mostly for money transfer ,recharge and for Emi payments only.Am  satisfied with the overall banking service.",https://static.bankbazaar.com/images/common/bank-logo/idbi.png,Blown Away!,1,i have idbi saving account for the past 7 years i am using net banking service as well as mobile banking service both are very much user friendly and it is used mostly for money transfer recharge and for emi payments onlyam satisfied with the overall banking service,48,Satisfied
BAKKAPPA,2019-12-16,Bangalore,Unknown,5.0,"""Need to improve the customer support""",Opened my savings account 5 years ago and i have chosen Karnataka bank because the branch was near to my home hence i can access easily. Their response is getting delayed all the time by their customer care if i called them regarding any issues. I have requested them  to active the Internet banking facility but they have not done the same.,https://static.bankbazaar.com/images/common/bank-logo/ALL_BANKS.png,Blown Away!,1,opened my savings account 5 years ago and i have chosen karnataka bank because the branch was near to my home hence i can access easily their response is getting delayed all the time by their customer care if i called them regarding any issues i have requested them to active the internet banking facility but they have not done the same,62,Satisfied
NATARAJAN,2019-12-15,Chennai,IndusInd Bank,5.0,"""Excellent service""","I am using INDUSIND salary account for last 7 years. It is a zero balance account. I can select my required denomination is Indusind bank ATM, which is very useful. Five transactions are free in other bank atm  and can do n number of transaction in existing bank atm. Notification are send on time and the mobile application is very simple and user friendly.",https://static.bankbazaar.com/images/common/bank-logo/indusind.png,Blown Away!,3,i am using indusind salary account for last 7 years it is a zero balance account i can select my required denomination is indusind bank atm which is very useful five transactions are free in other bank atm and can do n number of transaction in existing bank atm notification are send on time and the mobile application is very simple and user friendly,64,Satisfied
ANONYMS,2019-12-14,Kolhapur,Axis Bank,4.0,"""Okay Account""",Using my savings account from Axis bank i started using this account from the year of 2007. I have to maintain a minimum balance of Rs. 5000. Their Internet banking facility and mobile app is easy to use. They are not taking any kind of hidden charges. I have visited their branch  regarding some issue and the same has been rectified,https://static.bankbazaar.com/images/common/bank-logo/axis.png,Great!,0,using my savings account from axis bank i started using this account from the year of 2007 i have to maintain a minimum balance of rs 5000 their internet banking facility and mobile app is easy to use they are not taking any kind of hidden charges i have visited their branch regarding some issue and the same has been rectified,61,Satisfied
KUMAR,2019-12-14,Hyderabad,HDFC Bank,5.0,"""Need to decrease charges""","I am holding a saving account  with HDFC bank for more than 2 years. There is no hidden charges in this bank. It is a  minimum balance account to maintain of 10K. I am using mobile app and net banking both are user friendly to access. I use to get an alert messages from bank whenever I do a transactions. ACB charges are applicable if I not maintain a minimum amount in account, on monthly basis charge of 1200 rupees.",https://static.bankbazaar.com/images/common/bank-logo/hdfc.png,Blown Away!,0,i am holding a saving account with hdfc bank for more than 2 years there is no hidden charges in this bank it is a minimum balance account to maintain of 10k i am using mobile app and net banking both are user friendly to access i use to get an alert messages from bank whenever i do a transactions acb charges are applicable if i not maintain a minimum amount in account on monthly basis charge of 1200 rupees,80,Satisfied
ANONYMS,2019-12-14,Bangalore,Canara Bank,5.0,"""Very Friendly account""","I'm not using Canara bank savings account much. Without any special reason, I have chosen this bank. I went to their branch to open this account and the staffs are very helpful. I need to maintain a minimum balance of Rs. 2,000. I'm not using the net banking facility and mobile app. They are deducting the annual maintenance charges and other ATM withdrawal charges.",https://static.bankbazaar.com/images/common/bank-logo/canara-bank.png,Blown Away!,1,im not using canara bank savings account much without any special reason i have chosen this bank i went to their branch to open this account and the staffs are very helpful i need to maintain a minimum balance of rs 2000 im not using the net banking facility and mobile app they are deducting the annual maintenance charges and other atm withdrawal charges,64,Satisfied
ANONYMOUS,2019-12-14,Hyderabad,Unknown,4.5,"""Good Service""",I am holding saving account with BANK OF INDIA. In this bank mobile app and net banking are not applicable. Need to maintain a minimum balance of 500 rupees. ATM machine is not working.If I not maintain minimum balance charges are applicable of 300 rupees.,https://static.bankbazaar.com/images/common/bank-logo/ALL_BANKS.png,Excellent!,2,i am holding saving account with bank of india in this bank mobile app and net banking are not applicable need to maintain a minimum balance of 500 rupees atm machine is not workingif i not maintain minimum balance charges are applicable of 300 rupees,45,Satisfied
ANONYMOUS,2019-12-14,Hyderabad,HDFC Bank,4.5,"""Good """,Just 4 months before I opened  a salary  account in HDFC bank . There is no hidden charges in this bank. It is a  zero balance account. I am not using mobile app. ATMs and branches are near to reach them directly. I use to get offers message for shopping  and discount will be avail up to 10%.,https://static.bankbazaar.com/images/common/bank-logo/hdfc.png,Excellent!,2,just 4 months before i opened a salary account in hdfc bank there is no hidden charges in this bank it is a zero balance account i am not using mobile app atms and branches are near to reach them directly i use to get offers message for shopping and discount will be avail up to 10,57,Satisfied
SUNDAR,2019-12-13,Bangalore,Kotak,3.0,"""Not good service ""","I was holding saving account KOTAK bank on 13 years before. There was no any hidden charges in this account. But need to maintain a minimum balance of 10K was very high for me. On that period of time, it was a huge amount so due to this reason, I have closed the account on 8 years before.",https://static.bankbazaar.com/images/common/bank-logo/kotak.png,Satisfactory,0,i was holding saving account kotak bank on 13 years before there was no any hidden charges in this account but need to maintain a minimum balance of 10k was very high for me on that period of time it was a huge amount so due to this reason i have closed the account on 8 years before,58,Average
SHAN,2019-12-13,Bangalore,Unknown,1.0,"""Need to improve customer service """,KARNATAKA BANK service is not up to the mark. The customer service is not giving proper response. It is minimum balance account to maintain of 5000 rupees. So due to this reason I have closed the account. It was opened on 15 years before for savings.,https://static.bankbazaar.com/images/common/bank-logo/ALL_BANKS.png,Really Bad,5,karnataka bank service is not up to the mark the customer service is not giving proper response it is minimum balance account to maintain of 5000 rupees so due to this reason i have closed the account it was opened on 15 years before for savings,46,Dissatisfied
KANNAPPA,2019-12-13,Bangalore,Canara Bank,5.0,"""Good service ""","I am holding saving account with CANARA BANK for more than 5 years. Their service is good. If I contact for any query they response would be prompt. Need to maintain a minimum balance of 1000 rupees. If not charges are applicable of 150 rupees. Mobile app and net banking, both are user friendly to access.",https://static.bankbazaar.com/images/common/bank-logo/canara-bank.png,Blown Away!,1,i am holding saving account with canara bank for more than 5 years their service is good if i contact for any query they response would be prompt need to maintain a minimum balance of 1000 rupees if not charges are applicable of 150 rupees mobile app and net banking both are user friendly to access,56,Satisfied
S B,2019-12-13,Kochi,Axis Bank,3.0,"""Not a perfect account for ordinary people""",I have a savings account from Axis bank. I don't do much transaction from this bank because the process is not that much good. I use this account for loan repayment purpose. Axis bank mobile app is not working properly because every time it makes a problem. I tried to talk with Axis bank customer care but they are not responding properly.,https://static.bankbazaar.com/images/common/bank-logo/axis.png,Satisfactory,0,i have a savings account from axis bank i dont do much transaction from this bank because the process is not that much good i use this account for loan repayment purpose axis bank mobile app is not working properly because every time it makes a problem i tried to talk with axis bank customer care but they are not responding properly,62,Average
S B,2019-12-13,Kochi,Unknown,5.0,"""Very Good bank for everyone""","South Indian bank account was my savings account but now salary is credited to this bank. My friend have suggested me about this bank. I like the mobile app since i do all the transaction with that. I opened the account 3 years back. I do not use the Internet banking. The branch experience was good. Compared to other bank, the charges are cheaper.",https://static.bankbazaar.com/images/common/bank-logo/ALL_BANKS.png,Blown Away!,0,south indian bank account was my savings account but now salary is credited to this bank my friend have suggested me about this bank i like the mobile app since i do all the transaction with that i opened the account 3 years back i do not use the internet banking the branch experience was good compared to other bank the charges are cheaper,64,Satisfied
CH,2019-12-13,Kolkata,Unknown,4.0,"""Need to decrease charges""",I have opened a saving account in BANK OF BARODA for my personal need. I am holding for more than 5 years. It is minimum balance account to maintain of 1000 rupees. SMS charges are available. I use to get alert message on delay of 1 hour. Mobile app is good to use.,https://static.bankbazaar.com/images/common/bank-logo/ALL_BANKS.png,Great!,0,i have opened a saving account in bank of baroda for my personal need i am holding for more than 5 years it is minimum balance account to maintain of 1000 rupees sms charges are available i use to get alert message on delay of 1 hour mobile app is good to use,53,Satisfied
ND,2019-12-13,Kolkata,SBI,5.0,"""Need to decrease charges""",I am holding salary account with SBI for more than 10 years. There is no hidden charges in this bank. It is a  zero balance account. I am using mobile app and it is user friendly to access. SMS and alert charges are applicable in this account. I use to get an alert messages from bank whenever I do a transaction. ATM charges are applicable if I do transaction more than 5 times in a month.,https://static.bankbazaar.com/images/common/bank-logo/sbi-4.png,Blown Away!,0,i am holding salary account with sbi for more than 10 years there is no hidden charges in this bank it is a zero balance account i am using mobile app and it is user friendly to access sms and alert charges are applicable in this account i use to get an alert messages from bank whenever i do a transaction atm charges are applicable if i do transaction more than 5 times in a month,76,Satisfied
CHITHRA,2019-12-13,Bangalore,Unknown,5.0,"""Helpful Account""",Using my savings account from Bank of Baroda and i am having this for last 12 years. I'm not checked about the minimum balance. I have not experienced of their Internet banking and mobile app. I have visited the ISRO Layout branch and they are giving a good response because the staffs are very friendly.,https://static.bankbazaar.com/images/common/bank-logo/ALL_BANKS.png,Blown Away!,0,using my savings account from bank of baroda and i am having this for last 12 years im not checked about the minimum balance i have not experienced of their internet banking and mobile app i have visited the isro layout branch and they are giving a good response because the staffs are very friendly,55,Satisfied
SHAMEERU,2019-12-13,Chennai,HDFC Bank,3.0,"""Good Service""",I am using HDFC Bank saving account for more than 5 years.I am using net banking service as well as mobile banking service it is mostly used for cheque transfer and also get the updates about the transaction details .Customer service is also good and getting proper response .,https://static.bankbazaar.com/images/common/bank-logo/hdfc.png,Satisfactory,0,i am using hdfc bank saving account for more than 5 yearsi am using net banking service as well as mobile banking service it is mostly used for cheque transfer and also get the updates about the transaction details customer service is also good and getting proper response,48,Average
RAHUL  SAWHNEY,2019-12-13,New delhi,Unknown,4.0,"""Good Account""","From the Oriental bank, I'm holding the account for past 3 years. I didn't face any issued till now. Its a zero balance maintenance account since its my salary account and the executive came to my office to open this account. Overall the process was good and easy.",https://static.bankbazaar.com/images/common/bank-logo/ALL_BANKS.png,Great!,1,from the oriental bank im holding the account for past 3 years i didnt face any issued till now its a zero balance maintenance account since its my salary account and the executive came to my office to open this account overall the process was good and easy,48,Satisfied
SAWHNEY,2019-12-13,New delhi,SBI,5.0,"""Good Account""",I have opened the savings account from State Bank of India and i took the account 4 years ago. Its because of the good service than any other banks so that i availed this account. Its good to use the Internet banking and mobile app facility. I need to maintain a minimum balance of Rs. 1000 and they are charging for other bank ATM withdrawals.,https://static.bankbazaar.com/images/common/bank-logo/sbi-4.png,Blown Away!,0,i have opened the savings account from state bank of india and i took the account 4 years ago its because of the good service than any other banks so that i availed this account its good to use the internet banking and mobile app facility i need to maintain a minimum balance of rs 1000 and they are charging for other bank atm withdrawals,65,Satisfied
DARA,2019-12-13,Chennai,Axis Bank,5.0,"""Good""",I am holding a salary account with AXIS BANK for the past 4 years. There is no any hidden charges are avail in this account. Near to my place there is only one cash deposit machine but nowadays which is out of service and earlier it was useful. So I am unable to use it. I am using both mobile app and net banking both are user friendly. No ATM charges are available.,https://static.bankbazaar.com/images/common/bank-logo/axis.png,Blown Away!,0,i am holding a salary account with axis bank for the past 4 years there is no any hidden charges are avail in this account near to my place there is only one cash deposit machine but nowadays which is out of service and earlier it was useful so i am unable to use it i am using both mobile app and net banking both are user friendly no atm charges are available,73,Satisfied
SENTHIL,2019-12-13,Chennai,Kotak,1.0,"""Need to decrease charges for withdraw the amount""",I am holding a saving account with KOTAK bank for more than 3 years. Whenever I try to withdraw some money charges are applicable  and high in this bank. So later I have stopped using for withdrawing the amount. I am using mobile app and net banking both are user friendly. It is zero balance account. I get alert message as well mail whenever I do transaction.,https://static.bankbazaar.com/images/common/bank-logo/kotak.png,Really Bad,0,i am holding a saving account with kotak bank for more than 3 years whenever i try to withdraw some money charges are applicable and high in this bank so later i have stopped using for withdrawing the amount i am using mobile app and net banking both are user friendly it is zero balance account i get alert message as well mail whenever i do transaction,67,Dissatisfied
MUTHAMIL,2019-12-13,Chennai,HDFC Bank,5.0,"""Super Account""",I have been using the salary account from HDFC bank. I went to their branch and the service has been good. Its a zero balance account. Net banking and mobile app is very useful. The website is easy to understand. They are deducing nominal charges for the fund transfer as per the bank policies.,https://static.bankbazaar.com/images/common/bank-logo/hdfc.png,Blown Away!,0,i have been using the salary account from hdfc bank i went to their branch and the service has been good its a zero balance account net banking and mobile app is very useful the website is easy to understand they are deducing nominal charges for the fund transfer as per the bank policies,54,Satisfied
JAGA,2019-12-13,Bangalore,Unknown,5.0,"""Best  Service""",I am using Corporation Bank saving account .I am using net banking service as well as mobile banking service both are very user friendly .Each transaction will be safe and secure and there was no difficulties faced so far .I am satisfied with the service.,https://static.bankbazaar.com/images/common/bank-logo/ALL_BANKS.png,Blown Away!,0,i am using corporation bank saving account i am using net banking service as well as mobile banking service both are very user friendly each transaction will be safe and secure and there was no difficulties faced so far i am satisfied with the service,45,Satisfied
P SWAMY,2019-12-13,Bangalore,Unknown,5.0,"""Best  Service""","I am having Vijaya Bank Saving account .This saving account is very useful ,I am using net banking service as well as mobile banking service both are very user friendly and customer service is also good and there was no difficulties faced so far on using this bank account .",https://static.bankbazaar.com/images/common/bank-logo/ALL_BANKS.png,Blown Away!,0,i am having vijaya bank saving account this saving account is very useful i am using net banking service as well as mobile banking service both are very user friendly and customer service is also good and there was no difficulties faced so far on using this bank account,49,Satisfied
PUTTASWAMY,2019-12-13,Bangalore,Canara Bank,5.0,"""Best  Service""",I have Canara Bank saving account till now .I am using net banking service as well as mobile banking service both are very user friendly .I am using this service to check transaction details .Customer service is also good and there was no difficulties faced so far .,https://static.bankbazaar.com/images/common/bank-logo/canara-bank.png,Blown Away!,0,i have canara bank saving account till now i am using net banking service as well as mobile banking service both are very user friendly i am using this service to check transaction details customer service is also good and there was no difficulties faced so far,47,Satisfied
S K V,2019-12-13,Chennai,Unknown,5.0,"""Best Account""",I have been using the salary account with Bank of Baroda and i am holding it for last 8 years. I am not experienced of their net banking facility but mobile banking options are easy to use. I'm not withdrawing the money from other ATM hence I'm not aware of the charges. I am always maintaining a minimum balance of Rs. 10000.,https://static.bankbazaar.com/images/common/bank-logo/ALL_BANKS.png,Blown Away!,1,i have been using the salary account with bank of baroda and i am holding it for last 8 years i am not experienced of their net banking facility but mobile banking options are easy to use im not withdrawing the money from other atm hence im not aware of the charges i am always maintaining a minimum balance of rs 10000,62,Satisfied
A N M,2019-12-13,New delhi,Unknown,5.0,"""Very Good Bank""","2 months before, i have opened the savings account from Oriental bank of Commerce. Since the bank is nearby my place so that i have selected this bank. They have sent me a debit card and cheque on time once i opened the account. I have visited their branch directly to open this account. The branch is not much crowded and the response is prompt.",https://static.bankbazaar.com/images/common/bank-logo/ALL_BANKS.png,Blown Away!,0,2 months before i have opened the savings account from oriental bank of commerce since the bank is nearby my place so that i have selected this bank they have sent me a debit card and cheque on time once i opened the account i have visited their branch directly to open this account the branch is not much crowded and the response is prompt,65,Satisfied
A N M,2019-12-13,New delhi,SBI,5.0,"""Very Good Bank""","Last 6 years, i am using the salary account from SBI. Its convenient to use their Internet banking and mobile app facility. Its a zero balance account. Frequently, i have visited their branch and the response is good. The staffs are responsive.  I am receiving the notification when i am doing the withdrawals and deposit.",https://static.bankbazaar.com/images/common/bank-logo/sbi-4.png,Blown Away!,0,last 6 years i am using the salary account from sbi its convenient to use their internet banking and mobile app facility its a zero balance account frequently i have visited their branch and the response is good the staffs are responsive i am receiving the notification when i am doing the withdrawals and deposit,55,Satisfied
DH,2019-12-12,Chennai,Unknown,3.0,"""Need to decrease minimum amount to maintain on the account""",I was holding KARUR VYSYA BANK on 5 years before. Mobile app and net banking both are user friendly to access. It is need to maintain 1000 rupees and there is no hidden charges. If not they will charge  300 rupees on monthly basis which was high. So  due to this reason I have closed the account.,https://static.bankbazaar.com/images/common/bank-logo/ALL_BANKS.png,Satisfactory,0,i was holding karur vysya bank on 5 years before mobile app and net banking both are user friendly to access it is need to maintain 1000 rupees and there is no hidden charges if not they will charge 300 rupees on monthly basis which was high so due to this reason i have closed the account,57,Average
SEKARAN,2019-12-12,Chennai,Axis Bank,5.0,"""Need to be easy to connect customer service """,I am having a salary account with AXIS bank for more than 2-3 years. No need to maintain a minimum balance and some charges are applicable in this account based on transaction. Mobile app and net banking both are user friendly to access. If I contact the customer service is taking long time to connect them around 20 minutes which can be easy.,https://static.bankbazaar.com/images/common/bank-logo/axis.png,Blown Away!,0,i am having a salary account with axis bank for more than 23 years no need to maintain a minimum balance and some charges are applicable in this account based on transaction mobile app and net banking both are user friendly to access if i contact the customer service is taking long time to connect them around 20 minutes which can be easy,63,Satisfied
KHED,2019-12-12,Pune,SBI,4.0,"""Good Service""",I  am using State Bank Of India saving account for the past 15 years.I am using net banking service as well as mobile banking service both are much useful.This service is very useful for money transfer and it is very user friendly .I have not faced any drawbacks so far .Customer service was pretty good and  i am satisfied with the service .,https://static.bankbazaar.com/images/common/bank-logo/sbi-4.png,Great!,0,i am using state bank of india saving account for the past 15 yearsi am using net banking service as well as mobile banking service both are much usefulthis service is very useful for money transfer and it is very user friendly i have not faced any drawbacks so far customer service was pretty good and i am satisfied with the service,62,Satisfied
SH,2019-12-12,Bangalore,Axis Bank,3.5,"""Good Saving Account""",I am holding salary account with AXIS BANK for more than a year. There is no any hidden charges are avail. Since it is a salary account no need to maintain a minimum balance. ATM and branches are near and the services are good. I use to get alert messages on time.,https://static.bankbazaar.com/images/common/bank-logo/axis.png,Pretty good,0,i am holding salary account with axis bank for more than a year there is no any hidden charges are avail since it is a salary account no need to maintain a minimum balance atm and branches are near and the services are good i use to get alert messages on time,52,Dissatisfied
PA,2019-12-12,Bangalore,Canara Bank,4.5,"""Good""","For my personal purpose,  I have opened a saving account with CANARA bank on 10 years before. Need to maintain a minimum balance of 1000 rupees. If I do a transactions more than 6 times then ATM charges are applicable of 100 rupees. I am using net banking and it is user friendly. I use to get message if any offers avail from this bank.",https://static.bankbazaar.com/images/common/bank-logo/canara-bank.png,Excellent!,1,for my personal purpose i have opened a saving account with canara bank on 10 years before need to maintain a minimum balance of 1000 rupees if i do a transactions more than 6 times then atm charges are applicable of 100 rupees i am using net banking and it is user friendly i use to get message if any offers avail from this bank,65,Satisfied
AR,2019-12-12,Jaipur,SBI,5.0,"""Good bank""",I am holding salary account with SBI for more than 5 years. I am not getting any issue for account transfer and by their mobile banking itself can switch to easy process fpr amount transfer. No need to maintain a minimum balance on this account. ATM charges are avail if I exceed more than 4 transactions then charges are apply.,https://static.bankbazaar.com/images/common/bank-logo/sbi-4.png,Blown Away!,0,i am holding salary account with sbi for more than 5 years i am not getting any issue for account transfer and by their mobile banking itself can switch to easy process fpr amount transfer no need to maintain a minimum balance on this account atm charges are avail if i exceed more than 4 transactions then charges are apply,60,Satisfied
MURTHY,2019-12-12,Bangalore,HDFC Bank,5.0,"""Need to prefer the customer for premium banking""","For my personal needs, I have opened  the saving account with HDFC bank on 8 years before. It is a minimum balance account  of 10K. I don't use much ATM rather I would prefer to use online transaction. If I get any offers directly I get call from bank and they will provide the details. I am using mobile app and net banking both are user friendly.",https://static.bankbazaar.com/images/common/bank-logo/hdfc.png,Blown Away!,0,for my personal needs i have opened the saving account with hdfc bank on 8 years before it is a minimum balance account of 10k i dont use much atm rather i would prefer to use online transaction if i get any offers directly i get call from bank and they will provide the details i am using mobile app and net banking both are user friendly,67,Satisfied
KRISH,2019-12-12,Bangalore,Axis Bank,5.0,"""Good bank account """,I am holding salary account with AXIS bank for the past 2 years. Since it is salary account no need to maintain a minimum balance account. There is no any charges are avail in this account. I use to get alert messages and as well mails on time whenever I do transaction. No ATM charges are applicable.,https://static.bankbazaar.com/images/common/bank-logo/axis.png,Blown Away!,0,i am holding salary account with axis bank for the past 2 years since it is salary account no need to maintain a minimum balance account there is no any charges are avail in this account i use to get alert messages and as well mails on time whenever i do transaction no atm charges are applicable,57,Satisfied
ANONYMOUS,2019-12-11,Kolkata,Unknown,5.0,"""Good Account""","From 2005, i have been using the savings account from Andhra bank because in this bank only i have started carrier. Earlier i have used the online banking and mobile app facility both is very good.  I have visited their branch for dropping the money or general enquiry and the response was fine.",https://static.bankbazaar.com/images/common/bank-logo/ALL_BANKS.png,Blown Away!,1,from 2005 i have been using the savings account from andhra bank because in this bank only i have started carrier earlier i have used the online banking and mobile app facility both is very good i have visited their branch for dropping the money or general enquiry and the response was fine,53,Satisfied
ANONYMOUS,2019-12-11,Kolkata,Axis Bank,5.0,"""Good Account""",Opened my salary account from Axis bank and i am holding this account for last 2 months. Its a zero balance account. There is no extra charges for the fund transfer facility. They are not giving any good offers for debit card. I'm not yet visited their branch.,https://static.bankbazaar.com/images/common/bank-logo/axis.png,Blown Away!,0,opened my salary account from axis bank and i am holding this account for last 2 months its a zero balance account there is no extra charges for the fund transfer facility they are not giving any good offers for debit card im not yet visited their branch,48,Satisfied
ANONYMS,2019-12-11,Kolkata,SBI,4.0,"""Good Account""","In my first office, they have provided me a salary account with SBI once i resigned my job, i have converted my account into savings account without any charges. I need to maintain a balance of Rs. 3000 after the conversion because earlier it was a zero balance account. SBI staff response is very good.",https://static.bankbazaar.com/images/common/bank-logo/sbi-4.png,Great!,0,in my first office they have provided me a salary account with sbi once i resigned my job i have converted my account into savings account without any charges i need to maintain a balance of rs 3000 after the conversion because earlier it was a zero balance account sbi staff response is very good,55,Satisfied
A O,2019-12-11,Jaipur,HDFC Bank,5.0,"""Best savings account""","I am doing all my transactions through HDFC Bank. Its been 2 years, which is a salary cum savings account. There is no requirement for minimum balance but am keeping some balance on a monthly basis. The branch is near by to my residence. Customer service was good. They have provided me an international debit card.",https://static.bankbazaar.com/images/common/bank-logo/hdfc.png,Blown Away!,0,i am doing all my transactions through hdfc bank its been 2 years which is a salary cum savings account there is no requirement for minimum balance but am keeping some balance on a monthly basis the branch is near by to my residence customer service was good they have provided me an international debit card,56,Satisfied
P K,2019-12-11,Bangalore,SBI,5.0,"""Best Bank""","Took my savings account 3 years ago. I have chosen State bank of India because its one of the best bank in India. I gone to the branch and the response is really good. I have not tried the net banking facility. They are not deducted any kind of hidden charges in my account. In a day, i am able to withdraw a money upto Rs. 20000 from the ATM under a classic account.",https://static.bankbazaar.com/images/common/bank-logo/sbi-4.png,Blown Away!,1,took my savings account 3 years ago i have chosen state bank of india because its one of the best bank in india i gone to the branch and the response is really good i have not tried the net banking facility they are not deducted any kind of hidden charges in my account in a day i am able to withdraw a money upto rs 20000 from the atm under a classic account,74,Satisfied
KUMAR,2019-12-11,Bangalore,Canara Bank,5.0,"""Service is better""","My previous savings account in Canara bank and its one of the public sector bank even though the service is really good. I need to hold a balance of Rs. 1000. 9 years back, i have started using this account. I can find the ATMs in all the places but I do not find any offers. When i do transaction, i receive the notification immediately.",https://static.bankbazaar.com/images/common/bank-logo/canara-bank.png,Blown Away!,1,my previous savings account in canara bank and its one of the public sector bank even though the service is really good i need to hold a balance of rs 1000 9 years back i have started using this account i can find the atms in all the places but i do not find any offers when i do transaction i receive the notification immediately,65,Satisfied
KUMAR,2019-12-11,Bangalore,Unknown,5.0,"""Better banking""","Near about 1.5 year, i have been holding the salary account with Bank of Baroda. Its a zero balance account. I have not used the Internet banking facility but app is there and I'm using it for checking mini statement and balance enquiry. I went to the branch and the response is awesome.",https://static.bankbazaar.com/images/common/bank-logo/ALL_BANKS.png,Blown Away!,1,near about 15 year i have been holding the salary account with bank of baroda its a zero balance account i have not used the internet banking facility but app is there and im using it for checking mini statement and balance enquiry i went to the branch and the response is awesome,53,Satisfied
S  SARDAR,2019-12-10,Kolkata,Kotak,5.0,"""Excellent Service""",I have Kotak Mahindra Bank Saving account which i am using for the past 2 years .I am using net banking service as well as mobile banking service both are very useful and it is used for money transfer  and recharge .Each transaction details can be tracked through  online as well .,https://static.bankbazaar.com/images/common/bank-logo/kotak.png,Blown Away!,0,i have kotak mahindra bank saving account which i am using for the past 2 years i am using net banking service as well as mobile banking service both are very useful and it is used for money transfer and recharge each transaction details can be tracked through online as well,51,Satisfied
PRANAV,2019-12-10,Jaipur,HDFC Bank,5.0,"""Good bank""",I have been using salary account with HDFC bank for more than 8 years and its been very good experience. This is an international debit card and i can withdraw cash every day Rs. 50k and also i am getting alert messages. If i do 5 transactions with other bank ATM's then they charge Rs. 20.,https://static.bankbazaar.com/images/common/bank-logo/hdfc.png,Blown Away!,0,i have been using salary account with hdfc bank for more than 8 years and its been very good experience this is an international debit card and i can withdraw cash every day rs 50k and also i am getting alert messages if i do 5 transactions with other bank atms then they charge rs 20,56,Satisfied
B M,2019-12-10,Bangalore,SBI,3.0,"""Need to improve the customer care""","In SBI customer care, they are not responding properly. I'm getting lots of cross talk when i talk with them. I am holding my savings account from SBI from the year of 2012. Its a zero balance account and i have been using the net banking and mobile app facility. I visited the branch 1 month before but the staffs response is not that much prompt hence I'm not satisfied.",https://static.bankbazaar.com/images/common/bank-logo/sbi-4.png,Satisfactory,0,in sbi customer care they are not responding properly im getting lots of cross talk when i talk with them i am holding my savings account from sbi from the year of 2012 its a zero balance account and i have been using the net banking and mobile app facility i visited the branch 1 month before but the staffs response is not that much prompt hence im not satisfied,70,Average
MALLELA,2019-12-10,Bangalore,SBI,3.0,"""Need to improve the customer care""","In SBI customer care, they are not responding properly. I'm getting lots of cross talk when i talk with them. I am holding my savings account from SBI from the year of 2012. Its a zero balance account and i have been using the net banking and mobile app facility. I visited the branch 1 month before but the staffs response is not that much prompt hence I'm not satisfied.",https://static.bankbazaar.com/images/common/bank-logo/sbi-4.png,Satisfactory,0,in sbi customer care they are not responding properly im getting lots of cross talk when i talk with them i am holding my savings account from sbi from the year of 2012 its a zero balance account and i have been using the net banking and mobile app facility i visited the branch 1 month before but the staffs response is not that much prompt hence im not satisfied,70,Average
RAJU,2019-12-10,Mumbai,Axis Bank,4.0,"""Good Service""",I have Axis Bank saving account which i am using for the past 2 years .I am getting message alert as well as email alert .Customer  service is also good and satisfied .Each and every transaction will be safe and secure .Banking service is much comfortable and there was no difficulties faced so far .,https://static.bankbazaar.com/images/common/bank-logo/axis.png,Great!,0,i have axis bank saving account which i am using for the past 2 years i am getting message alert as well as email alert customer service is also good and satisfied each and every transaction will be safe and secure banking service is much comfortable and there was no difficulties faced so far,54,Satisfied
L K,2019-12-10,Bangalore,Canara Bank,4.0,"""Good service""",I hold a salary account with Canara bank for more than 3 years. I use net banking facilities which is easy and very useful for fund transfer.Debit card maintains charges are around Rs.150 to 200 per year. ATMs are very sufficient. Customer support is very good.,https://static.bankbazaar.com/images/common/bank-logo/canara-bank.png,Great!,2,i hold a salary account with canara bank for more than 3 years i use net banking facilities which is easy and very useful for fund transferdebit card maintains charges are around rs150 to 200 per year atms are very sufficient customer support is very good,46,Satisfied
KUMAR,2019-12-10,Bangalore,Unknown,4.0,"""Good service""","I am holding the savings account with INDIAN BANK for past 6 years. Initially the minimum balance want to maintain as Rs.500, but now increased to Rs.1,000. Bank executive response is good. I am not using this account on a regular basis and the branch is 10km far from my location.",https://static.bankbazaar.com/images/common/bank-logo/ALL_BANKS.png,Great!,0,i am holding the savings account with indian bank for past 6 years initially the minimum balance want to maintain as rs500 but now increased to rs1000 bank executive response is good i am not using this account on a regular basis and the branch is 10km far from my location,51,Satisfied
MURTHY,2019-12-10,Mumbai,HDFC Bank,4.0,"""Good Service""","I have HDFC Bank saving account for the past 16 years .I am using net banking service as well as mobile banking service both are very much user friendly .I am using this service for money transfer ,Each transaction will be safe and secure always.Now a days i am not going to bank  since can track all  details through online .",https://static.bankbazaar.com/images/common/bank-logo/hdfc.png,Great!,0,i have hdfc bank saving account for the past 16 years i am using net banking service as well as mobile banking service both are very much user friendly i am using this service for money transfer each transaction will be safe and secure alwaysnow a days i am not going to bank since can track all details through online,60,Satisfied
Ashok Sankaran,2019-12-10,Thiruvananthapuram,Unknown,0.5,"""Cheating money""","Stealing money tired of calling the Manager, now stopped using federal bank and left it idle, now using ESAF and Union bank, really delighted with the services. Regarding Mudra loan first of all federal is not at all supportive, even if they provide Mudra loan their interest rates are 12% and Union bank is 9%only, federal steals money with different terms",https://static.bankbazaar.com/images/common/bank-logo/ALL_BANKS.png,Unacceptable,18,stealing money tired of calling the manager now stopped using federal bank and left it idle now using esaf and union bank really delighted with the services regarding mudra loan first of all federal is not at all supportive even if they provide mudra loan their interest rates are 12 and union bank is 9only federal steals money with different terms,61,Dissatisfied
TAJ,2019-12-10,Bangalore,Unknown,5.0,"""Fine banking""","My savings account was chosen from Tamilnad Mercantile bank because of the good response in the branch. Last 8 months before, i have availed this account. I need to maintain a minimum balance of Rs. 3000. I'm using only mobile banking and its good to use.",https://static.bankbazaar.com/images/common/bank-logo/ALL_BANKS.png,Blown Away!,2,my savings account was chosen from tamilnad mercantile bank because of the good response in the branch last 8 months before i have availed this account i need to maintain a minimum balance of rs 3000 im using only mobile banking and its good to use,46,Satisfied
NESWANKAR,2019-12-09,Navi mumbai,Kotak,5.0,"""Good Service""",I have Kotak Mahindra Bank credit card which was taken through Bank directly.This was a free card and the credit limit was really good and there are very useful cash back offers as well as reward points .I have submitted the required documents for this credit card.I am comfortable on using this credit card .,https://static.bankbazaar.com/images/common/bank-logo/kotak.png,Blown Away!,0,i have kotak mahindra bank credit card which was taken through bank directlythis was a free card and the credit limit was really good and there are very useful cash back offers as well as reward points i have submitted the required documents for this credit cardi am comfortable on using this credit card,54,Satisfied
BHIM,2019-12-09,Surat,SBI,2.0,"""Best  Service""",I have State Bank Of India salary account for the past 7 years .I am using net banking service as well as mobile banking service it is used for money transfer and also can check the details about all the transactions .Customer service is also good and i am satisfied with the service so far.,https://static.bankbazaar.com/images/common/bank-logo/sbi-4.png,Expected more,0,i have state bank of india salary account for the past 7 years i am using net banking service as well as mobile banking service it is used for money transfer and also can check the details about all the transactions customer service is also good and i am satisfied with the service so far,55,Dissatisfied
PARDEE,2019-12-09,Chandigarh,IndusInd Bank,4.0,"""Need to decrease charges to maintain account""","Since 2012,  I am holding saving as well as salary account with INDUSIDND bank. It is minimum balance account to maintain of 10K is high amount and if not maintenance charges are applicable of 118 rupees. On quarterly basis alert message charge is applicable of 27 rupees. Atm charge is avail on annual basis of  250 rupees. I won't use the card more than 3- 4 times. Atm and branches are near around of 2-3 kms. I am using both mobile app and net banking.",https://static.bankbazaar.com/images/common/bank-logo/indusind.png,Great!,5,since 2012 i am holding saving as well as salary account with indusidnd bank it is minimum balance account to maintain of 10k is high amount and if not maintenance charges are applicable of 118 rupees on quarterly basis alert message charge is applicable of 27 rupees atm charge is avail on annual basis of 250 rupees i wont use the card more than 3 4 times atm and branches are near around of 23 kms i am using both mobile app and net banking,85,Satisfied
DHANUSH,2019-12-09,Bangalore,Kotak,5.0,"""Good Service""",I am using kotak Mahindra Bank saving account for the past 6 months .I am getting message alert as well as email alert for each and every transaction.Banking  service is also good and comfortable as well .Customer service is very nice and transaction will be safe and secure .,https://static.bankbazaar.com/images/common/bank-logo/kotak.png,Blown Away!,0,i am using kotak mahindra bank saving account for the past 6 months i am getting message alert as well as email alert for each and every transactionbanking service is also good and comfortable as well customer service is very nice and transaction will be safe and secure,48,Satisfied
RAJA,2019-12-09,Hyderabad,Axis Bank,4.0,"""Good service""",I hold a salary account with AXIS BANK for past 7 months. Mobile application is user friendly. I use this application for fund transfer and to check the offer on my profile. I get notification on time through email and messages. No charges for debit card.,https://static.bankbazaar.com/images/common/bank-logo/axis.png,Great!,0,i hold a salary account with axis bank for past 7 months mobile application is user friendly i use this application for fund transfer and to check the offer on my profile i get notification on time through email and messages no charges for debit card,46,Satisfied
IGNATI,2019-12-09,Pune,Unknown,5.0,"""Good Saving Account """,I am holding a saving and salary account  with  UNION BANK OF INDIA  for more than 5 years. There is no hidden charges in this bank. It is a  minimum balance account to maintain of 1000 rupees. I am not using mobile app yet. I use to get an alert messages from bank whenever I do a transaction. There is no ATM charges.,https://static.bankbazaar.com/images/common/bank-logo/ALL_BANKS.png,Blown Away!,0,i am holding a saving and salary account with union bank of india for more than 5 years there is no hidden charges in this bank it is a minimum balance account to maintain of 1000 rupees i am not using mobile app yet i use to get an alert messages from bank whenever i do a transaction there is no atm charges,63,Satisfied
BABU,2019-12-09,Kolkata,HDFC Bank,4.5,"""Excellent Service""",I am using HDFC Saving account for the past 8 months .I am using net banking service as well as mobile banking service both are used for money transfer and checking for the account balance details .Customer service is also good and there was no difficulties faced so far .I am completely satisfied with the banking service so far.,https://static.bankbazaar.com/images/common/bank-logo/hdfc.png,Excellent!,0,i am using hdfc saving account for the past 8 months i am using net banking service as well as mobile banking service both are used for money transfer and checking for the account balance details customer service is also good and there was no difficulties faced so far i am completely satisfied with the banking service so far,59,Satisfied
RAM,2019-12-09,Tirupur,SBI,5.0,"""Good service""","I have a saving account with SBI for more than 10 years. The minimum balance required to maintain is Rs.1000. I am using debit card and ATMs are very sufficient, mostly fund will be available. If I go to bank,  response is very good from bank executive.",https://static.bankbazaar.com/images/common/bank-logo/sbi-4.png,Blown Away!,0,i have a saving account with sbi for more than 10 years the minimum balance required to maintain is rs1000 i am using debit card and atms are very sufficient mostly fund will be available if i go to bank response is very good from bank executive,47,Satisfied
R,2019-12-09,Tirupur,Axis Bank,5.0,"""Good service""","I have a salary account with AXIS bank from past 6 years. Mobile application  is very user friendly  and I use this app mostly for fund transaction, tv and mobile recharge. Customer support response is very good. There is no hidden charges applied till now.",https://static.bankbazaar.com/images/common/bank-logo/axis.png,Blown Away!,0,i have a salary account with axis bank from past 6 years mobile application is very user friendly and i use this app mostly for fund transaction tv and mobile recharge customer support response is very good there is no hidden charges applied till now,45,Satisfied
J,2019-12-09,Chennai,SBI,5.0,"""Good bank""","I am doing all my transactions through SBI Bank. Its been 13 years, salary cum savings account. There is no requirement for minimum balance, but am keeping some balance on a monthly basis. The branch is near by to my residence. Customer service was good.",https://static.bankbazaar.com/images/common/bank-logo/sbi-4.png,Blown Away!,0,i am doing all my transactions through sbi bank its been 13 years salary cum savings account there is no requirement for minimum balance but am keeping some balance on a monthly basis the branch is near by to my residence customer service was good,45,Satisfied
SAYED,2019-12-08,Mumbai,Kotak,5.0,"""Good bank""",I am using my personal saving account with KOTAK bank since 6 months. Actually I am not using much. I prefer to use for online transaction and shopping purpose. It is a zero balance account. No charges are avail in this account. I use to get alert messages on time from bank for each transaction.,https://static.bankbazaar.com/images/common/bank-logo/kotak.png,Blown Away!,5,i am using my personal saving account with kotak bank since 6 months actually i am not using much i prefer to use for online transaction and shopping purpose it is a zero balance account no charges are avail in this account i use to get alert messages on time from bank for each transaction,55,Satisfied
ANONYMS,2019-12-08,Chennai,HDFC Bank,5.0,"""Good Account""",I am having my salary account with HDFC bank and I use this account for almost 10 years. Its a zero balance account. I use their Internet banking facility  and mobile app. Regularly i visit their branch and the response was prompt. There is a additional charges for other bank fund transfer.,https://static.bankbazaar.com/images/common/bank-logo/hdfc.png,Blown Away!,0,i am having my salary account with hdfc bank and i use this account for almost 10 years its a zero balance account i use their internet banking facility and mobile app regularly i visit their branch and the response was prompt there is a additional charges for other bank fund transfer,52,Satisfied
GUJAR,2019-12-07,Navi mumbai,Axis Bank,5.0,"""Good bank""",I have been using the Axis bank salary account for last 5 years.  I use their net banking facility very frequently. I had visited their branch and the response was good. I have not faced any issue from this account so far. They provided me some offers in upgrading the debit card like customized cards. I can control all my transaction through app.,https://static.bankbazaar.com/images/common/bank-logo/axis.png,Blown Away!,0,i have been using the axis bank salary account for last 5 years i use their net banking facility very frequently i had visited their branch and the response was good i have not faced any issue from this account so far they provided me some offers in upgrading the debit card like customized cards i can control all my transaction through app,63,Satisfied
UJJAWAL  K,2019-12-07,Pune,SBI,3.0,"""Need to improve in service""","I am using savings account in SBI since 2013. Customer service and responsiveness are not too good, need to improve in service and  If i withdrawn cash from ATM i am getting alert messages. This is a domestic card, and i am using visa card.  This is a not a free card annual charges Rs. 150 and they charging SMS  quarterly RS. 20, need to change that.",https://static.bankbazaar.com/images/common/bank-logo/sbi-4.png,Satisfactory,0,i am using savings account in sbi since 2013 customer service and responsiveness are not too good need to improve in service and if i withdrawn cash from atm i am getting alert messages this is a domestic card and i am using visa card this is a not a free card annual charges rs 150 and they charging sms quarterly rs 20 need to change that,67,Average
SHARATH,2019-12-07,Bangalore,HDFC Bank,5.0,"""Excellent Service""","I have HDFC Bank Salary account which i am using for the past 1 year .I am using net banking service as well as mobile banking service both are very much user friendly .I am using this service for money transfer ,shopping and recharge .I have not yet contacted customer service since everything was good.",https://static.bankbazaar.com/images/common/bank-logo/hdfc.png,Blown Away!,0,i have hdfc bank salary account which i am using for the past 1 year i am using net banking service as well as mobile banking service both are very much user friendly i am using this service for money transfer shopping and recharge i have not yet contacted customer service since everything was good,55,Satisfied
YOGENDRA,2019-12-07,Pune,Kotak,5.0,"""Good customer care support""","I took my savings account  from Kotak Mahindra bank on one year back. No minimum balance is required, i have chosen this bank. I do use  online banking facility and its good. I never gone to their branch till now. Through online, i have opened this account after a week, they have sent me a cheque book and debit card.",https://static.bankbazaar.com/images/common/bank-logo/kotak.png,Blown Away!,1,i took my savings account from kotak mahindra bank on one year back no minimum balance is required i have chosen this bank i do use online banking facility and its good i never gone to their branch till now through online i have opened this account after a week they have sent me a cheque book and debit card,60,Satisfied
ANONYMS,2019-12-07,Chennai,HDFC Bank,3.0,"""Best bank""","Since i have been working under HDFC bank, the salary account was provided from the same place. Its a zero balance account. I like the net banking and mobile facility. The branch services is fine. They are providing some offers for debit card.",https://static.bankbazaar.com/images/common/bank-logo/hdfc.png,Satisfactory,1,since i have been working under hdfc bank the salary account was provided from the same place its a zero balance account i like the net banking and mobile facility the branch services is fine they are providing some offers for debit card,43,Average
M Chaudhary,2019-12-07,Moradabad,Axis Bank,2.0,"""Average Service""","I have Axis Bank Saving account which i am using for the past 4 to 5 years .I am using net banking service as well as mobile banking service both are very  much comfortable to use.I am using this service for money transfer ,recharge and for online shopping.Customer service is also good and according to me the service is average.",https://static.bankbazaar.com/images/common/bank-logo/axis.png,Expected more,2,i have axis bank saving account which i am using for the past 4 to 5 years i am using net banking service as well as mobile banking service both are very much comfortable to usei am using this service for money transfer recharge and for online shoppingcustomer service is also good and according to me the service is average,60,Dissatisfied
CHAUDHARY,2019-12-07,Moradabad,Axis Bank,2.0,"""Average Service""","I have Axis Bank Salary account which I am using for the past 4 years . I am using net banking service as well as mobile banking service both are very user friendly and much comfortable to use. I am using this service for money transfer, recharge and for online shopping.",https://static.bankbazaar.com/images/common/bank-logo/axis.png,Expected more,2,i have axis bank salary account which i am using for the past 4 years i am using net banking service as well as mobile banking service both are very user friendly and much comfortable to use i am using this service for money transfer recharge and for online shopping,50,Dissatisfied
KUMAR,2019-12-07,Chennai,Kotak,5.0,"""Good Account""","I'm having my savings account with Kotak mahindra bank. Since its a zero balance account so that I had selected this bank. On yearly once, they are charging Rs. 200 for the debit card.  Once i had faced a issue like they have blocked my account due to signature mismatch. Once i visited their branch, they said it will take one  week to resolve my issue.",https://static.bankbazaar.com/images/common/bank-logo/kotak.png,Blown Away!,1,im having my savings account with kotak mahindra bank since its a zero balance account so that i had selected this bank on yearly once they are charging rs 200 for the debit card once i had faced a issue like they have blocked my account due to signature mismatch once i visited their branch they said it will take one week to resolve my issue,66,Satisfied
BANU,2019-12-07,Bangalore,Unknown,5.0,"""Good Bank Account""",I have been holding savings account with Vijaya bank for more than 2 years. Actually it was my salary account from my previous company. No need to maintain a minimum balance account. ATMs and the branches are available in all the places. The user interface is smooth to use.,https://static.bankbazaar.com/images/common/bank-logo/ALL_BANKS.png,Blown Away!,0,i have been holding savings account with vijaya bank for more than 2 years actually it was my salary account from my previous company no need to maintain a minimum balance account atms and the branches are available in all the places the user interface is smooth to use,49,Satisfied
PARVEEN,2019-12-07,Bangalore,Axis Bank,5.0,"""Good Account""","My savings account with AXIS bank opened in the month of July 2018. Its a zero balance account to use. They are not providing any offers for debit cards. The branch which i have opened the account, i didn't visited but i have gone to the nearby branch and the response was good. They are not deducting any kind of hidden charges like ATM withdraws, SMS notification charges.",https://static.bankbazaar.com/images/common/bank-logo/axis.png,Blown Away!,0,my savings account with axis bank opened in the month of july 2018 its a zero balance account to use they are not providing any offers for debit cards the branch which i have opened the account i didnt visited but i have gone to the nearby branch and the response was good they are not deducting any kind of hidden charges like atm withdraws sms notification charges,68,Satisfied
RIZWANA,2019-12-07,Bangalore,Kotak,5.0,"""Excellent Account""","I have been holding the salary account with Kotak Mahindra bank. Just 8 months before, i had opened this account. Its a hassle free account to use. Its good to use their Internet banking and mobile app facility. I have visited their branch and the response was good. Totally, I'm happy about the services.",https://static.bankbazaar.com/images/common/bank-logo/kotak.png,Blown Away!,1,i have been holding the salary account with kotak mahindra bank just 8 months before i had opened this account its a hassle free account to use its good to use their internet banking and mobile app facility i have visited their branch and the response was good totally im happy about the services,54,Satisfied
M,2019-12-07,Chennai,SBI,5.0,"""Best savings account""","I am using savings account in SBI almost 3 years.
The customer service and responsiveness are good. If I withdrawn cash from ATM I am getting alert messages. This is a domestic card, and i am using visa card.  This is a free card, no charges and there is a minimum balance i have to maintain Rs.3000.",https://static.bankbazaar.com/images/common/bank-logo/sbi-4.png,Blown Away!,0,i am using savings account in sbi almost 3 years the customer service and responsiveness are good if i withdrawn cash from atm i am getting alert messages this is a domestic card and i am using visa card this is a free card no charges and there is a minimum balance i have to maintain rs3000,57,Satisfied
RAFI,2019-12-06,Hyderabad,Unknown,5.0,"""Good Bank""",I have not made any transaction so far and I'm not operating the syndicate bank account for a long time. Opened my savings account from this bank on 3 years back. The branch is located in my hometown that is the reason i have opted the account with this bank. I was using an online banking facility of this bank.,https://static.bankbazaar.com/images/common/bank-logo/ALL_BANKS.png,Blown Away!,2,i have not made any transaction so far and im not operating the syndicate bank account for a long time opened my savings account from this bank on 3 years back the branch is located in my hometown that is the reason i have opted the account with this bank i was using an online banking facility of this bank,60,Satisfied
RAFI,2019-12-06,Hyderabad,Unknown,5.0,"""Good Account""",Opened my salary account from Standard Chartered bank. From 2017  I'm operating this bank account. Its a zero balance account. I have not had any problem. The bank transactions are very smooth. The branch experience was quite good and the staffs are helpful.,https://static.bankbazaar.com/images/common/bank-logo/ALL_BANKS.png,Blown Away!,1,opened my salary account from standard chartered bank from 2017 im operating this bank account its a zero balance account i have not had any problem the bank transactions are very smooth the branch experience was quite good and the staffs are helpful,43,Satisfied
Gopal,2019-12-06,Navi mumbai,Kotak,0.5,"""PLease do not open a bank account in KMB ""","ready to cheat NRI's
please open any account 
choose ICICI the best one.
this is the bank looks so nice but ready to loot you by just nice show ups my choice is a right one because i suffered a lot. at least some one want to open a account this is not  at all a great choice.",https://static.bankbazaar.com/images/common/bank-logo/kotak.png,Unacceptable,5,ready to cheat nris please open any account choose icici the best one this is the bank looks so nice but ready to loot you by just nice show ups my choice is a right one because i suffered a lot at least some one want to open a account this is not at all a great choice,58,Dissatisfied
WILSON,2019-12-06,Kollam,Unknown,5.0,"""Best saving bank""","I am maintaining my savings account in INDIAN BANK for the past 3-4 Years and this is salary cums savings account. Till now there was no issues,  its a friendly bank according to my experience. I am using the online service which is very good. Customer service was good.",https://static.bankbazaar.com/images/common/bank-logo/ALL_BANKS.png,Blown Away!,0,i am maintaining my savings account in indian bank for the past 34 years and this is salary cums savings account till now there was no issues its a friendly bank according to my experience i am using the online service which is very good customer service was good,49,Satisfied
KARTHIKEYAN,2019-12-06,Coimbatore,Unknown,2.0,"""Customer care is not upto the mark""","I'm holding the savings account from Indian Bank for more than 10 years. Since the branch is located nearby my home town, I have selected this bank. Its a zero balance account.  I was applied for net banking facility near by branch but I didn't get prompt response. So I have not tried their banking facility.",https://static.bankbazaar.com/images/common/bank-logo/ALL_BANKS.png,Expected more,1,im holding the savings account from indian bank for more than 10 years since the branch is located nearby my home town i have selected this bank its a zero balance account i was applied for net banking facility near by branch but i didnt get prompt response so i have not tried their banking facility,56,Dissatisfied
G,2019-12-06,Visakhapatnam,Unknown,4.0,"""Need to be fast in the service""","My savings account is in UNION BANK OF INDIA. I am using this account more than 8-10 years. Customer service was good, but processing taking very long time. They need govt sign and govt support. I am having domestic debit card. If i withdrawn cash from ATM I am getting alert message.",https://static.bankbazaar.com/images/common/bank-logo/ALL_BANKS.png,Great!,1,my savings account is in union bank of india i am using this account more than 810 years customer service was good but processing taking very long time they need govt sign and govt support i am having domestic debit card if i withdrawn cash from atm i am getting alert message,52,Satisfied
Bheem,2019-12-05,Hyderabad,IndusInd Bank,0.5,"""Worst NRE/NRI services by Indusland Bank""",worst service I ever seen in my life from Indusland bank. They don't bother about the customer issue and don't maitain track of conversation. Long waiting in call. NRE service is available on non-NRE timings. Disgusting service I ever see .,https://static.bankbazaar.com/images/common/bank-logo/indusind.png,Unacceptable,12,worst service i ever seen in my life from indusland bank they dont bother about the customer issue and dont maitain track of conversation long waiting in call nre service is available on nonnre timings disgusting service i ever see,40,Dissatisfied
SANAL,2019-12-05,Thiruvananthapuram,Canara Bank,5.0,"""Good Service""",I have Canara Bank saving account for the past 3 to 4 months .This saving account transaction details will be received through message alert only .I have not undergone any difficulties so far on the usage .I have not faced any fraudulent transaction and satisfied with the overall banking service.,https://static.bankbazaar.com/images/common/bank-logo/canara-bank.png,Blown Away!,0,i have canara bank saving account for the past 3 to 4 months this saving account transaction details will be received through message alert only i have not undergone any difficulties so far on the usage i have not faced any fraudulent transaction and satisfied with the overall banking service,50,Satisfied
REMA,2019-12-05,Thiruvananthapuram,SBI,5.0,"""Good Service""",I have State Bank Of India saving account for the past 6 to  7 months only.Will be getting message alert for each and every transaction .There was no difficulties faced on using this account .customer service was good and getting good response as well.There was no fraudulent transaction faced so far .,https://static.bankbazaar.com/images/common/bank-logo/sbi-4.png,Blown Away!,1,i have state bank of india saving account for the past 6 to 7 months onlywill be getting message alert for each and every transaction there was no difficulties faced on using this account customer service was good and getting good response as wellthere was no fraudulent transaction faced so far,51,Satisfied
DASAPALLI,2019-12-05,Hyderabad,HDFC Bank,5.0,"""Best saving bank""",I have opened my savings account in HDFC Bank before 18 years ago. My experience is very very good and I like the customer support and responsiveness was good. Other things are also good in this bank. I am using Internet banking its very user friendly.,https://static.bankbazaar.com/images/common/bank-logo/hdfc.png,Blown Away!,0,i have opened my savings account in hdfc bank before 18 years ago my experience is very very good and i like the customer support and responsiveness was good other things are also good in this bank i am using internet banking its very user friendly,46,Satisfied
NAGARAJ,2019-12-05,Bangalore,Unknown,5.0,"""One of the quality bank""",I opened the savings account from Bank of India. Its almost 5 years since i have been using this account. Its a good nationalized bank so that i have chosen. I am not using their online banking facility. I need to maintain a minimum balance of Rs. 1000.,https://static.bankbazaar.com/images/common/bank-logo/ALL_BANKS.png,Blown Away!,3,i opened the savings account from bank of india its almost 5 years since i have been using this account its a good nationalized bank so that i have chosen i am not using their online banking facility i need to maintain a minimum balance of rs 1000,48,Satisfied
RAMAIAH,2019-12-05,Bangalore,Unknown,5.0,"""Good Account""",Using the salary account from Andhra bank and i have opened the account 5 years back. Its a hassle free account to use. I went to their branch for the bank statement in passbook and the response was fine. They are sending the deposit and withdrawal notifications immediately.,https://static.bankbazaar.com/images/common/bank-logo/ALL_BANKS.png,Blown Away!,1,using the salary account from andhra bank and i have opened the account 5 years back its a hassle free account to use i went to their branch for the bank statement in passbook and the response was fine they are sending the deposit and withdrawal notifications immediately,48,Satisfied
V Singh,2019-12-05,Moradabad,Punjab National Bank,4.0,"""Best service""",I am using Punjab National Bank saving account for the past 8 years .I am using net banking service as well as mobile banking service both are really good .I am using this service for money transfer only .This service is very user friendly and customer service is also good .I am really satisfied with banking service as well.,https://static.bankbazaar.com/images/common/bank-logo/punjab-national-bank.png,Great!,2,i am using punjab national bank saving account for the past 8 years i am using net banking service as well as mobile banking service both are really good i am using this service for money transfer only this service is very user friendly and customer service is also good i am really satisfied with banking service as well,59,Satisfied
RAM,2019-12-05,Pune,Unknown,4.0,"""Good Service""",I have Bank Of Maharashtra saving account for the past 10 years .There will be message alert for each transaction .Customer service is good and banking service is much comfortable .Each and every transaction will be safe and secure always .There was no drawbacks faced on using this account .,https://static.bankbazaar.com/images/common/bank-logo/ALL_BANKS.png,Great!,5,i have bank of maharashtra saving account for the past 10 years there will be message alert for each transaction customer service is good and banking service is much comfortable each and every transaction will be safe and secure always there was no drawbacks faced on using this account,49,Satisfied
PATLOLLA,2019-12-05,Kalaburagi,SBI,4.0,"""Best savings account""",I have taken my savings account from STATE BANK OF INDIA more than 8 years. Since their branch is available near to my home hence I have chosen it. I am using their online banking facility and its good to us. Customer service and responsiveness was good.,https://static.bankbazaar.com/images/common/bank-logo/sbi-4.png,Great!,2,i have taken my savings account from state bank of india more than 8 years since their branch is available near to my home hence i have chosen it i am using their online banking facility and its good to us customer service and responsiveness was good,47,Satisfied
TAMIL,2019-12-05,Chennai,SBI,4.0,"""Good Service""",I have saving account with SBI  for past 13 years. I am using only net banking service which is mostly used for money transfer and travel ticket booking . Customer service is also good and there was no difficulties faced so far. Banking service is much comfortable and there was no difficulties faced as well.,https://static.bankbazaar.com/images/common/bank-logo/sbi-4.png,Great!,1,i have saving account with sbi for past 13 years i am using only net banking service which is mostly used for money transfer and travel ticket booking customer service is also good and there was no difficulties faced so far banking service is much comfortable and there was no difficulties faced as well,54,Satisfied
BHARATH,2019-12-05,Madurai,Canara Bank,5.0,"""Good service""","I am using Canara bank savings account for last one  year. Since I like their service I have selected this bank. I need to maintain a minimum balance of Rs. 1000. Its quite comfortable to use online banking facility. Weekly once, I have been visited their branch and the response was prompt. I can access ATM in all the places.",https://static.bankbazaar.com/images/common/bank-logo/canara-bank.png,Blown Away!,1,i am using canara bank savings account for last one year since i like their service i have selected this bank i need to maintain a minimum balance of rs 1000 its quite comfortable to use online banking facility weekly once i have been visited their branch and the response was prompt i can access atm in all the places,60,Satisfied
ANONYMS,2019-12-05,Chennai,Canara Bank,5.0,"""Normal service""",Its been more than 10 years since I'm using the salary account from Canara bank. I never faced any issue till now. In my branch the response was good and the staffs are helpful. Its quite easy to use their Internet banking and mobile app. Its easy to access their website also.,https://static.bankbazaar.com/images/common/bank-logo/canara-bank.png,Blown Away!,0,its been more than 10 years since im using the salary account from canara bank i never faced any issue till now in my branch the response was good and the staffs are helpful its quite easy to use their internet banking and mobile app its easy to access their website also,52,Satisfied
S P,2019-12-05,Agartala,Axis Bank,5.0,"""Best savings account""",I have been holding an account for a saving with AXIS bank since 13 years till now there was no issues salary cums  savings. If i withdrawn more than 4 attempts with other ATMs there will be some charges. I use to get an alert messages while withdrawal cash from ATM. I have this bank ATM near to my house.,https://static.bankbazaar.com/images/common/bank-logo/axis.png,Blown Away!,0,i have been holding an account for a saving with axis bank since 13 years till now there was no issues salary cums savings if i withdrawn more than 4 attempts with other atms there will be some charges i use to get an alert messages while withdrawal cash from atm i have this bank atm near to my house,60,Satisfied
NAYAK,2019-12-05,Bangalore,Unknown,4.0,"""Good Account""","Andhra bank account is good. In the year of 2012, i took this account. In my college Andhra bank was available hence for the scholarship purpose i have chosen this bank. Its not a zero balance account hence they are deducting some amount whenever I'm not maintaining a minimum balance account.",https://static.bankbazaar.com/images/common/bank-logo/ALL_BANKS.png,Great!,1,andhra bank account is good in the year of 2012 i took this account in my college andhra bank was available hence for the scholarship purpose i have chosen this bank its not a zero balance account hence they are deducting some amount whenever im not maintaining a minimum balance account,51,Satisfied
NAYAK,2019-12-05,Bangalore,Axis Bank,5.0,"""Very Good Account""","In the month of April, i have opened my salary account from Axis bank. They have given zero balance maintenance for the salary account. I have not used the Internet banking facility and mobile app. One time I have visited their  branch to change ATM pin and the response was unhappy because they are giving important only to the person who takes the loan. They are giving discounts online shopping for debit cards.",https://static.bankbazaar.com/images/common/bank-logo/axis.png,Blown Away!,0,in the month of april i have opened my salary account from axis bank they have given zero balance maintenance for the salary account i have not used the internet banking facility and mobile app one time i have visited their branch to change atm pin and the response was unhappy because they are giving important only to the person who takes the loan they are giving discounts online shopping for debit cards,73,Satisfied
CHANDU,2019-12-05,Bangalore,SBI,4.0,"""Lots of hidden charges""",I have been holding savings account from State bank of India and I am using for almost 10 years. This is my first savings account. Only SBI is available in my surrounding that is the reason I had chosen this bank. They are taking lot of amount of non balance maintenance and other hidden charges.,https://static.bankbazaar.com/images/common/bank-logo/sbi-4.png,Great!,0,i have been holding savings account from state bank of india and i am using for almost 10 years this is my first savings account only sbi is available in my surrounding that is the reason i had chosen this bank they are taking lot of amount of non balance maintenance and other hidden charges,55,Satisfied
KRISHNAN,2019-12-04,Chikballapura,SBI,4.5,"""Need to provide more benefits and offers """,I am using SBI to hold a saving account for the past 18 years. I am not using mobile app or net banking so far. This is my first account. Need to maintain a minimum balance of 5K and there is no hidden charges. Being a privilege customer they have not provided any loan or card offers.  ATM and branches are near.,https://static.bankbazaar.com/images/common/bank-logo/sbi-4.png,Excellent!,1,i am using sbi to hold a saving account for the past 18 years i am not using mobile app or net banking so far this is my first account need to maintain a minimum balance of 5k and there is no hidden charges being a privilege customer they have not provided any loan or card offers atm and branches are near,62,Satisfied
KHARE,2019-12-04,Dehradun,HDFC Bank,4.0,"""Customer satisfactory account""","Recently I have opened the savings account from HDFC bank. I use this account for last 6 months, at earlier it was my salary account. I have visited their branch and the response was good. Its good to use their net banking facility. There is offers for debit card and they are not deducting any kind of hidden charges.",https://static.bankbazaar.com/images/common/bank-logo/hdfc.png,Great!,1,recently i have opened the savings account from hdfc bank i use this account for last 6 months at earlier it was my salary account i have visited their branch and the response was good its good to use their net banking facility there is offers for debit card and they are not deducting any kind of hidden charges,59,Satisfied
RANGA,2019-12-04,Chennai,SBI,3.5,"""Need to improve customer service""","I am holding salary plus saving account with SBI for more than 9 years. It is a minimum balance account to maintain of 1000 rupees. If I visit to branch for any query there is not up to the mark and no proper response. No hidden charges are avail. Before I was using net banking due to server issue stop using it now. Alert message I get on delay basis. There is ATM charges avail of 40 rupees, if I exceed more than 5 times in a month.",https://static.bankbazaar.com/images/common/bank-logo/sbi-4.png,Pretty good,0,i am holding salary plus saving account with sbi for more than 9 years it is a minimum balance account to maintain of 1000 rupees if i visit to branch for any query there is not up to the mark and no proper response no hidden charges are avail before i was using net banking due to server issue stop using it now alert message i get on delay basis there is atm charges avail of 40 rupees if i exceed more than 5 times in a month,88,Dissatisfied
ANONYMS,2019-12-04,Amalapuram,Axis Bank,5.0,"""Charges are very high""",Opened my savings account with Axis bank and i have been holding this account from 2015. My company opened this account for their own transactions. Service is very nice. I need to maintain a minimum balance of Rs. 2000. I have not experienced of their online banking facility.,https://static.bankbazaar.com/images/common/bank-logo/axis.png,Blown Away!,1,opened my savings account with axis bank and i have been holding this account from 2015 my company opened this account for their own transactions service is very nice i need to maintain a minimum balance of rs 2000 i have not experienced of their online banking facility,48,Satisfied
S P B,2019-12-04,Amalapuram,HDFC Bank,2.0,"""Charges are high""","HDFC bank is charging very high hence i won't recommend this account to everyone. To maintain a minimum balance of Rs. 5000 is quite difficult for all the people. In my previous company, they have provided me this account as a salary account. After i left the company bank has converted my account from salary account to savings account.",https://static.bankbazaar.com/images/common/bank-logo/hdfc.png,Expected more,1,hdfc bank is charging very high hence i wont recommend this account to everyone to maintain a minimum balance of rs 5000 is quite difficult for all the people in my previous company they have provided me this account as a salary account after i left the company bank has converted my account from salary account to savings account,59,Dissatisfied
S P B,2019-12-04,Amalapuram,Canara Bank,4.0,"""Customer service is very nice""","Canara bank customer care service is very nice and i hold this account since 2006. I need to maintain a minimum balance of Rs, 500. I have not faced any issues from this account. I have not used the Internet banking and mobile app. When i was a student, i opened this account.",https://static.bankbazaar.com/images/common/bank-logo/canara-bank.png,Great!,1,canara bank customer care service is very nice and i hold this account since 2006 i need to maintain a minimum balance of rs 500 i have not faced any issues from this account i have not used the internet banking and mobile app when i was a student i opened this account,53,Satisfied
BILLA,2019-12-04,Amalapuram,SBI,5.0,"""Largest bank in India""",SBI is a very good bank because it provides me a nice service and its a zero balance account hence there is no minimum balance is required. I have been using this account since 2013. I have visited their branch and they are treating the customer very nicely.,https://static.bankbazaar.com/images/common/bank-logo/sbi-4.png,Blown Away!,0,sbi is a very good bank because it provides me a nice service and its a zero balance account hence there is no minimum balance is required i have been using this account since 2013 i have visited their branch and they are treating the customer very nicely,48,Satisfied
M R,2019-12-03,Dindigul,Canara Bank,3.5,"""Good Bank""",I have been utilizing the savings account from Canara bank from the year of 2003 and its my first bank account. In my area this bank is available. I need to maintain a minimum balance of Rs. 500. They are not deducting any kind of unwanted charges. They are charging Rs. 23 for other bank ATM's withdrawals.,https://static.bankbazaar.com/images/common/bank-logo/canara-bank.png,Pretty good,0,i have been utilizing the savings account from canara bank from the year of 2003 and its my first bank account in my area this bank is available i need to maintain a minimum balance of rs 500 they are not deducting any kind of unwanted charges they are charging rs 23 for other bank atms withdrawals,57,Dissatisfied
M R,2019-12-03,Dindigul,Unknown,4.0,"""Good Service""",I have been using the savings account from Indian Bank and its because of the good service i have opened the account in the year of 2012. I have experienced of their mobile banking and there is no issue on that. I am not using the Internet banking facility. Response was good in the branch.,https://static.bankbazaar.com/images/common/bank-logo/ALL_BANKS.png,Great!,2,i have been using the savings account from indian bank and its because of the good service i have opened the account in the year of 2012 i have experienced of their mobile banking and there is no issue on that i am not using the internet banking facility response was good in the branch,55,Satisfied
PADHI,2019-12-03,Bangalore,Kotak,4.0,"""Customer support is very good""","In Kotak Mahindra bank, i have my salary account and the customer care people are much reachable. More than 5 years, i am using this account. Its convenient to use the mobile app and net banking facility. I have visited their branch and the employees are behaving very friendly.",https://static.bankbazaar.com/images/common/bank-logo/kotak.png,Great!,0,in kotak mahindra bank i have my salary account and the customer care people are much reachable more than 5 years i am using this account its convenient to use the mobile app and net banking facility i have visited their branch and the employees are behaving very friendly,49,Satisfied
KUMAR,2019-12-03,Bhilwara,Unknown,5.0,"""Excellent Service""",I am having a salary account with BANK OF BARODA for more than 7 years. It is a minimum balance amount to maintain of 1K.  No hidden charges are avail in this bank. I am not using mobile app and net banking.  Overall their service is good. I get an alert message on time from bank for each transaction.,https://static.bankbazaar.com/images/common/bank-logo/ALL_BANKS.png,Blown Away!,0,i am having a salary account with bank of baroda for more than 7 years it is a minimum balance amount to maintain of 1k no hidden charges are avail in this bank i am not using mobile app and net banking overall their service is good i get an alert message on time from bank for each transaction,59,Satisfied
RAJ,2019-12-03,Chennai,Unknown,4.0,"""Good Service""",I have been maintain a saving account with KARUR VYSYA BANK for more than 1.5 years. There is some hidden charges in this bank but no need to maintain  a minimum balance amount. I am using mobile app and net banking both are user friendly to access. So far I have not faced any fraudulent issue by holding an account with them.,https://static.bankbazaar.com/images/common/bank-logo/ALL_BANKS.png,Great!,0,i have been maintain a saving account with karur vysya bank for more than 15 years there is some hidden charges in this bank but no need to maintain a minimum balance amount i am using mobile app and net banking both are user friendly to access so far i have not faced any fraudulent issue by holding an account with them,62,Satisfied
SH,2019-12-03,Chennai,SBI,4.0,"""Good Service""",For more than 3 years I am holding a saving account with SBI . There is some hidden charges in this bank. It is a  minimum balance account of 1000 rupees. I am using mobile app and it is user friendly to access.  I prefer to use online transaction rather visiting branch.,https://static.bankbazaar.com/images/common/bank-logo/sbi-4.png,Great!,0,for more than 3 years i am holding a saving account with sbi there is some hidden charges in this bank it is a minimum balance account of 1000 rupees i am using mobile app and it is user friendly to access i prefer to use online transaction rather visiting branch,51,Satisfied
DRAN,2019-12-03,Chennai,Unknown,4.0,"""Good Service""",I am holding a salary account  with YES bank for more than 4 months. There is no hidden charges in this bank. Since its salary account so no need to maintain a minimum balance amount. Rather visiting branch mostly I use online transaction. On monthly basis some charges are applicable.,https://static.bankbazaar.com/images/common/bank-logo/ALL_BANKS.png,Great!,1,i am holding a salary account with yes bank for more than 4 months there is no hidden charges in this bank since its salary account so no need to maintain a minimum balance amount rather visiting branch mostly i use online transaction on monthly basis some charges are applicable,50,Satisfied
V C,2019-12-03,Bulandshahr,Unknown,5.0,"""Good Account""","I have taken the savings account from Oriental bank of Commerce on 15 years before. There is no specific reason for selecting this bank. I hold a minimum balance of Rs. 3,000. I am not able to access  ATMs and branches in all the places. I have not tried their net banking facility till now.",https://static.bankbazaar.com/images/common/bank-logo/ALL_BANKS.png,Blown Away!,0,i have taken the savings account from oriental bank of commerce on 15 years before there is no specific reason for selecting this bank i hold a minimum balance of rs 3000 i am not able to access atms and branches in all the places i have not tried their net banking facility till now,55,Satisfied
V C,2019-12-03,Bulandshahr,Canara Bank,5.0,"""Good Bank""",I have opened my salary account from Canara bank and i hold this from the year of 2015. Bank executive came to my place to open this account. Its a zero balance account. I am not using their online banking and mobile app facility. I went to their branch for withdrawing some money and the response was fine.,https://static.bankbazaar.com/images/common/bank-logo/canara-bank.png,Blown Away!,0,i have opened my salary account from canara bank and i hold this from the year of 2015 bank executive came to my place to open this account its a zero balance account i am not using their online banking and mobile app facility i went to their branch for withdrawing some money and the response was fine,58,Satisfied
ANONYMS,2019-12-03,Parvathipuram,SBI,4.0,"""Okay banking""","I have opened the savings account with SBI in the year of 2013. I need to hold a minimum balance of Rs. 1000. In my local area, SBI branch was available so that i have chosen this bank. Its very good to use their online banking facility. SBI branch has a overcrowded one because only one branch was there for 3 mandals.",https://static.bankbazaar.com/images/common/bank-logo/sbi-4.png,Great!,0,i have opened the savings account with sbi in the year of 2013 i need to hold a minimum balance of rs 1000 in my local area sbi branch was available so that i have chosen this bank its very good to use their online banking facility sbi branch has a overcrowded one because only one branch was there for 3 mandals,62,Satisfied
ANONYMS,2019-12-03,Parvathipuram,Unknown,5.0,"""Good Service""","Andhra bank is a very good bank in providing service to the customer. I need to maintain a minimum balance of Rs. 10000. If below maintenance of Rs. 10000, they are charging Rs. 50. Andhra bank online banking is very good to use. I have visited their branch and the response was very good.",https://static.bankbazaar.com/images/common/bank-logo/ALL_BANKS.png,Blown Away!,1,andhra bank is a very good bank in providing service to the customer i need to maintain a minimum balance of rs 10000 if below maintenance of rs 10000 they are charging rs 50 andhra bank online banking is very good to use i have visited their branch and the response was very good,54,Satisfied
LA,2019-12-03,Warangal,Unknown,4.0,"""Good Service""",I am holding saving account with ANDHRA PRAGATHI GRAMEENA BANK for more than 6 months. Need to maintain a minimum balance account of 1000 rupees. Each and every transaction is safe and secured. So far I have not faced any fraudulent issue. I am using mobile app and net banking both are good.,https://static.bankbazaar.com/images/common/bank-logo/ALL_BANKS.png,Great!,0,i am holding saving account with andhra pragathi grameena bank for more than 6 months need to maintain a minimum balance account of 1000 rupees each and every transaction is safe and secured so far i have not faced any fraudulent issue i am using mobile app and net banking both are good,53,Satisfied
DATTA,2019-12-03,Nanded,IndusInd Bank,4.0,"""Best  Service""",I have Indusind Bank Salary account which i am using for the past 2 years.I am using net banking service as well as mobile banking service both are very useful .I am using these service for money transfer and recharge.Customer service is very good and banking service is also comfortable.,https://static.bankbazaar.com/images/common/bank-logo/indusind.png,Great!,4,i have indusind bank salary account which i am using for the past 2 yearsi am using net banking service as well as mobile banking service both are very useful i am using these service for money transfer and rechargecustomer service is very good and banking service is also comfortable,50,Satisfied
PA,2019-12-03,Warangal,SBI,4.0,"""Good""",More than 10 years I am holding account with SBI. This is my first bank account. They intimated to maintain minimum of 5K. SMS charges are applicable which is nominal. I am using Mobile app and net banking both are user friendly to access. I use to get alert messages on time from bank whenever I do a transaction.,https://static.bankbazaar.com/images/common/bank-logo/sbi-4.png,Great!,0,more than 10 years i am holding account with sbi this is my first bank account they intimated to maintain minimum of 5k sms charges are applicable which is nominal i am using mobile app and net banking both are user friendly to access i use to get alert messages on time from bank whenever i do a transaction,59,Satisfied
DALA,2019-12-03,Warangal,Axis Bank,4.0,"""Good """,The customer service of Axis bank is good. I have been using this account for more than 2 years. It is zero balance account so no need to maintain a minimum balance amount. There are some charges applicable of 150 rupees which is nominal. ATM and branches are near to reach them and good service.,https://static.bankbazaar.com/images/common/bank-logo/axis.png,Great!,0,the customer service of axis bank is good i have been using this account for more than 2 years it is zero balance account so no need to maintain a minimum balance amount there are some charges applicable of 150 rupees which is nominal atm and branches are near to reach them and good service,55,Satisfied
PAGADALA,2019-12-03,Warangal,HDFC Bank,3.0,"""Need to decrease charges""",I have been holding savings account with HDFC BANK for more than one year. It is a minimum balance to maintain of 5000 rupees. The customer care is not good response would like to suggest to improve it. SMS charges are avail. They are deducting 880 rupees for debit card charges on annual basis. Mobile app and net banking both are user friendly.,https://static.bankbazaar.com/images/common/bank-logo/hdfc.png,Satisfactory,1,i have been holding savings account with hdfc bank for more than one year it is a minimum balance to maintain of 5000 rupees the customer care is not good response would like to suggest to improve it sms charges are avail they are deducting 880 rupees for debit card charges on annual basis mobile app and net banking both are user friendly,63,Average
HARIKESH Y,2019-12-02,Hyderabad,SBI,4.0,"""Best savings account""","I have an account with SBI Bank saving account more than 2 years.They offered a platinum debit card.and the card has some yearly charges of Rs.180. To open an account with SBI Bank needs pan card, aadhar card and KYC completed by official mangers, so my account activated within 24hours. Customer service was good and i am not facing any problem.",https://static.bankbazaar.com/images/common/bank-logo/sbi-4.png,Great!,0,i have an account with sbi bank saving account more than 2 yearsthey offered a platinum debit cardand the card has some yearly charges of rs180 to open an account with sbi bank needs pan card aadhar card and kyc completed by official mangers so my account activated within 24hours customer service was good and i am not facing any problem,61,Satisfied
GOUTHAM,2019-12-01,Hyderabad,Unknown,5.0,"""Service is Good """,I am using Andhra Bank saving account for the past 1 year .I will be getting transaction acknowledgement through message and email alert.I have not undergone any fraudulent transaction so far on the usage .Customer service is perfect and also satisfied with the banking service as well.,https://static.bankbazaar.com/images/common/bank-logo/ALL_BANKS.png,Blown Away!,6,i am using andhra bank saving account for the past 1 year i will be getting transaction acknowledgement through message and email alerti have not undergone any fraudulent transaction so far on the usage customer service is perfect and also satisfied with the banking service as well,47,Satisfied
SHRIPATI,2019-12-01,Goa,Axis Bank,5.0,"""Excellent Service""",I am using Axis Bank salary account which i am using for the past 2.5 years .I will be getting message alert as well as email alert for all transactions. If there is any banking update I use to get messages from bank. If I have any query can get assistance through customer service. I am satisfied with overall banking service .,https://static.bankbazaar.com/images/common/bank-logo/axis.png,Blown Away!,0,i am using axis bank salary account which i am using for the past 25 years i will be getting message alert as well as email alert for all transactions if there is any banking update i use to get messages from bank if i have any query can get assistance through customer service i am satisfied with overall banking service,61,Satisfied
ARVIND,2019-12-01,Surat,IndusInd Bank,5.0,"""Excellent Service""",I have INDUSIND Bank saving account which I am holding for more than a year. I am using net banking service as well as mobile banking service both are user friendly and  if need  any clarifications can track all the transaction details through online.Customer service is also good and getting good response.,https://static.bankbazaar.com/images/common/bank-logo/indusind.png,Blown Away!,7,i have indusind bank saving account which i am holding for more than a year i am using net banking service as well as mobile banking service both are user friendly and if need any clarifications can track all the transaction details through onlinecustomer service is also good and getting good response,52,Satisfied
ROHI,2019-12-01,Surat,Axis Bank,5.0,"""Good Service""","I have Axis  Bank Saving account which I am using for past 6 years. I am using net banking service as well as mobile banking service both are very comfortable  .If contact customer service for any help will get proper response .This banking service is really good and satisfied ,",https://static.bankbazaar.com/images/common/bank-logo/axis.png,Blown Away!,0,i have axis bank saving account which i am using for past 6 years i am using net banking service as well as mobile banking service both are very comfortable if contact customer service for any help will get proper response this banking service is really good and satisfied,49,Satisfied
Kumar,2019-12-01,Surat,Unknown,3.0,"""Good Service""",I am holding Andhra Bank savings account recently. I am using net banking service as well as mobile banking service both are very user friendly. Each and every transaction will be received through online if I need any clarification can check from our end itself. I am satisfied with the service so far.,https://static.bankbazaar.com/images/common/bank-logo/ALL_BANKS.png,Satisfactory,1,i am holding andhra bank savings account recently i am using net banking service as well as mobile banking service both are very user friendly each and every transaction will be received through online if i need any clarification can check from our end itself i am satisfied with the service so far,53,Average
GH,2019-11-30,Bangalore,Axis Bank,5.0,"""Good Service""",I have been holding Axis Bank salary account for the past 3 years . I am using net banking service as well as mobile banking service both are very much comfortable. I am using this service for money transfer and recharge purpose are very much useful. There was no fraudulent transaction happened so far.,https://static.bankbazaar.com/images/common/bank-logo/axis.png,Blown Away!,0,i have been holding axis bank salary account for the past 3 years i am using net banking service as well as mobile banking service both are very much comfortable i am using this service for money transfer and recharge purpose are very much useful there was no fraudulent transaction happened so far,53,Satisfied
THAKUR,2019-11-30,Bangalore,Axis Bank,5.0,"""Good Service""",I am using Axis Bank saving account for the past 3 years .I am using net banking service as well as mobile banking service both are very much user friendly .I am using this service for money transfer and recharge purpose it is very much useful .If contact customer service for any assistance it is very useful and there was no difficulties faced so far.,https://static.bankbazaar.com/images/common/bank-logo/axis.png,Blown Away!,0,i am using axis bank saving account for the past 3 years i am using net banking service as well as mobile banking service both are very much user friendly i am using this service for money transfer and recharge purpose it is very much useful if contact customer service for any assistance it is very useful and there was no difficulties faced so far,65,Satisfied
GANDU,2019-11-30,Hyderabad,SBI,5.0,"""Good Service""",I have state Bank Of India salary account for the past 6 years .I am using net banking service as well as mobile banking service both are very useful.I have used for money transfer .Customer service is also getting good response if contact for any assistance .Banking service is also satisfied according to me .,https://static.bankbazaar.com/images/common/bank-logo/sbi-4.png,Blown Away!,0,i have state bank of india salary account for the past 6 years i am using net banking service as well as mobile banking service both are very usefuli have used for money transfer customer service is also getting good response if contact for any assistance banking service is also satisfied according to me,54,Satisfied
LALIT,2019-11-30,Pune,HDFC Bank,4.0,"""Excellent Service""",I am using HDFC Bank salary account for the past 7 months .I am using net banking service as well as mobile banking service both are much comfortable .I am using this service for  recharge and money transfer .There was no fraudulent transaction happened while using this account .,https://static.bankbazaar.com/images/common/bank-logo/hdfc.png,Great!,1,i am using hdfc bank salary account for the past 7 months i am using net banking service as well as mobile banking service both are much comfortable i am using this service for recharge and money transfer there was no fraudulent transaction happened while using this account,48,Satisfied
SHELAR,2019-11-30,Dhule,Axis Bank,5.0,"""Excellent Service""",I am having Axis Bank saving account which I am using for the past 5 years. I will be receiving message alert as well as email alert . Each and every transaction will be safe and there was no difficulties faced. Banking service is much comfortable and I am satisfied with the service so far.,https://static.bankbazaar.com/images/common/bank-logo/axis.png,Blown Away!,0,i am having axis bank saving account which i am using for the past 5 years i will be receiving message alert as well as email alert each and every transaction will be safe and there was no difficulties faced banking service is much comfortable and i am satisfied with the service so far,54,Satisfied
MEENA,2019-11-30,Jaipur,SBI,3.0,"""Good Service""","I am using State Bank Of India saving account for the past 4 to 5 years. I am using net banking service which is very useful to take bank statement, this is very much user friendly .If I contact for any assistance will be getting good response from customer service. I am satisfied with the banking service.",https://static.bankbazaar.com/images/common/bank-logo/sbi-4.png,Satisfactory,0,i am using state bank of india saving account for the past 4 to 5 years i am using net banking service which is very useful to take bank statement this is very much user friendly if i contact for any assistance will be getting good response from customer service i am satisfied with the banking service,57,Average
PRADEEP,2019-11-29,Vijayawada,HDFC Bank,4.0,"""Excellent service""","I hold the salary account with HDFC BANK for more than 3 years. I use both net banking and mobile application, Mobile application is easier. I use to check all the transactions and available balance. Platinum debit card maintaining charges is Rs.750 per annum. Only 5 transactions are free in ATM. Further they charger Rs.23 even it is from same atm.",https://static.bankbazaar.com/images/common/bank-logo/hdfc.png,Great!,2,i hold the salary account with hdfc bank for more than 3 years i use both net banking and mobile application mobile application is easier i use to check all the transactions and available balance platinum debit card maintaining charges is rs750 per annum only 5 transactions are free in atm further they charger rs23 even it is from same atm,61,Satisfied
BABULAL,2019-11-29,Haveri,SBI,4.0,"""Best savings account""","I have been holding an account for a saving with SBI bank since 15 years till now there was no issues. If i withdrawn more than 4 attempt with other ATM have some charges.
 I am getting an alert messages while withdrawal cash from ATM. I have SBI bank ATM near to my home.",https://static.bankbazaar.com/images/common/bank-logo/sbi-4.png,Great!,1,i have been holding an account for a saving with sbi bank since 15 years till now there was no issues if i withdrawn more than 4 attempt with other atm have some charges i am getting an alert messages while withdrawal cash from atm i have sbi bank atm near to my home,54,Satisfied
SA,2019-11-29,Bareilly,Axis Bank,3.0,"""Need to reduce interest rate """,I am having a saving account with AXIS BANK for past 5 years. It is a minimum balance need to maintain of 10K. On monthly basis hidden charges are applicable approximately of 100- 500 rupees. ATM charges are avail if I do a transaction  of 10-12 times in a month and for cash transaction also available.,https://static.bankbazaar.com/images/common/bank-logo/axis.png,Satisfactory,1,i am having a saving account with axis bank for past 5 years it is a minimum balance need to maintain of 10k on monthly basis hidden charges are applicable approximately of 100 500 rupees atm charges are avail if i do a transaction of 1012 times in a month and for cash transaction also available,56,Average
YAM,2019-11-29,Bareilly,Punjab National Bank,5.0,"""Good Service""",I am holding saving account with PUNJAB NATIONAL BANK for more than 5 years. Banker has intimated need to maintain a minimum balance of 2K. ATM and branches are near to reach them. I am using mobile app and net banking both are user friendly. It is safe to maintain a account with them.,https://static.bankbazaar.com/images/common/bank-logo/punjab-national-bank.png,Blown Away!,5,i am holding saving account with punjab national bank for more than 5 years banker has intimated need to maintain a minimum balance of 2k atm and branches are near to reach them i am using mobile app and net banking both are user friendly it is safe to maintain a account with them,54,Satisfied
SAI,2019-11-29,Bareilly,HDFC Bank,5.0,"""Good Service""",I have been maintain a salary account with HDFC bank for past 2 years. It is not a zero balance account need to maintain a minimum balance of 10K. Whenever I do a transaction I get alert message on time from bank end. Their service is good and prompt.,https://static.bankbazaar.com/images/common/bank-logo/hdfc.png,Blown Away!,1,i have been maintain a salary account with hdfc bank for past 2 years it is not a zero balance account need to maintain a minimum balance of 10k whenever i do a transaction i get alert message on time from bank end their service is good and prompt,49,Satisfied
RU,2019-11-29,Tirupur,Unknown,5.0,"""Need to imrpove customer  servcie""",Though INDIAN BANK is a nationalized. If I visit branch to withdraw some money there will be no proper guidance to proceed for further and always be crowded. I am holding a salary account for past 15 years. But need to maintain a minimum balance approximately of 1-5k. In case if I have not use this account for 6 months charges will applicable for that. ATM and branches are far away to reach. Net banking and mobile app is user friendly.,https://static.bankbazaar.com/images/common/bank-logo/ALL_BANKS.png,Blown Away!,0,though indian bank is a nationalized if i visit branch to withdraw some money there will be no proper guidance to proceed for further and always be crowded i am holding a salary account for past 15 years but need to maintain a minimum balance approximately of 15k in case if i have not use this account for 6 months charges will applicable for that atm and branches are far away to reach net banking and mobile app is user friendly,81,Satisfied
EN,2019-11-29,Tirupur,SBI,3.0,"""Good Service""","I am holding saving account with SBI for more than 5 years. Need to maintain a minimum balance of 10K. Before there was chargeable applicable if do transaction with other bank of up to 20 rupees. If I have any query I use to visit branch directly . One time I received a fraud call to renew the ATM card, they intimated that  I will be getting OTP number and need to share it, when I checked my card till 2 years are avail to expire. So I have not spoken further and call disconnected. Contacted to banker, they told dont share OTP number.",https://static.bankbazaar.com/images/common/bank-logo/sbi-4.png,Satisfactory,0,i am holding saving account with sbi for more than 5 years need to maintain a minimum balance of 10k before there was chargeable applicable if do transaction with other bank of up to 20 rupees if i have any query i use to visit branch directly one time i received a fraud call to renew the atm card they intimated that i will be getting otp number and need to share it when i checked my card till 2 years are avail to expire so i have not spoken further and call disconnected contacted to banker they told dont share otp number,103,Average
NARAYANA,2019-11-29,Bangalore,HDFC Bank,4.0,"""Best savings account""",I am using savings account  HDFC bank since 14 years. . I have selected this bank  its because of the good service and i can find the ATM anywhere. I need not to maitain a minimum balance. I am using  Internet banking facility. They are not taking any kind of additional charges. The branch experience is fine.,https://static.bankbazaar.com/images/common/bank-logo/hdfc.png,Great!,1,i am using savings account hdfc bank since 14 years i have selected this bank its because of the good service and i can find the atm anywhere i need not to maitain a minimum balance i am using internet banking facility they are not taking any kind of additional charges the branch experience is fine,56,Satisfied
HUSAIN,2019-11-29,Bellary,Punjab National Bank,4.5,"""Good savings account""","I have an account with an PNB BANK for the past 4 to 5 years. Its very good and user friendly bank. Customer support and responsiveness  is good. I can withdrawn cash per day Rs. 50,000. I am getting quick response. Any financial assistance has been rendered by the bank.",https://static.bankbazaar.com/images/common/bank-logo/punjab-national-bank.png,Excellent!,0,i have an account with an pnb bank for the past 4 to 5 years its very good and user friendly bank customer support and responsiveness is good i can withdrawn cash per day rs 50000 i am getting quick response any financial assistance has been rendered by the bank,50,Satisfied
KUMAR,2019-11-29,Coimbatore,HDFC Bank,4.0,"""Best savings account""",My savings account is in HDFC bank. Since 8 years I am using this account. Customer service was good. The rate of interest is very less for the loans and there is no hidden charges more over its a friendly bank according to my experience. I am using this online service which is very good.no card charges and also this is a DOMESTIC debit card.,https://static.bankbazaar.com/images/common/bank-logo/hdfc.png,Great!,1,my savings account is in hdfc bank since 8 years i am using this account customer service was good the rate of interest is very less for the loans and there is no hidden charges more over its a friendly bank according to my experience i am using this online service which is very goodno card charges and also this is a domestic debit card,65,Satisfied
PRAVEEN,2019-11-28,Ajmer,Unknown,5.0,"""Best service """,I am using Bank Of Baroda Saving account for the past 3 to 4 years only.I am using net banking as well as mobile banking service both are very useful.I am using this service for money transfer only.Customer service is also good and there was no difficulties faced so far on using this bank account .,https://static.bankbazaar.com/images/common/bank-logo/ALL_BANKS.png,Blown Away!,0,i am using bank of baroda saving account for the past 3 to 4 years onlyi am using net banking as well as mobile banking service both are very usefuli am using this service for money transfer onlycustomer service is also good and there was no difficulties faced so far on using this bank account,55,Satisfied
VIJESH,2019-11-28,Jhunjhunu,HDFC Bank,4.0,"""Good Service""",I have HDFC Bank salary account for the past 2 years. I am using net banking service as well as mobile banking service. Mobile banking service is not up to the mark and net banking is used for money transfer only. I am satisfied with the banking service .,https://static.bankbazaar.com/images/common/bank-logo/hdfc.png,Great!,0,i have hdfc bank salary account for the past 2 years i am using net banking service as well as mobile banking service mobile banking service is not up to the mark and net banking is used for money transfer only i am satisfied with the banking service,48,Satisfied
GURU,2019-11-28,Coimbatore,Axis Bank,4.0,"""Good""",I am holding  a salary account  with AXIS bank for more than 3 years. There is some hidden charges and need to pay of 230 rupees on monthly basis.  I am using mobile app and net banking both are user friendly to access. ATMs and branches are near to reach them. If I do transaction more than 3 times in a month ATM charges are applicable of 30 rupees. It is a zero balance account.,https://static.bankbazaar.com/images/common/bank-logo/axis.png,Great!,0,i am holding a salary account with axis bank for more than 3 years there is some hidden charges and need to pay of 230 rupees on monthly basis i am using mobile app and net banking both are user friendly to access atms and branches are near to reach them if i do transaction more than 3 times in a month atm charges are applicable of 30 rupees it is a zero balance account,75,Satisfied
GELLA,2019-11-28,Rajahmundry,SBI,5.0,"""Best savings account""",I have been holding an account for a saving with SBI for more than 20 years. There is no hidden charges in this bank. It is a zero balance account. I am not using mobile app and net banking I am not getting an alert messages from bank whenever I do a transactions. ATMs and branches are near to reach them directly.,https://static.bankbazaar.com/images/common/bank-logo/sbi-4.png,Blown Away!,0,i have been holding an account for a saving with sbi for more than 20 years there is no hidden charges in this bank it is a zero balance account i am not using mobile app and net banking i am not getting an alert messages from bank whenever i do a transactions atms and branches are near to reach them directly,62,Satisfied
J V,2019-11-28,Tirupur,Unknown,1.0,"""Need to improve a lot""","I am holding a salary account from Vijaya bank for last 4 years. For my emergency purpose also, they have not provided me any personal loan. Every 3 months once, they will change their branch manager. Process is very slow. The service is not up to the mark. I have tried their net banking, user interface is slow.",https://static.bankbazaar.com/images/common/bank-logo/ALL_BANKS.png,Really Bad,0,i am holding a salary account from vijaya bank for last 4 years for my emergency purpose also they have not provided me any personal loan every 3 months once they will change their branch manager process is very slow the service is not up to the mark i have tried their net banking user interface is slow,58,Dissatisfied
VENGATESAN,2019-11-28,Tirupur,HDFC Bank,4.0,"""Good Account""","I'm maintaining a savings account in HDFC bank. Its because of the brand value, I have chosen this bank. I need to hold a balance of Rs. 5,000. Whenever i do the transaction, I'm receiving the notification immediately. They are not deducting any kind of hidden charges. I have visited their branch to open the account and they took 5 days to send the cheque book and debit card to my address.",https://static.bankbazaar.com/images/common/bank-logo/hdfc.png,Great!,0,im maintaining a savings account in hdfc bank its because of the brand value i have chosen this bank i need to hold a balance of rs 5000 whenever i do the transaction im receiving the notification immediately they are not deducting any kind of hidden charges i have visited their branch to open the account and they took 5 days to send the cheque book and debit card to my address,72,Satisfied
JO,2019-11-28,Kochi,HDFC Bank,4.0,"""Good""",I have been holding a savings account with HDFC bank for more than one year. In this account need to maintain a minimum balance of 3K but there is no any hidden charges are applicable. I am using mobile app and net banking both are user friendly. Each and every transaction is safe and secured.,https://static.bankbazaar.com/images/common/bank-logo/hdfc.png,Great!,0,i have been holding a savings account with hdfc bank for more than one year in this account need to maintain a minimum balance of 3k but there is no any hidden charges are applicable i am using mobile app and net banking both are user friendly each and every transaction is safe and secured,55,Satisfied
JOHN,2019-11-28,Kochi,SBI,4.0,"""Need to decrease hidden charges""",I am holding salary account with SBI for the past 6 years. There is some hidden charges are applicable and need to maintain a minimum balance of 2K. ATM and branches are near and their services are good.  I get alert messages on time whenever I do a transaction.,https://static.bankbazaar.com/images/common/bank-logo/sbi-4.png,Great!,0,i am holding salary account with sbi for the past 6 years there is some hidden charges are applicable and need to maintain a minimum balance of 2k atm and branches are near and their services are good i get alert messages on time whenever i do a transaction,49,Satisfied
VITHAL,2019-11-28,Pune,HDFC Bank,5.0,"""Good Service""",I have HDFC Bank salary account which I am holding for past 5 years. Mostly I utilize for net banking and  mobile banking service both are very user friendly. It is easy to access for money transfer and utility bill payment. I am comfortable with banking service .Customer service is also good and getting proper response if approach them for any assistance.,https://static.bankbazaar.com/images/common/bank-logo/hdfc.png,Blown Away!,0,i have hdfc bank salary account which i am holding for past 5 years mostly i utilize for net banking and mobile banking service both are very user friendly it is easy to access for money transfer and utility bill payment i am comfortable with banking service customer service is also good and getting proper response if approach them for any assistance,62,Satisfied
YASAR,2019-11-27,Chennai,Unknown,5.0,"""Good savings account""",I have been holding an account for a saving with Indian Bank for more than 10 years. There is no hidden charges in this bank. It is a zero balance account. I am using mobile application and net banking both are user friendly to access. I am not getting an alert messages from bank whenever I do a transactions. ATMs and branches are near to reach them directly.,https://static.bankbazaar.com/images/common/bank-logo/ALL_BANKS.png,Blown Away!,2,i have been holding an account for a saving with indian bank for more than 10 years there is no hidden charges in this bank it is a zero balance account i am using mobile application and net banking both are user friendly to access i am not getting an alert messages from bank whenever i do a transactions atms and branches are near to reach them directly,68,Satisfied
VEENA,2019-11-27,Bangalore,HDFC Bank,5.0,"""Best  Service""","I am holding HDFC Bank salary account for past 6 years.  I am using net banking service as well as mobile banking service both are  used for shopping ,recharge and for money transfer. The service is very user friendly .customer care is also good and there was no difficulties faced by using this account.",https://static.bankbazaar.com/images/common/bank-logo/hdfc.png,Blown Away!,0,i am holding hdfc bank salary account for past 6 years i am using net banking service as well as mobile banking service both are used for shopping recharge and for money transfer the service is very user friendly customer care is also good and there was no difficulties faced by using this account,54,Satisfied
S,2019-11-27,Coimbatore,HDFC Bank,5.0,"""Excellent service""",I have a saving account with HDFC bank for past 2.5 years. Net banking is user friendly. I can view all the current offers on my profile. I can say this is the best bank. I am happy with the response from customer support. I am also using the debit card.,https://static.bankbazaar.com/images/common/bank-logo/hdfc.png,Blown Away!,0,i have a saving account with hdfc bank for past 25 years net banking is user friendly i can view all the current offers on my profile i can say this is the best bank i am happy with the response from customer support i am also using the debit card,51,Satisfied
GOVARDHAN,2019-11-27,Hyderabad,Axis Bank,5.0,"""Best bank""","I am using AXIS bank saving account since 2015. This is a visa debit card. This is a international debit card they given a cash limit of Rs. 40,000 and Rs. 1,00,000 for shopping. If i withdrawn cash from other bank more than  3 transaction charges will come Rs. 20 within axis no charges. Customer service was good.",https://static.bankbazaar.com/images/common/bank-logo/axis.png,Blown Away!,0,i am using axis bank saving account since 2015 this is a visa debit card this is a international debit card they given a cash limit of rs 40000 and rs 100000 for shopping if i withdrawn cash from other bank more than 3 transaction charges will come rs 20 within axis no charges customer service was good,58,Satisfied
GOVARDHAN  YALANATI,2019-11-27,Hyderabad,IDBI,4.5,"""Best savings account""",I have been holding an account for a saving with IDBI bank since 2012 till now there was no issues. There is no hidden charges in this bank. It is a zero balance account. I am using mobile application  and net banking both are user friendly to access. The rate of interest is very low for the loans and there is no hidden charges.,https://static.bankbazaar.com/images/common/bank-logo/idbi.png,Excellent!,2,i have been holding an account for a saving with idbi bank since 2012 till now there was no issues there is no hidden charges in this bank it is a zero balance account i am using mobile application and net banking both are user friendly to access the rate of interest is very low for the loans and there is no hidden charges,64,Satisfied
RAJU,2019-11-27,Hyderabad,Kotak,4.0,"""Best  Service""",I have Kotak Mahindra Bank  saving account which i am using  for the past 1.5years .I am using mobile banking service which is very user friendly and it is used for credit card bill payment and for recharge .Each and every transaction will be receiving notification through message .,https://static.bankbazaar.com/images/common/bank-logo/kotak.png,Great!,0,i have kotak mahindra bank saving account which i am using for the past 15years i am using mobile banking service which is very user friendly and it is used for credit card bill payment and for recharge each and every transaction will be receiving notification through message,48,Satisfied
PRAKASH,2019-11-27,Coimbatore,Unknown,5.0,"""Good account""","I have opened my savings account in South India Bank before 7 years ago. My experience is very good and I like the customer support and responsiveness was very good. Other things are also quite nominal. I can withdrawn cash per day only RS. 50,000.",https://static.bankbazaar.com/images/common/bank-logo/ALL_BANKS.png,Blown Away!,0,i have opened my savings account in south india bank before 7 years ago my experience is very good and i like the customer support and responsiveness was very good other things are also quite nominal i can withdrawn cash per day only rs 50000,45,Satisfied
PRAKASH,2019-11-27,Coimbatore,HDFC Bank,5.0,"""Good saving account""","I have an account with an HDFC BANK for the past 1 year. Its very good and user friendly bank. Customer support and responsiveness  is very good. I can withdrawn cash per day Rs. 1,00,000. I am getting quick response. Any financial assistance has been rendered by the bank.",https://static.bankbazaar.com/images/common/bank-logo/hdfc.png,Blown Away!,0,i have an account with an hdfc bank for the past 1 year its very good and user friendly bank customer support and responsiveness is very good i can withdrawn cash per day rs 100000 i am getting quick response any financial assistance has been rendered by the bank,49,Satisfied
ANONYMS,2019-11-26,Bangalore,SBI,4.0,"""Process has to be fast""","If any account to be activated in SBI, they are taking around 4 to 6 years. I have been holding the salary account last 17 years. Its a zero balance maintenance account. Their mobile app and online banking facility is awesome. When i went for the pre- closure of the loan, they have done within 2 minutes.",https://static.bankbazaar.com/images/common/bank-logo/sbi-4.png,Great!,0,if any account to be activated in sbi they are taking around 4 to 6 years i have been holding the salary account last 17 years its a zero balance maintenance account their mobile app and online banking facility is awesome when i went for the pre closure of the loan they have done within 2 minutes,57,Satisfied
M,2019-11-26,Bangalore,Punjab National Bank,4.0,"""Good """,I am holding a savings account with PUNJAB NATIONAL BANK for more than 8 years. There is no hidden charges in this bank. It is a  minimum balance account to maintain of 1000 rupees. I use to get an alert messages from bank and no ATM charges are available whenever I do transaction.,https://static.bankbazaar.com/images/common/bank-logo/punjab-national-bank.png,Great!,0,i am holding a savings account with punjab national bank for more than 8 years there is no hidden charges in this bank it is a minimum balance account to maintain of 1000 rupees i use to get an alert messages from bank and no atm charges are available whenever i do transaction,53,Satisfied
,2019-11-26,Bangalore,Unknown,3.0,"""Good""","For the past 6 months I am holding a salary account with RBL BANK. While I am doing transactions some time I faced as unsuccessful, but the amount will be refund on immediate basis to my account which I felt happy.  There is no any charges are avail in this account. ATM and branch services are good.",https://static.bankbazaar.com/images/common/bank-logo/ALL_BANKS.png,Satisfactory,0,for the past 6 months i am holding a salary account with rbl bank while i am doing transactions some time i faced as unsuccessful but the amount will be refund on immediate basis to my account which i felt happy there is no any charges are avail in this account atm and branch services are good,57,Average
ANONYMS,2019-11-26,Ernakulam,Unknown,4.0,"""They need to update the mobile app""",I will not recommend this Indian overseas bank because for banking transactions i have to visit their branch directly and they do not have any perfect mobile app. The app is very slow and the available options are very less. There is no NEFT transaction facility but they are not deducting any kind of hidden charges.,https://static.bankbazaar.com/images/common/bank-logo/ALL_BANKS.png,Great!,0,i will not recommend this indian overseas bank because for banking transactions i have to visit their branch directly and they do not have any perfect mobile app the app is very slow and the available options are very less there is no neft transaction facility but they are not deducting any kind of hidden charges,56,Satisfied
ANONYMS,2019-11-26,Ernakulam,Unknown,3.5,"""I can recommend this everyone""",They do not have any cash deposit machine in Karnataka bank. There is no hidden charges deducted till now. I have not experienced of their app. The accessibility of their ATM also very less. There is less mandatory minimum balance of Rs. 200 which is affordable for everyone hence I have opened the savings account with this bank.,https://static.bankbazaar.com/images/common/bank-logo/ALL_BANKS.png,Pretty good,1,they do not have any cash deposit machine in karnataka bank there is no hidden charges deducted till now i have not experienced of their app the accessibility of their atm also very less there is less mandatory minimum balance of rs 200 which is affordable for everyone hence i have opened the savings account with this bank,58,Dissatisfied
A L,2019-11-26,Ernakulam,Unknown,3.5,"""Good network of ATM""","I am holding a saving account with FEDERAL bank, they are charging Rs. 11 for every transaction in mobile banking. I am using this bank account for more than 3.5 years.  ATM facility is available at everywhere and their cash deposit machine is available for 24 hours. We have to maintain minimum balance of Rs. 1000.  If not they are deducting some charges.",https://static.bankbazaar.com/images/common/bank-logo/ALL_BANKS.png,Pretty good,3,i am holding a saving account with federal bank they are charging rs 11 for every transaction in mobile banking i am using this bank account for more than 35 years atm facility is available at everywhere and their cash deposit machine is available for 24 hours we have to maintain minimum balance of rs 1000 if not they are deducting some charges,63,Dissatisfied
A L,2019-11-26,Ernakulam,Axis Bank,4.0,"""Mobile app is good""",There is no mandatory balance to keep in my Axis bank but the interest rate is little bit higher. Its been 3.5 years since i hold a salary account with them. The bank transactions are smooth and they are charging Rs. 6 for every IMPS transaction. I am not tried their online banking. In Mobile app there are many option available. We can opened the fixed deposit from their app itself.,https://static.bankbazaar.com/images/common/bank-logo/axis.png,Great!,0,there is no mandatory balance to keep in my axis bank but the interest rate is little bit higher its been 35 years since i hold a salary account with them the bank transactions are smooth and they are charging rs 6 for every imps transaction i am not tried their online banking in mobile app there are many option available we can opened the fixed deposit from their app itself,71,Satisfied
ANONYMS,2019-11-26,Bangalore,Axis Bank,4.0,"""Unhappy with the charges""","In Axis bank, every month they are charging me around Rs. 100 consolidated charges. When i enquired with them, for the withdrawal from the other ATM, they are charging some amount. In a month, 5 times only i can allow to withdraw the money from other bank ATM. I don't have to maintain any annual fee charges.",https://static.bankbazaar.com/images/common/bank-logo/axis.png,Great!,0,in axis bank every month they are charging me around rs 100 consolidated charges when i enquired with them for the withdrawal from the other atm they are charging some amount in a month 5 times only i can allow to withdraw the money from other bank atm i dont have to maintain any annual fee charges,57,Satisfied
SAJJANOJU,2019-11-26,Hyderabad,Axis Bank,5.0,"""Good Bank""",I have a salary account with AXIS bank and I hold this account for last 2.5 years. There is no minimum balance required. I didn't use their Internet banking facility and I use mobile app which is convenient to use. I'm not sure about the additional charges deducted by this bank.,https://static.bankbazaar.com/images/common/bank-logo/axis.png,Blown Away!,0,i have a salary account with axis bank and i hold this account for last 25 years there is no minimum balance required i didnt use their internet banking facility and i use mobile app which is convenient to use im not sure about the additional charges deducted by this bank,51,Satisfied
ANONYMS,2019-11-26,Kolkata,Unknown,4.0,"""Need to improve the service """,Opened the savings account with Union bank of India.  I have been using this account for past 10 years. I have chosen this bank without any specific reason. They are not deducting any hidden charges. I have not experienced of their mobile app and net banking facility. I need to hold the balance of Rs. 1000.,https://static.bankbazaar.com/images/common/bank-logo/ALL_BANKS.png,Great!,0,opened the savings account with union bank of india i have been using this account for past 10 years i have chosen this bank without any specific reason they are not deducting any hidden charges i have not experienced of their mobile app and net banking facility i need to hold the balance of rs 1000,56,Satisfied
